"","calBP","PrDens"
"1",25000,0
"2",24999,0
"3",24998,0
"4",24997,0
"5",24996,0
"6",24995,0
"7",24994,0
"8",24993,0
"9",24992,0
"10",24991,0
"11",24990,0
"12",24989,0
"13",24988,0
"14",24987,0
"15",24986,0
"16",24985,0
"17",24984,0
"18",24983,0
"19",24982,0
"20",24981,0
"21",24980,0
"22",24979,0
"23",24978,0
"24",24977,0
"25",24976,0
"26",24975,0
"27",24974,0
"28",24973,0
"29",24972,0
"30",24971,0
"31",24970,0
"32",24969,0
"33",24968,0
"34",24967,0
"35",24966,0
"36",24965,0
"37",24964,0
"38",24963,0
"39",24962,0
"40",24961,0
"41",24960,0
"42",24959,0
"43",24958,0
"44",24957,0
"45",24956,0
"46",24955,0
"47",24954,0
"48",24953,0
"49",24952,0
"50",24951,0
"51",24950,0
"52",24949,0
"53",24948,0
"54",24947,0
"55",24946,0
"56",24945,0
"57",24944,0
"58",24943,0
"59",24942,0
"60",24941,0
"61",24940,0
"62",24939,0
"63",24938,0
"64",24937,0
"65",24936,0
"66",24935,0
"67",24934,0
"68",24933,0
"69",24932,0
"70",24931,0
"71",24930,0
"72",24929,0
"73",24928,0
"74",24927,0
"75",24926,0
"76",24925,0
"77",24924,0
"78",24923,0
"79",24922,0
"80",24921,0
"81",24920,0
"82",24919,0
"83",24918,0
"84",24917,0
"85",24916,0
"86",24915,0
"87",24914,0
"88",24913,0
"89",24912,0
"90",24911,0
"91",24910,0
"92",24909,0
"93",24908,0
"94",24907,0
"95",24906,0
"96",24905,0
"97",24904,0
"98",24903,0
"99",24902,0
"100",24901,0
"101",24900,0
"102",24899,0
"103",24898,0
"104",24897,0
"105",24896,0
"106",24895,0
"107",24894,0
"108",24893,0
"109",24892,0
"110",24891,0
"111",24890,0
"112",24889,0
"113",24888,0
"114",24887,0
"115",24886,0
"116",24885,0
"117",24884,0
"118",24883,0
"119",24882,0
"120",24881,0
"121",24880,0
"122",24879,0
"123",24878,0
"124",24877,0
"125",24876,0
"126",24875,0
"127",24874,0
"128",24873,0
"129",24872,0
"130",24871,0
"131",24870,0
"132",24869,0
"133",24868,0
"134",24867,0
"135",24866,0
"136",24865,0
"137",24864,0
"138",24863,0
"139",24862,0
"140",24861,0
"141",24860,0
"142",24859,0
"143",24858,0
"144",24857,0
"145",24856,0
"146",24855,0
"147",24854,0
"148",24853,0
"149",24852,0
"150",24851,0
"151",24850,0
"152",24849,0
"153",24848,0
"154",24847,0
"155",24846,0
"156",24845,0
"157",24844,0
"158",24843,0
"159",24842,0
"160",24841,0
"161",24840,0
"162",24839,0
"163",24838,0
"164",24837,0
"165",24836,0
"166",24835,0
"167",24834,0
"168",24833,0
"169",24832,0
"170",24831,0
"171",24830,0
"172",24829,0
"173",24828,0
"174",24827,0
"175",24826,0
"176",24825,0
"177",24824,0
"178",24823,0
"179",24822,0
"180",24821,0
"181",24820,0
"182",24819,0
"183",24818,0
"184",24817,0
"185",24816,0
"186",24815,0
"187",24814,0
"188",24813,0
"189",24812,0
"190",24811,0
"191",24810,0
"192",24809,0
"193",24808,0
"194",24807,0
"195",24806,0
"196",24805,0
"197",24804,0
"198",24803,0
"199",24802,0
"200",24801,0
"201",24800,0
"202",24799,0
"203",24798,0
"204",24797,0
"205",24796,0
"206",24795,0
"207",24794,0
"208",24793,0
"209",24792,0
"210",24791,0
"211",24790,0
"212",24789,0
"213",24788,0
"214",24787,0
"215",24786,0
"216",24785,0
"217",24784,0
"218",24783,0
"219",24782,0
"220",24781,0
"221",24780,0
"222",24779,0
"223",24778,0
"224",24777,0
"225",24776,0
"226",24775,0
"227",24774,0
"228",24773,0
"229",24772,0
"230",24771,0
"231",24770,0
"232",24769,0
"233",24768,0
"234",24767,0
"235",24766,0
"236",24765,0
"237",24764,0
"238",24763,0
"239",24762,0
"240",24761,0
"241",24760,0
"242",24759,0
"243",24758,0
"244",24757,0
"245",24756,0
"246",24755,0
"247",24754,0
"248",24753,0
"249",24752,0
"250",24751,0
"251",24750,0
"252",24749,0
"253",24748,0
"254",24747,0
"255",24746,0
"256",24745,0
"257",24744,0
"258",24743,0
"259",24742,0
"260",24741,0
"261",24740,0
"262",24739,0
"263",24738,0
"264",24737,0
"265",24736,0
"266",24735,0
"267",24734,0
"268",24733,0
"269",24732,0
"270",24731,0
"271",24730,0
"272",24729,0
"273",24728,0
"274",24727,0
"275",24726,0
"276",24725,0
"277",24724,0
"278",24723,0
"279",24722,0
"280",24721,0
"281",24720,0
"282",24719,0
"283",24718,0
"284",24717,0
"285",24716,0
"286",24715,0
"287",24714,0
"288",24713,0
"289",24712,0
"290",24711,0
"291",24710,0
"292",24709,0
"293",24708,0
"294",24707,0
"295",24706,0
"296",24705,0
"297",24704,0
"298",24703,0
"299",24702,0
"300",24701,0
"301",24700,0
"302",24699,0
"303",24698,0
"304",24697,0
"305",24696,0
"306",24695,0
"307",24694,0
"308",24693,0
"309",24692,0
"310",24691,0
"311",24690,0
"312",24689,0
"313",24688,0
"314",24687,0
"315",24686,0
"316",24685,0
"317",24684,0
"318",24683,0
"319",24682,0
"320",24681,0
"321",24680,0
"322",24679,0
"323",24678,0
"324",24677,0
"325",24676,0
"326",24675,0
"327",24674,0
"328",24673,0
"329",24672,0
"330",24671,0
"331",24670,0
"332",24669,0
"333",24668,0
"334",24667,0
"335",24666,0
"336",24665,0
"337",24664,0
"338",24663,0
"339",24662,0
"340",24661,0
"341",24660,0
"342",24659,0
"343",24658,0
"344",24657,0
"345",24656,0
"346",24655,0
"347",24654,0
"348",24653,0
"349",24652,0
"350",24651,0
"351",24650,0
"352",24649,0
"353",24648,0
"354",24647,0
"355",24646,0
"356",24645,0
"357",24644,0
"358",24643,0
"359",24642,0
"360",24641,0
"361",24640,0
"362",24639,0
"363",24638,0
"364",24637,0
"365",24636,0
"366",24635,0
"367",24634,0
"368",24633,0
"369",24632,0
"370",24631,0
"371",24630,0
"372",24629,0
"373",24628,0
"374",24627,0
"375",24626,0
"376",24625,0
"377",24624,0
"378",24623,0
"379",24622,0
"380",24621,0
"381",24620,0
"382",24619,0
"383",24618,0
"384",24617,0
"385",24616,0
"386",24615,0
"387",24614,0
"388",24613,0
"389",24612,0
"390",24611,0
"391",24610,0
"392",24609,0
"393",24608,0
"394",24607,0
"395",24606,0
"396",24605,0
"397",24604,0
"398",24603,0
"399",24602,0
"400",24601,0
"401",24600,0
"402",24599,0
"403",24598,0
"404",24597,0
"405",24596,0
"406",24595,0
"407",24594,0
"408",24593,0
"409",24592,0
"410",24591,0
"411",24590,0
"412",24589,0
"413",24588,0
"414",24587,0
"415",24586,0
"416",24585,0
"417",24584,0
"418",24583,0
"419",24582,0
"420",24581,0
"421",24580,0
"422",24579,0
"423",24578,0
"424",24577,0
"425",24576,0
"426",24575,0
"427",24574,0
"428",24573,0
"429",24572,0
"430",24571,0
"431",24570,0
"432",24569,0
"433",24568,0
"434",24567,0
"435",24566,0
"436",24565,0
"437",24564,0
"438",24563,0
"439",24562,0
"440",24561,0
"441",24560,0
"442",24559,0
"443",24558,0
"444",24557,0
"445",24556,0
"446",24555,0
"447",24554,0
"448",24553,0
"449",24552,0
"450",24551,0
"451",24550,0
"452",24549,0
"453",24548,0
"454",24547,0
"455",24546,0
"456",24545,0
"457",24544,0
"458",24543,0
"459",24542,0
"460",24541,0
"461",24540,0
"462",24539,0
"463",24538,0
"464",24537,0
"465",24536,0
"466",24535,0
"467",24534,0
"468",24533,0
"469",24532,0
"470",24531,0
"471",24530,0
"472",24529,0
"473",24528,0
"474",24527,0
"475",24526,0
"476",24525,0
"477",24524,0
"478",24523,0
"479",24522,0
"480",24521,0
"481",24520,0
"482",24519,0
"483",24518,0
"484",24517,0
"485",24516,0
"486",24515,0
"487",24514,0
"488",24513,0
"489",24512,0
"490",24511,0
"491",24510,0
"492",24509,0
"493",24508,0
"494",24507,0
"495",24506,0
"496",24505,0
"497",24504,0
"498",24503,0
"499",24502,0
"500",24501,0
"501",24500,0
"502",24499,0
"503",24498,0
"504",24497,0
"505",24496,0
"506",24495,0
"507",24494,0
"508",24493,0
"509",24492,0
"510",24491,0
"511",24490,0
"512",24489,0
"513",24488,0
"514",24487,0
"515",24486,0
"516",24485,0
"517",24484,0
"518",24483,0
"519",24482,0
"520",24481,0
"521",24480,0
"522",24479,0
"523",24478,0
"524",24477,0
"525",24476,0
"526",24475,0
"527",24474,0
"528",24473,0
"529",24472,0
"530",24471,0
"531",24470,0
"532",24469,0
"533",24468,0
"534",24467,0
"535",24466,0
"536",24465,0
"537",24464,0
"538",24463,0
"539",24462,0
"540",24461,0
"541",24460,0
"542",24459,0
"543",24458,0
"544",24457,0
"545",24456,0
"546",24455,0
"547",24454,0
"548",24453,0
"549",24452,0
"550",24451,0
"551",24450,0
"552",24449,0
"553",24448,0
"554",24447,0
"555",24446,0
"556",24445,0
"557",24444,0
"558",24443,0
"559",24442,0
"560",24441,0
"561",24440,0
"562",24439,0
"563",24438,0
"564",24437,0
"565",24436,0
"566",24435,0
"567",24434,0
"568",24433,0
"569",24432,0
"570",24431,0
"571",24430,0
"572",24429,0
"573",24428,0
"574",24427,0
"575",24426,0
"576",24425,0
"577",24424,0
"578",24423,0
"579",24422,0
"580",24421,0
"581",24420,0
"582",24419,0
"583",24418,0
"584",24417,0
"585",24416,0
"586",24415,0
"587",24414,0
"588",24413,0
"589",24412,0
"590",24411,0
"591",24410,0
"592",24409,0
"593",24408,0
"594",24407,0
"595",24406,0
"596",24405,0
"597",24404,0
"598",24403,0
"599",24402,0
"600",24401,0
"601",24400,0
"602",24399,0
"603",24398,0
"604",24397,0
"605",24396,0
"606",24395,0
"607",24394,0
"608",24393,0
"609",24392,0
"610",24391,0
"611",24390,0
"612",24389,0
"613",24388,0
"614",24387,0
"615",24386,0
"616",24385,0
"617",24384,0
"618",24383,0
"619",24382,0
"620",24381,0
"621",24380,0
"622",24379,0
"623",24378,0
"624",24377,0
"625",24376,0
"626",24375,0
"627",24374,0
"628",24373,0
"629",24372,0
"630",24371,0
"631",24370,0
"632",24369,0
"633",24368,0
"634",24367,0
"635",24366,0
"636",24365,0
"637",24364,0
"638",24363,0
"639",24362,0
"640",24361,0
"641",24360,0
"642",24359,0
"643",24358,0
"644",24357,0
"645",24356,0
"646",24355,0
"647",24354,0
"648",24353,0
"649",24352,0
"650",24351,0
"651",24350,0
"652",24349,0
"653",24348,0
"654",24347,0
"655",24346,0
"656",24345,0
"657",24344,0
"658",24343,0
"659",24342,0
"660",24341,0
"661",24340,0
"662",24339,0
"663",24338,0
"664",24337,0
"665",24336,0
"666",24335,0
"667",24334,0
"668",24333,0
"669",24332,0
"670",24331,0
"671",24330,0
"672",24329,0
"673",24328,0
"674",24327,0
"675",24326,0
"676",24325,0
"677",24324,0
"678",24323,0
"679",24322,0
"680",24321,0
"681",24320,0
"682",24319,0
"683",24318,0
"684",24317,0
"685",24316,0
"686",24315,0
"687",24314,0
"688",24313,0
"689",24312,0
"690",24311,0
"691",24310,0
"692",24309,0
"693",24308,0
"694",24307,0
"695",24306,0
"696",24305,0
"697",24304,0
"698",24303,0
"699",24302,0
"700",24301,0
"701",24300,0
"702",24299,0
"703",24298,0
"704",24297,0
"705",24296,0
"706",24295,0
"707",24294,0
"708",24293,0
"709",24292,0
"710",24291,0
"711",24290,0
"712",24289,0
"713",24288,0
"714",24287,0
"715",24286,0
"716",24285,0
"717",24284,0
"718",24283,0
"719",24282,0
"720",24281,0
"721",24280,0
"722",24279,0
"723",24278,0
"724",24277,0
"725",24276,0
"726",24275,0
"727",24274,0
"728",24273,0
"729",24272,0
"730",24271,0
"731",24270,0
"732",24269,0
"733",24268,0
"734",24267,0
"735",24266,0
"736",24265,0
"737",24264,0
"738",24263,0
"739",24262,0
"740",24261,0
"741",24260,0
"742",24259,0
"743",24258,0
"744",24257,0
"745",24256,0
"746",24255,0
"747",24254,0
"748",24253,0
"749",24252,0
"750",24251,0
"751",24250,0
"752",24249,0
"753",24248,0
"754",24247,0
"755",24246,0
"756",24245,0
"757",24244,0
"758",24243,0
"759",24242,0
"760",24241,0
"761",24240,0
"762",24239,0
"763",24238,0
"764",24237,0
"765",24236,0
"766",24235,0
"767",24234,0
"768",24233,0
"769",24232,0
"770",24231,0
"771",24230,0
"772",24229,0
"773",24228,0
"774",24227,0
"775",24226,0
"776",24225,0
"777",24224,0
"778",24223,0
"779",24222,0
"780",24221,0
"781",24220,0
"782",24219,0
"783",24218,0
"784",24217,0
"785",24216,0
"786",24215,0
"787",24214,0
"788",24213,0
"789",24212,0
"790",24211,0
"791",24210,0
"792",24209,0
"793",24208,0
"794",24207,0
"795",24206,0
"796",24205,0
"797",24204,0
"798",24203,0
"799",24202,0
"800",24201,0
"801",24200,0
"802",24199,0
"803",24198,0
"804",24197,0
"805",24196,0
"806",24195,0
"807",24194,0
"808",24193,0
"809",24192,0
"810",24191,0
"811",24190,0
"812",24189,0
"813",24188,0
"814",24187,0
"815",24186,0
"816",24185,0
"817",24184,0
"818",24183,0
"819",24182,0
"820",24181,0
"821",24180,0
"822",24179,0
"823",24178,0
"824",24177,0
"825",24176,0
"826",24175,0
"827",24174,0
"828",24173,0
"829",24172,0
"830",24171,0
"831",24170,0
"832",24169,0
"833",24168,0
"834",24167,0
"835",24166,0
"836",24165,0
"837",24164,0
"838",24163,0
"839",24162,0
"840",24161,0
"841",24160,0
"842",24159,0
"843",24158,0
"844",24157,0
"845",24156,0
"846",24155,0
"847",24154,0
"848",24153,0
"849",24152,0
"850",24151,0
"851",24150,0
"852",24149,0
"853",24148,0
"854",24147,0
"855",24146,0
"856",24145,0
"857",24144,0
"858",24143,0
"859",24142,0
"860",24141,0
"861",24140,0
"862",24139,0
"863",24138,0
"864",24137,0
"865",24136,0
"866",24135,0
"867",24134,0
"868",24133,0
"869",24132,0
"870",24131,0
"871",24130,0
"872",24129,0
"873",24128,0
"874",24127,0
"875",24126,0
"876",24125,0
"877",24124,0
"878",24123,0
"879",24122,0
"880",24121,0
"881",24120,0
"882",24119,0
"883",24118,0
"884",24117,0
"885",24116,0
"886",24115,0
"887",24114,0
"888",24113,0
"889",24112,0
"890",24111,0
"891",24110,0
"892",24109,0
"893",24108,0
"894",24107,0
"895",24106,0
"896",24105,0
"897",24104,0
"898",24103,0
"899",24102,0
"900",24101,0
"901",24100,0
"902",24099,0
"903",24098,0
"904",24097,0
"905",24096,0
"906",24095,0
"907",24094,0
"908",24093,0
"909",24092,0
"910",24091,0
"911",24090,0
"912",24089,0
"913",24088,0
"914",24087,0
"915",24086,0
"916",24085,0
"917",24084,0
"918",24083,0
"919",24082,0
"920",24081,0
"921",24080,0
"922",24079,0
"923",24078,0
"924",24077,0
"925",24076,0
"926",24075,0
"927",24074,0
"928",24073,0
"929",24072,0
"930",24071,0
"931",24070,0
"932",24069,0
"933",24068,0
"934",24067,0
"935",24066,0
"936",24065,0
"937",24064,0
"938",24063,0
"939",24062,0
"940",24061,0
"941",24060,0
"942",24059,0
"943",24058,0
"944",24057,0
"945",24056,0
"946",24055,0
"947",24054,0
"948",24053,0
"949",24052,0
"950",24051,0
"951",24050,0
"952",24049,0
"953",24048,0
"954",24047,0
"955",24046,0
"956",24045,0
"957",24044,0
"958",24043,0
"959",24042,0
"960",24041,0
"961",24040,0
"962",24039,0
"963",24038,0
"964",24037,0
"965",24036,0
"966",24035,0
"967",24034,0
"968",24033,0
"969",24032,0
"970",24031,0
"971",24030,0
"972",24029,0
"973",24028,0
"974",24027,0
"975",24026,0
"976",24025,0
"977",24024,0
"978",24023,0
"979",24022,0
"980",24021,0
"981",24020,0
"982",24019,0
"983",24018,0
"984",24017,0
"985",24016,0
"986",24015,0
"987",24014,0
"988",24013,0
"989",24012,0
"990",24011,0
"991",24010,0
"992",24009,0
"993",24008,0
"994",24007,0
"995",24006,0
"996",24005,0
"997",24004,0
"998",24003,0
"999",24002,0
"1000",24001,0
"1001",24000,0
"1002",23999,0
"1003",23998,0
"1004",23997,0
"1005",23996,0
"1006",23995,0
"1007",23994,0
"1008",23993,0
"1009",23992,0
"1010",23991,0
"1011",23990,0
"1012",23989,0
"1013",23988,0
"1014",23987,0
"1015",23986,0
"1016",23985,0
"1017",23984,0
"1018",23983,0
"1019",23982,0
"1020",23981,0
"1021",23980,0
"1022",23979,0
"1023",23978,0
"1024",23977,0
"1025",23976,0
"1026",23975,0
"1027",23974,0
"1028",23973,0
"1029",23972,0
"1030",23971,0
"1031",23970,0
"1032",23969,0
"1033",23968,0
"1034",23967,0
"1035",23966,0
"1036",23965,0
"1037",23964,0
"1038",23963,0
"1039",23962,0
"1040",23961,0
"1041",23960,0
"1042",23959,0
"1043",23958,0
"1044",23957,0
"1045",23956,0
"1046",23955,0
"1047",23954,0
"1048",23953,0
"1049",23952,0
"1050",23951,0
"1051",23950,0
"1052",23949,0
"1053",23948,0
"1054",23947,0
"1055",23946,0
"1056",23945,0
"1057",23944,0
"1058",23943,0
"1059",23942,0
"1060",23941,0
"1061",23940,0
"1062",23939,0
"1063",23938,0
"1064",23937,0
"1065",23936,0
"1066",23935,0
"1067",23934,0
"1068",23933,0
"1069",23932,0
"1070",23931,0
"1071",23930,0
"1072",23929,0
"1073",23928,0
"1074",23927,0
"1075",23926,0
"1076",23925,0
"1077",23924,0
"1078",23923,0
"1079",23922,0
"1080",23921,0
"1081",23920,0
"1082",23919,0
"1083",23918,0
"1084",23917,0
"1085",23916,0
"1086",23915,0
"1087",23914,0
"1088",23913,0
"1089",23912,0
"1090",23911,0
"1091",23910,0
"1092",23909,0
"1093",23908,0
"1094",23907,0
"1095",23906,0
"1096",23905,0
"1097",23904,0
"1098",23903,0
"1099",23902,0
"1100",23901,0
"1101",23900,0
"1102",23899,0
"1103",23898,0
"1104",23897,0
"1105",23896,0
"1106",23895,0
"1107",23894,0
"1108",23893,0
"1109",23892,0
"1110",23891,0
"1111",23890,0
"1112",23889,0
"1113",23888,0
"1114",23887,0
"1115",23886,0
"1116",23885,0
"1117",23884,0
"1118",23883,0
"1119",23882,0
"1120",23881,0
"1121",23880,0
"1122",23879,0
"1123",23878,0
"1124",23877,0
"1125",23876,0
"1126",23875,0
"1127",23874,0
"1128",23873,0
"1129",23872,0
"1130",23871,0
"1131",23870,0
"1132",23869,0
"1133",23868,0
"1134",23867,0
"1135",23866,0
"1136",23865,0
"1137",23864,0
"1138",23863,0
"1139",23862,0
"1140",23861,0
"1141",23860,0
"1142",23859,0
"1143",23858,0
"1144",23857,0
"1145",23856,0
"1146",23855,0
"1147",23854,0
"1148",23853,0
"1149",23852,0
"1150",23851,0
"1151",23850,0
"1152",23849,0
"1153",23848,0
"1154",23847,0
"1155",23846,0
"1156",23845,0
"1157",23844,0
"1158",23843,0
"1159",23842,0
"1160",23841,0
"1161",23840,0
"1162",23839,0
"1163",23838,0
"1164",23837,0
"1165",23836,0
"1166",23835,0
"1167",23834,0
"1168",23833,0
"1169",23832,0
"1170",23831,0
"1171",23830,0
"1172",23829,0
"1173",23828,0
"1174",23827,0
"1175",23826,0
"1176",23825,0
"1177",23824,0
"1178",23823,0
"1179",23822,0
"1180",23821,0
"1181",23820,0
"1182",23819,0
"1183",23818,0
"1184",23817,0
"1185",23816,0
"1186",23815,0
"1187",23814,0
"1188",23813,0
"1189",23812,0
"1190",23811,0
"1191",23810,0
"1192",23809,0
"1193",23808,0
"1194",23807,0
"1195",23806,0
"1196",23805,0
"1197",23804,0
"1198",23803,0
"1199",23802,0
"1200",23801,0
"1201",23800,0
"1202",23799,0
"1203",23798,0
"1204",23797,0
"1205",23796,0
"1206",23795,0
"1207",23794,0
"1208",23793,0
"1209",23792,0
"1210",23791,0
"1211",23790,0
"1212",23789,0
"1213",23788,0
"1214",23787,0
"1215",23786,0
"1216",23785,0
"1217",23784,0
"1218",23783,0
"1219",23782,0
"1220",23781,0
"1221",23780,0
"1222",23779,0
"1223",23778,0
"1224",23777,0
"1225",23776,0
"1226",23775,0
"1227",23774,0
"1228",23773,0
"1229",23772,0
"1230",23771,0
"1231",23770,0
"1232",23769,0
"1233",23768,0
"1234",23767,0
"1235",23766,0
"1236",23765,0
"1237",23764,0
"1238",23763,0
"1239",23762,0
"1240",23761,0
"1241",23760,0
"1242",23759,0
"1243",23758,0
"1244",23757,0
"1245",23756,0
"1246",23755,0
"1247",23754,0
"1248",23753,0
"1249",23752,0
"1250",23751,0
"1251",23750,0
"1252",23749,0
"1253",23748,0
"1254",23747,0
"1255",23746,0
"1256",23745,0
"1257",23744,0
"1258",23743,0
"1259",23742,0
"1260",23741,0
"1261",23740,0
"1262",23739,0
"1263",23738,0
"1264",23737,0
"1265",23736,0
"1266",23735,0
"1267",23734,0
"1268",23733,0
"1269",23732,0
"1270",23731,0
"1271",23730,0
"1272",23729,0
"1273",23728,0
"1274",23727,0
"1275",23726,0
"1276",23725,0
"1277",23724,0
"1278",23723,0
"1279",23722,0
"1280",23721,0
"1281",23720,0
"1282",23719,0
"1283",23718,0
"1284",23717,0
"1285",23716,0
"1286",23715,0
"1287",23714,0
"1288",23713,0
"1289",23712,0
"1290",23711,0
"1291",23710,0
"1292",23709,0
"1293",23708,0
"1294",23707,0
"1295",23706,0
"1296",23705,0
"1297",23704,0
"1298",23703,0
"1299",23702,0
"1300",23701,0
"1301",23700,0
"1302",23699,0
"1303",23698,0
"1304",23697,0
"1305",23696,0
"1306",23695,0
"1307",23694,0
"1308",23693,0
"1309",23692,0
"1310",23691,0
"1311",23690,0
"1312",23689,0
"1313",23688,0
"1314",23687,0
"1315",23686,0
"1316",23685,0
"1317",23684,0
"1318",23683,0
"1319",23682,0
"1320",23681,0
"1321",23680,0
"1322",23679,0
"1323",23678,0
"1324",23677,0
"1325",23676,0
"1326",23675,0
"1327",23674,0
"1328",23673,0
"1329",23672,0
"1330",23671,0
"1331",23670,0
"1332",23669,0
"1333",23668,0
"1334",23667,0
"1335",23666,0
"1336",23665,0
"1337",23664,0
"1338",23663,0
"1339",23662,0
"1340",23661,0
"1341",23660,0
"1342",23659,0
"1343",23658,0
"1344",23657,0
"1345",23656,0
"1346",23655,0
"1347",23654,0
"1348",23653,0
"1349",23652,0
"1350",23651,0
"1351",23650,0
"1352",23649,0
"1353",23648,0
"1354",23647,0
"1355",23646,0
"1356",23645,0
"1357",23644,0
"1358",23643,0
"1359",23642,0
"1360",23641,0
"1361",23640,0
"1362",23639,0
"1363",23638,0
"1364",23637,0
"1365",23636,0
"1366",23635,0
"1367",23634,0
"1368",23633,0
"1369",23632,0
"1370",23631,0
"1371",23630,0
"1372",23629,0
"1373",23628,0
"1374",23627,0
"1375",23626,0
"1376",23625,0
"1377",23624,0
"1378",23623,0
"1379",23622,0
"1380",23621,0
"1381",23620,0
"1382",23619,0
"1383",23618,0
"1384",23617,0
"1385",23616,0
"1386",23615,0
"1387",23614,0
"1388",23613,0
"1389",23612,0
"1390",23611,0
"1391",23610,0
"1392",23609,0
"1393",23608,0
"1394",23607,0
"1395",23606,0
"1396",23605,0
"1397",23604,0
"1398",23603,0
"1399",23602,0
"1400",23601,0
"1401",23600,0
"1402",23599,0
"1403",23598,0
"1404",23597,0
"1405",23596,0
"1406",23595,0
"1407",23594,0
"1408",23593,0
"1409",23592,0
"1410",23591,0
"1411",23590,0
"1412",23589,0
"1413",23588,0
"1414",23587,0
"1415",23586,0
"1416",23585,0
"1417",23584,0
"1418",23583,0
"1419",23582,0
"1420",23581,0
"1421",23580,0
"1422",23579,0
"1423",23578,0
"1424",23577,0
"1425",23576,0
"1426",23575,0
"1427",23574,0
"1428",23573,0
"1429",23572,0
"1430",23571,0
"1431",23570,0
"1432",23569,0
"1433",23568,0
"1434",23567,0
"1435",23566,0
"1436",23565,0
"1437",23564,0
"1438",23563,0
"1439",23562,0
"1440",23561,0
"1441",23560,0
"1442",23559,0
"1443",23558,0
"1444",23557,0
"1445",23556,0
"1446",23555,0
"1447",23554,0
"1448",23553,0
"1449",23552,0
"1450",23551,0
"1451",23550,0
"1452",23549,0
"1453",23548,0
"1454",23547,0
"1455",23546,0
"1456",23545,0
"1457",23544,0
"1458",23543,0
"1459",23542,0
"1460",23541,0
"1461",23540,0
"1462",23539,0
"1463",23538,0
"1464",23537,0
"1465",23536,0
"1466",23535,0
"1467",23534,0
"1468",23533,0
"1469",23532,0
"1470",23531,0
"1471",23530,0
"1472",23529,0
"1473",23528,0
"1474",23527,0
"1475",23526,0
"1476",23525,0
"1477",23524,0
"1478",23523,0
"1479",23522,0
"1480",23521,0
"1481",23520,0
"1482",23519,0
"1483",23518,0
"1484",23517,0
"1485",23516,0
"1486",23515,0
"1487",23514,0
"1488",23513,0
"1489",23512,0
"1490",23511,0
"1491",23510,0
"1492",23509,0
"1493",23508,0
"1494",23507,0
"1495",23506,0
"1496",23505,0
"1497",23504,0
"1498",23503,0
"1499",23502,0
"1500",23501,0
"1501",23500,0
"1502",23499,0
"1503",23498,0
"1504",23497,0
"1505",23496,0
"1506",23495,0
"1507",23494,0
"1508",23493,0
"1509",23492,0
"1510",23491,0
"1511",23490,0
"1512",23489,0
"1513",23488,0
"1514",23487,0
"1515",23486,0
"1516",23485,0
"1517",23484,0
"1518",23483,0
"1519",23482,0
"1520",23481,0
"1521",23480,0
"1522",23479,0
"1523",23478,0
"1524",23477,0
"1525",23476,0
"1526",23475,0
"1527",23474,0
"1528",23473,0
"1529",23472,0
"1530",23471,0
"1531",23470,0
"1532",23469,0
"1533",23468,0
"1534",23467,0
"1535",23466,0
"1536",23465,0
"1537",23464,0
"1538",23463,0
"1539",23462,0
"1540",23461,0
"1541",23460,0
"1542",23459,0
"1543",23458,0
"1544",23457,0
"1545",23456,0
"1546",23455,0
"1547",23454,0
"1548",23453,0
"1549",23452,0
"1550",23451,0
"1551",23450,0
"1552",23449,0
"1553",23448,0
"1554",23447,0
"1555",23446,0
"1556",23445,0
"1557",23444,0
"1558",23443,0
"1559",23442,0
"1560",23441,0
"1561",23440,0
"1562",23439,0
"1563",23438,0
"1564",23437,0
"1565",23436,0
"1566",23435,0
"1567",23434,0
"1568",23433,0
"1569",23432,0
"1570",23431,0
"1571",23430,0
"1572",23429,0
"1573",23428,0
"1574",23427,0
"1575",23426,0
"1576",23425,0
"1577",23424,0
"1578",23423,0
"1579",23422,0
"1580",23421,0
"1581",23420,0
"1582",23419,0
"1583",23418,0
"1584",23417,0
"1585",23416,0
"1586",23415,0
"1587",23414,0
"1588",23413,0
"1589",23412,0
"1590",23411,0
"1591",23410,0
"1592",23409,0
"1593",23408,0
"1594",23407,0
"1595",23406,0
"1596",23405,0
"1597",23404,0
"1598",23403,0
"1599",23402,0
"1600",23401,0
"1601",23400,0
"1602",23399,0
"1603",23398,0
"1604",23397,0
"1605",23396,0
"1606",23395,0
"1607",23394,0
"1608",23393,0
"1609",23392,0
"1610",23391,0
"1611",23390,0
"1612",23389,0
"1613",23388,0
"1614",23387,0
"1615",23386,0
"1616",23385,0
"1617",23384,0
"1618",23383,0
"1619",23382,0
"1620",23381,0
"1621",23380,0
"1622",23379,0
"1623",23378,0
"1624",23377,0
"1625",23376,0
"1626",23375,0
"1627",23374,0
"1628",23373,0
"1629",23372,0
"1630",23371,0
"1631",23370,0
"1632",23369,0
"1633",23368,0
"1634",23367,0
"1635",23366,0
"1636",23365,0
"1637",23364,0
"1638",23363,0
"1639",23362,0
"1640",23361,0
"1641",23360,0
"1642",23359,0
"1643",23358,0
"1644",23357,0
"1645",23356,0
"1646",23355,0
"1647",23354,0
"1648",23353,0
"1649",23352,0
"1650",23351,0
"1651",23350,0
"1652",23349,0
"1653",23348,0
"1654",23347,0
"1655",23346,0
"1656",23345,0
"1657",23344,0
"1658",23343,0
"1659",23342,0
"1660",23341,0
"1661",23340,0
"1662",23339,0
"1663",23338,0
"1664",23337,0
"1665",23336,0
"1666",23335,0
"1667",23334,0
"1668",23333,0
"1669",23332,0
"1670",23331,0
"1671",23330,0
"1672",23329,0
"1673",23328,0
"1674",23327,0
"1675",23326,0
"1676",23325,0
"1677",23324,0
"1678",23323,0
"1679",23322,0
"1680",23321,0
"1681",23320,0
"1682",23319,0
"1683",23318,0
"1684",23317,0
"1685",23316,0
"1686",23315,0
"1687",23314,0
"1688",23313,0
"1689",23312,0
"1690",23311,0
"1691",23310,0
"1692",23309,0
"1693",23308,0
"1694",23307,0
"1695",23306,0
"1696",23305,0
"1697",23304,0
"1698",23303,0
"1699",23302,0
"1700",23301,0
"1701",23300,0
"1702",23299,0
"1703",23298,0
"1704",23297,0
"1705",23296,0
"1706",23295,0
"1707",23294,0
"1708",23293,0
"1709",23292,0
"1710",23291,0
"1711",23290,0
"1712",23289,0
"1713",23288,0
"1714",23287,0
"1715",23286,0
"1716",23285,0
"1717",23284,0
"1718",23283,0
"1719",23282,0
"1720",23281,0
"1721",23280,0
"1722",23279,0
"1723",23278,0
"1724",23277,0
"1725",23276,0
"1726",23275,0
"1727",23274,0
"1728",23273,0
"1729",23272,0
"1730",23271,0
"1731",23270,0
"1732",23269,0
"1733",23268,0
"1734",23267,0
"1735",23266,0
"1736",23265,0
"1737",23264,0
"1738",23263,0
"1739",23262,0
"1740",23261,0
"1741",23260,0
"1742",23259,0
"1743",23258,0
"1744",23257,0
"1745",23256,0
"1746",23255,0
"1747",23254,0
"1748",23253,0
"1749",23252,0
"1750",23251,0
"1751",23250,0
"1752",23249,0
"1753",23248,0
"1754",23247,0
"1755",23246,0
"1756",23245,0
"1757",23244,0
"1758",23243,0
"1759",23242,0
"1760",23241,0
"1761",23240,0
"1762",23239,0
"1763",23238,0
"1764",23237,0
"1765",23236,0
"1766",23235,0
"1767",23234,0
"1768",23233,0
"1769",23232,0
"1770",23231,0
"1771",23230,0
"1772",23229,0
"1773",23228,0
"1774",23227,0
"1775",23226,0
"1776",23225,0
"1777",23224,0
"1778",23223,0
"1779",23222,0
"1780",23221,0
"1781",23220,0
"1782",23219,0
"1783",23218,0
"1784",23217,0
"1785",23216,0
"1786",23215,0
"1787",23214,0
"1788",23213,0
"1789",23212,0
"1790",23211,0
"1791",23210,0
"1792",23209,0
"1793",23208,0
"1794",23207,0
"1795",23206,0
"1796",23205,0
"1797",23204,0
"1798",23203,0
"1799",23202,0
"1800",23201,0
"1801",23200,0
"1802",23199,0
"1803",23198,0
"1804",23197,0
"1805",23196,0
"1806",23195,0
"1807",23194,0
"1808",23193,0
"1809",23192,0
"1810",23191,0
"1811",23190,0
"1812",23189,0
"1813",23188,0
"1814",23187,0
"1815",23186,0
"1816",23185,0
"1817",23184,0
"1818",23183,0
"1819",23182,0
"1820",23181,0
"1821",23180,0
"1822",23179,0
"1823",23178,0
"1824",23177,0
"1825",23176,0
"1826",23175,0
"1827",23174,0
"1828",23173,0
"1829",23172,0
"1830",23171,0
"1831",23170,0
"1832",23169,0
"1833",23168,0
"1834",23167,0
"1835",23166,0
"1836",23165,0
"1837",23164,0
"1838",23163,0
"1839",23162,0
"1840",23161,0
"1841",23160,0
"1842",23159,0
"1843",23158,0
"1844",23157,0
"1845",23156,0
"1846",23155,0
"1847",23154,0
"1848",23153,0
"1849",23152,0
"1850",23151,0
"1851",23150,0
"1852",23149,0
"1853",23148,0
"1854",23147,0
"1855",23146,0
"1856",23145,0
"1857",23144,0
"1858",23143,0
"1859",23142,0
"1860",23141,0
"1861",23140,0
"1862",23139,0
"1863",23138,0
"1864",23137,0
"1865",23136,0
"1866",23135,0
"1867",23134,0
"1868",23133,0
"1869",23132,0
"1870",23131,0
"1871",23130,0
"1872",23129,0
"1873",23128,0
"1874",23127,0
"1875",23126,0
"1876",23125,0
"1877",23124,0
"1878",23123,0
"1879",23122,0
"1880",23121,0
"1881",23120,0
"1882",23119,0
"1883",23118,0
"1884",23117,0
"1885",23116,0
"1886",23115,0
"1887",23114,0
"1888",23113,0
"1889",23112,0
"1890",23111,0
"1891",23110,0
"1892",23109,0
"1893",23108,0
"1894",23107,0
"1895",23106,0
"1896",23105,0
"1897",23104,0
"1898",23103,0
"1899",23102,0
"1900",23101,0
"1901",23100,0
"1902",23099,0
"1903",23098,0
"1904",23097,0
"1905",23096,0
"1906",23095,0
"1907",23094,0
"1908",23093,0
"1909",23092,0
"1910",23091,0
"1911",23090,0
"1912",23089,0
"1913",23088,0
"1914",23087,0
"1915",23086,0
"1916",23085,0
"1917",23084,0
"1918",23083,0
"1919",23082,0
"1920",23081,0
"1921",23080,0
"1922",23079,0
"1923",23078,0
"1924",23077,0
"1925",23076,0
"1926",23075,0
"1927",23074,0
"1928",23073,0
"1929",23072,0
"1930",23071,0
"1931",23070,0
"1932",23069,0
"1933",23068,0
"1934",23067,0
"1935",23066,0
"1936",23065,0
"1937",23064,0
"1938",23063,0
"1939",23062,0
"1940",23061,0
"1941",23060,0
"1942",23059,0
"1943",23058,0
"1944",23057,0
"1945",23056,0
"1946",23055,0
"1947",23054,0
"1948",23053,0
"1949",23052,0
"1950",23051,0
"1951",23050,0
"1952",23049,0
"1953",23048,0
"1954",23047,0
"1955",23046,0
"1956",23045,0
"1957",23044,0
"1958",23043,0
"1959",23042,0
"1960",23041,0
"1961",23040,0
"1962",23039,0
"1963",23038,0
"1964",23037,0
"1965",23036,0
"1966",23035,0
"1967",23034,0
"1968",23033,0
"1969",23032,0
"1970",23031,0
"1971",23030,0
"1972",23029,0
"1973",23028,0
"1974",23027,0
"1975",23026,0
"1976",23025,0
"1977",23024,0
"1978",23023,0
"1979",23022,0
"1980",23021,0
"1981",23020,0
"1982",23019,0
"1983",23018,0
"1984",23017,0
"1985",23016,0
"1986",23015,0
"1987",23014,0
"1988",23013,0
"1989",23012,0
"1990",23011,0
"1991",23010,0
"1992",23009,0
"1993",23008,0
"1994",23007,0
"1995",23006,0
"1996",23005,0
"1997",23004,0
"1998",23003,0
"1999",23002,0
"2000",23001,0
"2001",23000,0
"2002",22999,0
"2003",22998,0
"2004",22997,0
"2005",22996,0
"2006",22995,0
"2007",22994,0
"2008",22993,0
"2009",22992,0
"2010",22991,0
"2011",22990,0
"2012",22989,0
"2013",22988,0
"2014",22987,0
"2015",22986,0
"2016",22985,0
"2017",22984,0
"2018",22983,0
"2019",22982,0
"2020",22981,0
"2021",22980,0
"2022",22979,0
"2023",22978,0
"2024",22977,0
"2025",22976,0
"2026",22975,0
"2027",22974,0
"2028",22973,0
"2029",22972,0
"2030",22971,0
"2031",22970,0
"2032",22969,0
"2033",22968,0
"2034",22967,0
"2035",22966,0
"2036",22965,0
"2037",22964,0
"2038",22963,0
"2039",22962,0
"2040",22961,0
"2041",22960,0
"2042",22959,0
"2043",22958,0
"2044",22957,0
"2045",22956,0
"2046",22955,0
"2047",22954,0
"2048",22953,0
"2049",22952,0
"2050",22951,0
"2051",22950,0
"2052",22949,0
"2053",22948,0
"2054",22947,0
"2055",22946,0
"2056",22945,0
"2057",22944,0
"2058",22943,0
"2059",22942,0
"2060",22941,0
"2061",22940,0
"2062",22939,0
"2063",22938,0
"2064",22937,0
"2065",22936,0
"2066",22935,0
"2067",22934,0
"2068",22933,0
"2069",22932,0
"2070",22931,0
"2071",22930,0
"2072",22929,0
"2073",22928,0
"2074",22927,0
"2075",22926,0
"2076",22925,0
"2077",22924,0
"2078",22923,0
"2079",22922,0
"2080",22921,0
"2081",22920,0
"2082",22919,0
"2083",22918,0
"2084",22917,0
"2085",22916,0
"2086",22915,0
"2087",22914,0
"2088",22913,0
"2089",22912,0
"2090",22911,0
"2091",22910,0
"2092",22909,0
"2093",22908,0
"2094",22907,0
"2095",22906,0
"2096",22905,0
"2097",22904,0
"2098",22903,0
"2099",22902,0
"2100",22901,0
"2101",22900,0
"2102",22899,0
"2103",22898,0
"2104",22897,0
"2105",22896,0
"2106",22895,0
"2107",22894,0
"2108",22893,0
"2109",22892,0
"2110",22891,0
"2111",22890,0
"2112",22889,0
"2113",22888,0
"2114",22887,0
"2115",22886,0
"2116",22885,0
"2117",22884,0
"2118",22883,0
"2119",22882,0
"2120",22881,0
"2121",22880,0
"2122",22879,0
"2123",22878,0
"2124",22877,0
"2125",22876,0
"2126",22875,0
"2127",22874,0
"2128",22873,0
"2129",22872,0
"2130",22871,0
"2131",22870,0
"2132",22869,0
"2133",22868,0
"2134",22867,0
"2135",22866,0
"2136",22865,0
"2137",22864,0
"2138",22863,0
"2139",22862,0
"2140",22861,0
"2141",22860,0
"2142",22859,0
"2143",22858,0
"2144",22857,0
"2145",22856,0
"2146",22855,0
"2147",22854,0
"2148",22853,0
"2149",22852,0
"2150",22851,0
"2151",22850,0
"2152",22849,0
"2153",22848,0
"2154",22847,0
"2155",22846,0
"2156",22845,0
"2157",22844,0
"2158",22843,0
"2159",22842,0
"2160",22841,0
"2161",22840,0
"2162",22839,0
"2163",22838,0
"2164",22837,0
"2165",22836,0
"2166",22835,0
"2167",22834,0
"2168",22833,0
"2169",22832,0
"2170",22831,0
"2171",22830,0
"2172",22829,0
"2173",22828,0
"2174",22827,0
"2175",22826,0
"2176",22825,0
"2177",22824,0
"2178",22823,0
"2179",22822,0
"2180",22821,0
"2181",22820,0
"2182",22819,0
"2183",22818,0
"2184",22817,0
"2185",22816,0
"2186",22815,0
"2187",22814,0
"2188",22813,0
"2189",22812,0
"2190",22811,0
"2191",22810,0
"2192",22809,0
"2193",22808,0
"2194",22807,0
"2195",22806,0
"2196",22805,0
"2197",22804,0
"2198",22803,0
"2199",22802,0
"2200",22801,0
"2201",22800,0
"2202",22799,0
"2203",22798,0
"2204",22797,0
"2205",22796,0
"2206",22795,0
"2207",22794,0
"2208",22793,0
"2209",22792,0
"2210",22791,0
"2211",22790,0
"2212",22789,0
"2213",22788,0
"2214",22787,0
"2215",22786,0
"2216",22785,0
"2217",22784,0
"2218",22783,0
"2219",22782,0
"2220",22781,0
"2221",22780,0
"2222",22779,0
"2223",22778,0
"2224",22777,0
"2225",22776,0
"2226",22775,0
"2227",22774,0
"2228",22773,0
"2229",22772,0
"2230",22771,0
"2231",22770,0
"2232",22769,0
"2233",22768,0
"2234",22767,0
"2235",22766,0
"2236",22765,0
"2237",22764,0
"2238",22763,0
"2239",22762,0
"2240",22761,0
"2241",22760,0
"2242",22759,0
"2243",22758,0
"2244",22757,0
"2245",22756,0
"2246",22755,0
"2247",22754,0
"2248",22753,0
"2249",22752,0
"2250",22751,0
"2251",22750,0
"2252",22749,0
"2253",22748,0
"2254",22747,0
"2255",22746,0
"2256",22745,0
"2257",22744,0
"2258",22743,0
"2259",22742,0
"2260",22741,0
"2261",22740,0
"2262",22739,0
"2263",22738,0
"2264",22737,0
"2265",22736,0
"2266",22735,0
"2267",22734,0
"2268",22733,0
"2269",22732,0
"2270",22731,0
"2271",22730,0
"2272",22729,0
"2273",22728,0
"2274",22727,0
"2275",22726,0
"2276",22725,0
"2277",22724,0
"2278",22723,0
"2279",22722,0
"2280",22721,0
"2281",22720,0
"2282",22719,0
"2283",22718,0
"2284",22717,0
"2285",22716,0
"2286",22715,0
"2287",22714,0
"2288",22713,0
"2289",22712,0
"2290",22711,0
"2291",22710,0
"2292",22709,0
"2293",22708,0
"2294",22707,0
"2295",22706,0
"2296",22705,0
"2297",22704,0
"2298",22703,0
"2299",22702,0
"2300",22701,0
"2301",22700,0
"2302",22699,0
"2303",22698,0
"2304",22697,0
"2305",22696,0
"2306",22695,0
"2307",22694,0
"2308",22693,0
"2309",22692,0
"2310",22691,0
"2311",22690,0
"2312",22689,0
"2313",22688,0
"2314",22687,0
"2315",22686,0
"2316",22685,0
"2317",22684,0
"2318",22683,0
"2319",22682,0
"2320",22681,0
"2321",22680,0
"2322",22679,0
"2323",22678,0
"2324",22677,0
"2325",22676,0
"2326",22675,0
"2327",22674,0
"2328",22673,0
"2329",22672,0
"2330",22671,0
"2331",22670,0
"2332",22669,0
"2333",22668,0
"2334",22667,0
"2335",22666,0
"2336",22665,0
"2337",22664,0
"2338",22663,0
"2339",22662,0
"2340",22661,0
"2341",22660,0
"2342",22659,0
"2343",22658,0
"2344",22657,0
"2345",22656,0
"2346",22655,0
"2347",22654,0
"2348",22653,0
"2349",22652,0
"2350",22651,0
"2351",22650,0
"2352",22649,0
"2353",22648,0
"2354",22647,0
"2355",22646,0
"2356",22645,0
"2357",22644,0
"2358",22643,0
"2359",22642,0
"2360",22641,0
"2361",22640,0
"2362",22639,0
"2363",22638,0
"2364",22637,0
"2365",22636,0
"2366",22635,0
"2367",22634,0
"2368",22633,0
"2369",22632,0
"2370",22631,0
"2371",22630,0
"2372",22629,0
"2373",22628,0
"2374",22627,0
"2375",22626,0
"2376",22625,0
"2377",22624,0
"2378",22623,0
"2379",22622,0
"2380",22621,0
"2381",22620,0
"2382",22619,0
"2383",22618,0
"2384",22617,0
"2385",22616,0
"2386",22615,0
"2387",22614,0
"2388",22613,0
"2389",22612,0
"2390",22611,0
"2391",22610,0
"2392",22609,0
"2393",22608,0
"2394",22607,0
"2395",22606,0
"2396",22605,0
"2397",22604,0
"2398",22603,0
"2399",22602,0
"2400",22601,0
"2401",22600,0
"2402",22599,0
"2403",22598,0
"2404",22597,0
"2405",22596,0
"2406",22595,0
"2407",22594,0
"2408",22593,0
"2409",22592,0
"2410",22591,0
"2411",22590,0
"2412",22589,0
"2413",22588,0
"2414",22587,0
"2415",22586,0
"2416",22585,0
"2417",22584,0
"2418",22583,0
"2419",22582,0
"2420",22581,0
"2421",22580,0
"2422",22579,0
"2423",22578,0
"2424",22577,0
"2425",22576,0
"2426",22575,0
"2427",22574,0
"2428",22573,0
"2429",22572,0
"2430",22571,0
"2431",22570,0
"2432",22569,0
"2433",22568,0
"2434",22567,0
"2435",22566,0
"2436",22565,0
"2437",22564,0
"2438",22563,0
"2439",22562,0
"2440",22561,0
"2441",22560,0
"2442",22559,0
"2443",22558,0
"2444",22557,0
"2445",22556,0
"2446",22555,0
"2447",22554,0
"2448",22553,0
"2449",22552,0
"2450",22551,0
"2451",22550,0
"2452",22549,0
"2453",22548,0
"2454",22547,0
"2455",22546,0
"2456",22545,0
"2457",22544,0
"2458",22543,0
"2459",22542,0
"2460",22541,0
"2461",22540,0
"2462",22539,0
"2463",22538,0
"2464",22537,0
"2465",22536,0
"2466",22535,0
"2467",22534,0
"2468",22533,0
"2469",22532,0
"2470",22531,0
"2471",22530,0
"2472",22529,0
"2473",22528,0
"2474",22527,0
"2475",22526,0
"2476",22525,0
"2477",22524,0
"2478",22523,0
"2479",22522,0
"2480",22521,0
"2481",22520,0
"2482",22519,0
"2483",22518,0
"2484",22517,0
"2485",22516,0
"2486",22515,0
"2487",22514,0
"2488",22513,0
"2489",22512,0
"2490",22511,0
"2491",22510,0
"2492",22509,0
"2493",22508,0
"2494",22507,0
"2495",22506,0
"2496",22505,0
"2497",22504,0
"2498",22503,0
"2499",22502,0
"2500",22501,0
"2501",22500,0
"2502",22499,0
"2503",22498,0
"2504",22497,0
"2505",22496,0
"2506",22495,0
"2507",22494,0
"2508",22493,0
"2509",22492,0
"2510",22491,0
"2511",22490,0
"2512",22489,0
"2513",22488,0
"2514",22487,0
"2515",22486,0
"2516",22485,0
"2517",22484,0
"2518",22483,0
"2519",22482,0
"2520",22481,0
"2521",22480,0
"2522",22479,0
"2523",22478,0
"2524",22477,0
"2525",22476,0
"2526",22475,0
"2527",22474,0
"2528",22473,0
"2529",22472,0
"2530",22471,0
"2531",22470,0
"2532",22469,0
"2533",22468,0
"2534",22467,0
"2535",22466,0
"2536",22465,0
"2537",22464,0
"2538",22463,0
"2539",22462,0
"2540",22461,0
"2541",22460,0
"2542",22459,0
"2543",22458,0
"2544",22457,0
"2545",22456,0
"2546",22455,0
"2547",22454,0
"2548",22453,0
"2549",22452,0
"2550",22451,0
"2551",22450,0
"2552",22449,0
"2553",22448,0
"2554",22447,0
"2555",22446,0
"2556",22445,0
"2557",22444,0
"2558",22443,0
"2559",22442,0
"2560",22441,0
"2561",22440,0
"2562",22439,0
"2563",22438,0
"2564",22437,0
"2565",22436,0
"2566",22435,0
"2567",22434,0
"2568",22433,0
"2569",22432,0
"2570",22431,0
"2571",22430,0
"2572",22429,0
"2573",22428,0
"2574",22427,0
"2575",22426,0
"2576",22425,0
"2577",22424,0
"2578",22423,0
"2579",22422,0
"2580",22421,0
"2581",22420,0
"2582",22419,0
"2583",22418,0
"2584",22417,0
"2585",22416,0
"2586",22415,0
"2587",22414,0
"2588",22413,0
"2589",22412,0
"2590",22411,0
"2591",22410,0
"2592",22409,0
"2593",22408,0
"2594",22407,0
"2595",22406,0
"2596",22405,0
"2597",22404,0
"2598",22403,0
"2599",22402,0
"2600",22401,0
"2601",22400,0
"2602",22399,0
"2603",22398,0
"2604",22397,0
"2605",22396,0
"2606",22395,0
"2607",22394,0
"2608",22393,0
"2609",22392,0
"2610",22391,0
"2611",22390,0
"2612",22389,0
"2613",22388,0
"2614",22387,0
"2615",22386,0
"2616",22385,0
"2617",22384,0
"2618",22383,0
"2619",22382,0
"2620",22381,0
"2621",22380,0
"2622",22379,0
"2623",22378,0
"2624",22377,0
"2625",22376,0
"2626",22375,0
"2627",22374,0
"2628",22373,0
"2629",22372,0
"2630",22371,0
"2631",22370,0
"2632",22369,0
"2633",22368,0
"2634",22367,0
"2635",22366,0
"2636",22365,0
"2637",22364,0
"2638",22363,0
"2639",22362,0
"2640",22361,0
"2641",22360,0
"2642",22359,0
"2643",22358,0
"2644",22357,0
"2645",22356,0
"2646",22355,0
"2647",22354,0
"2648",22353,0
"2649",22352,0
"2650",22351,0
"2651",22350,0
"2652",22349,0
"2653",22348,0
"2654",22347,0
"2655",22346,0
"2656",22345,0
"2657",22344,0
"2658",22343,0
"2659",22342,0
"2660",22341,0
"2661",22340,0
"2662",22339,0
"2663",22338,0
"2664",22337,0
"2665",22336,0
"2666",22335,0
"2667",22334,0
"2668",22333,0
"2669",22332,0
"2670",22331,0
"2671",22330,0
"2672",22329,0
"2673",22328,0
"2674",22327,0
"2675",22326,0
"2676",22325,0
"2677",22324,0
"2678",22323,0
"2679",22322,0
"2680",22321,0
"2681",22320,0
"2682",22319,0
"2683",22318,0
"2684",22317,0
"2685",22316,0
"2686",22315,0
"2687",22314,0
"2688",22313,0
"2689",22312,0
"2690",22311,0
"2691",22310,0
"2692",22309,0
"2693",22308,0
"2694",22307,0
"2695",22306,0
"2696",22305,0
"2697",22304,0
"2698",22303,0
"2699",22302,0
"2700",22301,0
"2701",22300,0
"2702",22299,0
"2703",22298,0
"2704",22297,0
"2705",22296,0
"2706",22295,0
"2707",22294,0
"2708",22293,0
"2709",22292,0
"2710",22291,0
"2711",22290,0
"2712",22289,0
"2713",22288,0
"2714",22287,0
"2715",22286,0
"2716",22285,0
"2717",22284,0
"2718",22283,0
"2719",22282,0
"2720",22281,0
"2721",22280,0
"2722",22279,0
"2723",22278,0
"2724",22277,0
"2725",22276,0
"2726",22275,0
"2727",22274,0
"2728",22273,0
"2729",22272,0
"2730",22271,0
"2731",22270,0
"2732",22269,0
"2733",22268,0
"2734",22267,0
"2735",22266,0
"2736",22265,0
"2737",22264,0
"2738",22263,0
"2739",22262,0
"2740",22261,0
"2741",22260,0
"2742",22259,0
"2743",22258,0
"2744",22257,0
"2745",22256,0
"2746",22255,0
"2747",22254,0
"2748",22253,0
"2749",22252,0
"2750",22251,0
"2751",22250,0
"2752",22249,0
"2753",22248,0
"2754",22247,0
"2755",22246,0
"2756",22245,0
"2757",22244,0
"2758",22243,0
"2759",22242,0
"2760",22241,0
"2761",22240,0
"2762",22239,0
"2763",22238,0
"2764",22237,0
"2765",22236,0
"2766",22235,0
"2767",22234,0
"2768",22233,0
"2769",22232,0
"2770",22231,0
"2771",22230,0
"2772",22229,0
"2773",22228,0
"2774",22227,0
"2775",22226,0
"2776",22225,0
"2777",22224,0
"2778",22223,0
"2779",22222,0
"2780",22221,0
"2781",22220,0
"2782",22219,0
"2783",22218,0
"2784",22217,0
"2785",22216,0
"2786",22215,0
"2787",22214,0
"2788",22213,0
"2789",22212,0
"2790",22211,0
"2791",22210,0
"2792",22209,0
"2793",22208,0
"2794",22207,0
"2795",22206,0
"2796",22205,0
"2797",22204,0
"2798",22203,0
"2799",22202,0
"2800",22201,0
"2801",22200,0
"2802",22199,0
"2803",22198,0
"2804",22197,0
"2805",22196,0
"2806",22195,0
"2807",22194,0
"2808",22193,0
"2809",22192,0
"2810",22191,0
"2811",22190,0
"2812",22189,0
"2813",22188,0
"2814",22187,0
"2815",22186,0
"2816",22185,0
"2817",22184,0
"2818",22183,0
"2819",22182,0
"2820",22181,0
"2821",22180,0
"2822",22179,0
"2823",22178,0
"2824",22177,0
"2825",22176,0
"2826",22175,0
"2827",22174,0
"2828",22173,0
"2829",22172,0
"2830",22171,0
"2831",22170,0
"2832",22169,0
"2833",22168,0
"2834",22167,0
"2835",22166,0
"2836",22165,0
"2837",22164,0
"2838",22163,0
"2839",22162,0
"2840",22161,0
"2841",22160,0
"2842",22159,0
"2843",22158,0
"2844",22157,0
"2845",22156,0
"2846",22155,0
"2847",22154,0
"2848",22153,0
"2849",22152,0
"2850",22151,0
"2851",22150,0
"2852",22149,0
"2853",22148,0
"2854",22147,0
"2855",22146,0
"2856",22145,0
"2857",22144,0
"2858",22143,0
"2859",22142,0
"2860",22141,0
"2861",22140,0
"2862",22139,0
"2863",22138,0
"2864",22137,0
"2865",22136,0
"2866",22135,0
"2867",22134,0
"2868",22133,0
"2869",22132,0
"2870",22131,0
"2871",22130,0
"2872",22129,0
"2873",22128,0
"2874",22127,0
"2875",22126,0
"2876",22125,0
"2877",22124,0
"2878",22123,0
"2879",22122,0
"2880",22121,0
"2881",22120,0
"2882",22119,0
"2883",22118,0
"2884",22117,0
"2885",22116,0
"2886",22115,0
"2887",22114,0
"2888",22113,0
"2889",22112,0
"2890",22111,0
"2891",22110,0
"2892",22109,0
"2893",22108,0
"2894",22107,0
"2895",22106,0
"2896",22105,0
"2897",22104,0
"2898",22103,0
"2899",22102,0
"2900",22101,0
"2901",22100,0
"2902",22099,0
"2903",22098,0
"2904",22097,0
"2905",22096,0
"2906",22095,0
"2907",22094,0
"2908",22093,0
"2909",22092,0
"2910",22091,0
"2911",22090,0
"2912",22089,0
"2913",22088,0
"2914",22087,0
"2915",22086,0
"2916",22085,0
"2917",22084,0
"2918",22083,0
"2919",22082,0
"2920",22081,0
"2921",22080,0
"2922",22079,0
"2923",22078,0
"2924",22077,0
"2925",22076,0
"2926",22075,0
"2927",22074,0
"2928",22073,0
"2929",22072,0
"2930",22071,0
"2931",22070,0
"2932",22069,0
"2933",22068,0
"2934",22067,0
"2935",22066,0
"2936",22065,0
"2937",22064,0
"2938",22063,0
"2939",22062,0
"2940",22061,0
"2941",22060,0
"2942",22059,0
"2943",22058,0
"2944",22057,0
"2945",22056,0
"2946",22055,0
"2947",22054,0
"2948",22053,0
"2949",22052,0
"2950",22051,0
"2951",22050,0
"2952",22049,0
"2953",22048,0
"2954",22047,0
"2955",22046,0
"2956",22045,0
"2957",22044,0
"2958",22043,0
"2959",22042,0
"2960",22041,0
"2961",22040,0
"2962",22039,0
"2963",22038,0
"2964",22037,0
"2965",22036,0
"2966",22035,0
"2967",22034,0
"2968",22033,0
"2969",22032,0
"2970",22031,0
"2971",22030,0
"2972",22029,0
"2973",22028,0
"2974",22027,0
"2975",22026,0
"2976",22025,0
"2977",22024,0
"2978",22023,0
"2979",22022,0
"2980",22021,0
"2981",22020,0
"2982",22019,0
"2983",22018,0
"2984",22017,0
"2985",22016,0
"2986",22015,0
"2987",22014,0
"2988",22013,0
"2989",22012,0
"2990",22011,0
"2991",22010,0
"2992",22009,0
"2993",22008,0
"2994",22007,0
"2995",22006,0
"2996",22005,0
"2997",22004,0
"2998",22003,0
"2999",22002,0
"3000",22001,0
"3001",22000,0
"3002",21999,0
"3003",21998,0
"3004",21997,0
"3005",21996,0
"3006",21995,0
"3007",21994,0
"3008",21993,0
"3009",21992,0
"3010",21991,0
"3011",21990,0
"3012",21989,0
"3013",21988,0
"3014",21987,0
"3015",21986,0
"3016",21985,0
"3017",21984,0
"3018",21983,0
"3019",21982,0
"3020",21981,0
"3021",21980,0
"3022",21979,0
"3023",21978,0
"3024",21977,0
"3025",21976,0
"3026",21975,0
"3027",21974,0
"3028",21973,0
"3029",21972,0
"3030",21971,0
"3031",21970,0
"3032",21969,0
"3033",21968,0
"3034",21967,0
"3035",21966,0
"3036",21965,0
"3037",21964,0
"3038",21963,0
"3039",21962,0
"3040",21961,0
"3041",21960,0
"3042",21959,0
"3043",21958,0
"3044",21957,0
"3045",21956,0
"3046",21955,0
"3047",21954,0
"3048",21953,0
"3049",21952,0
"3050",21951,0
"3051",21950,0
"3052",21949,0
"3053",21948,0
"3054",21947,0
"3055",21946,0
"3056",21945,0
"3057",21944,0
"3058",21943,0
"3059",21942,0
"3060",21941,0
"3061",21940,0
"3062",21939,0
"3063",21938,0
"3064",21937,0
"3065",21936,0
"3066",21935,0
"3067",21934,0
"3068",21933,0
"3069",21932,0
"3070",21931,0
"3071",21930,0
"3072",21929,0
"3073",21928,0
"3074",21927,0
"3075",21926,0
"3076",21925,0
"3077",21924,0
"3078",21923,0
"3079",21922,0
"3080",21921,0
"3081",21920,0
"3082",21919,0
"3083",21918,0
"3084",21917,0
"3085",21916,0
"3086",21915,0
"3087",21914,0
"3088",21913,0
"3089",21912,0
"3090",21911,0
"3091",21910,0
"3092",21909,0
"3093",21908,0
"3094",21907,0
"3095",21906,0
"3096",21905,0
"3097",21904,0
"3098",21903,0
"3099",21902,0
"3100",21901,0
"3101",21900,0
"3102",21899,0
"3103",21898,0
"3104",21897,0
"3105",21896,0
"3106",21895,0
"3107",21894,0
"3108",21893,0
"3109",21892,0
"3110",21891,0
"3111",21890,0
"3112",21889,0
"3113",21888,0
"3114",21887,0
"3115",21886,0
"3116",21885,0
"3117",21884,0
"3118",21883,0
"3119",21882,0
"3120",21881,0
"3121",21880,0
"3122",21879,0
"3123",21878,0
"3124",21877,0
"3125",21876,0
"3126",21875,0
"3127",21874,0
"3128",21873,0
"3129",21872,0
"3130",21871,0
"3131",21870,0
"3132",21869,0
"3133",21868,0
"3134",21867,0
"3135",21866,0
"3136",21865,0
"3137",21864,0
"3138",21863,0
"3139",21862,0
"3140",21861,0
"3141",21860,0
"3142",21859,0
"3143",21858,0
"3144",21857,0
"3145",21856,0
"3146",21855,0
"3147",21854,0
"3148",21853,0
"3149",21852,0
"3150",21851,0
"3151",21850,0
"3152",21849,0
"3153",21848,0
"3154",21847,0
"3155",21846,0
"3156",21845,0
"3157",21844,0
"3158",21843,0
"3159",21842,0
"3160",21841,0
"3161",21840,0
"3162",21839,0
"3163",21838,0
"3164",21837,0
"3165",21836,0
"3166",21835,0
"3167",21834,0
"3168",21833,0
"3169",21832,0
"3170",21831,0
"3171",21830,0
"3172",21829,0
"3173",21828,0
"3174",21827,0
"3175",21826,0
"3176",21825,0
"3177",21824,0
"3178",21823,0
"3179",21822,0
"3180",21821,0
"3181",21820,0
"3182",21819,0
"3183",21818,0
"3184",21817,0
"3185",21816,0
"3186",21815,0
"3187",21814,0
"3188",21813,0
"3189",21812,0
"3190",21811,0
"3191",21810,0
"3192",21809,0
"3193",21808,0
"3194",21807,0
"3195",21806,0
"3196",21805,0
"3197",21804,0
"3198",21803,0
"3199",21802,0
"3200",21801,0
"3201",21800,0
"3202",21799,0
"3203",21798,0
"3204",21797,0
"3205",21796,0
"3206",21795,0
"3207",21794,0
"3208",21793,0
"3209",21792,0
"3210",21791,0
"3211",21790,0
"3212",21789,0
"3213",21788,0
"3214",21787,0
"3215",21786,0
"3216",21785,0
"3217",21784,0
"3218",21783,0
"3219",21782,0
"3220",21781,0
"3221",21780,0
"3222",21779,0
"3223",21778,0
"3224",21777,0
"3225",21776,0
"3226",21775,0
"3227",21774,0
"3228",21773,0
"3229",21772,0
"3230",21771,0
"3231",21770,0
"3232",21769,0
"3233",21768,0
"3234",21767,0
"3235",21766,0
"3236",21765,0
"3237",21764,0
"3238",21763,0
"3239",21762,0
"3240",21761,0
"3241",21760,0
"3242",21759,0
"3243",21758,0
"3244",21757,0
"3245",21756,0
"3246",21755,0
"3247",21754,0
"3248",21753,0
"3249",21752,0
"3250",21751,0
"3251",21750,0
"3252",21749,0
"3253",21748,0
"3254",21747,0
"3255",21746,0
"3256",21745,0
"3257",21744,0
"3258",21743,0
"3259",21742,0
"3260",21741,0
"3261",21740,0
"3262",21739,0
"3263",21738,0
"3264",21737,0
"3265",21736,0
"3266",21735,0
"3267",21734,0
"3268",21733,0
"3269",21732,0
"3270",21731,0
"3271",21730,0
"3272",21729,0
"3273",21728,0
"3274",21727,0
"3275",21726,0
"3276",21725,0
"3277",21724,0
"3278",21723,0
"3279",21722,0
"3280",21721,0
"3281",21720,0
"3282",21719,0
"3283",21718,0
"3284",21717,0
"3285",21716,0
"3286",21715,0
"3287",21714,0
"3288",21713,0
"3289",21712,0
"3290",21711,0
"3291",21710,0
"3292",21709,0
"3293",21708,0
"3294",21707,0
"3295",21706,0
"3296",21705,0
"3297",21704,0
"3298",21703,0
"3299",21702,0
"3300",21701,0
"3301",21700,0
"3302",21699,0
"3303",21698,0
"3304",21697,0
"3305",21696,0
"3306",21695,0
"3307",21694,0
"3308",21693,0
"3309",21692,0
"3310",21691,0
"3311",21690,0
"3312",21689,0
"3313",21688,0
"3314",21687,0
"3315",21686,0
"3316",21685,0
"3317",21684,0
"3318",21683,0
"3319",21682,0
"3320",21681,0
"3321",21680,0
"3322",21679,0
"3323",21678,0
"3324",21677,0
"3325",21676,0
"3326",21675,0
"3327",21674,0
"3328",21673,0
"3329",21672,0
"3330",21671,0
"3331",21670,0
"3332",21669,0
"3333",21668,0
"3334",21667,0
"3335",21666,0
"3336",21665,0
"3337",21664,0
"3338",21663,0
"3339",21662,0
"3340",21661,0
"3341",21660,0
"3342",21659,0
"3343",21658,0
"3344",21657,0
"3345",21656,0
"3346",21655,0
"3347",21654,0
"3348",21653,0
"3349",21652,0
"3350",21651,0
"3351",21650,0
"3352",21649,0
"3353",21648,0
"3354",21647,0
"3355",21646,0
"3356",21645,0
"3357",21644,0
"3358",21643,0
"3359",21642,0
"3360",21641,0
"3361",21640,0
"3362",21639,0
"3363",21638,0
"3364",21637,0
"3365",21636,0
"3366",21635,0
"3367",21634,0
"3368",21633,0
"3369",21632,0
"3370",21631,0
"3371",21630,0
"3372",21629,0
"3373",21628,0
"3374",21627,0
"3375",21626,0
"3376",21625,0
"3377",21624,0
"3378",21623,0
"3379",21622,0
"3380",21621,0
"3381",21620,0
"3382",21619,0
"3383",21618,0
"3384",21617,0
"3385",21616,0
"3386",21615,0
"3387",21614,0
"3388",21613,0
"3389",21612,0
"3390",21611,0
"3391",21610,0
"3392",21609,0
"3393",21608,0
"3394",21607,0
"3395",21606,0
"3396",21605,0
"3397",21604,0
"3398",21603,0
"3399",21602,0
"3400",21601,0
"3401",21600,0
"3402",21599,0
"3403",21598,0
"3404",21597,0
"3405",21596,0
"3406",21595,0
"3407",21594,0
"3408",21593,0
"3409",21592,0
"3410",21591,0
"3411",21590,0
"3412",21589,0
"3413",21588,0
"3414",21587,0
"3415",21586,0
"3416",21585,0
"3417",21584,0
"3418",21583,0
"3419",21582,0
"3420",21581,0
"3421",21580,0
"3422",21579,0
"3423",21578,0
"3424",21577,0
"3425",21576,0
"3426",21575,0
"3427",21574,0
"3428",21573,0
"3429",21572,0
"3430",21571,0
"3431",21570,0
"3432",21569,0
"3433",21568,0
"3434",21567,0
"3435",21566,0
"3436",21565,0
"3437",21564,0
"3438",21563,0
"3439",21562,0
"3440",21561,0
"3441",21560,0
"3442",21559,0
"3443",21558,0
"3444",21557,0
"3445",21556,0
"3446",21555,0
"3447",21554,0
"3448",21553,0
"3449",21552,0
"3450",21551,0
"3451",21550,0
"3452",21549,0
"3453",21548,0
"3454",21547,0
"3455",21546,0
"3456",21545,0
"3457",21544,0
"3458",21543,0
"3459",21542,0
"3460",21541,0
"3461",21540,0
"3462",21539,0
"3463",21538,0
"3464",21537,0
"3465",21536,0
"3466",21535,0
"3467",21534,0
"3468",21533,0
"3469",21532,0
"3470",21531,0
"3471",21530,0
"3472",21529,0
"3473",21528,0
"3474",21527,0
"3475",21526,0
"3476",21525,0
"3477",21524,0
"3478",21523,0
"3479",21522,0
"3480",21521,0
"3481",21520,0
"3482",21519,0
"3483",21518,0
"3484",21517,0
"3485",21516,0
"3486",21515,0
"3487",21514,0
"3488",21513,0
"3489",21512,0
"3490",21511,0
"3491",21510,0
"3492",21509,0
"3493",21508,0
"3494",21507,0
"3495",21506,0
"3496",21505,0
"3497",21504,0
"3498",21503,0
"3499",21502,0
"3500",21501,0
"3501",21500,0
"3502",21499,0
"3503",21498,0
"3504",21497,0
"3505",21496,0
"3506",21495,0
"3507",21494,0
"3508",21493,0
"3509",21492,0
"3510",21491,0
"3511",21490,0
"3512",21489,0
"3513",21488,0
"3514",21487,0
"3515",21486,0
"3516",21485,0
"3517",21484,0
"3518",21483,0
"3519",21482,0
"3520",21481,0
"3521",21480,0
"3522",21479,0
"3523",21478,0
"3524",21477,0
"3525",21476,0
"3526",21475,0
"3527",21474,0
"3528",21473,0
"3529",21472,0
"3530",21471,0
"3531",21470,0
"3532",21469,0
"3533",21468,0
"3534",21467,0
"3535",21466,0
"3536",21465,0
"3537",21464,0
"3538",21463,0
"3539",21462,0
"3540",21461,0
"3541",21460,0
"3542",21459,0
"3543",21458,0
"3544",21457,0
"3545",21456,0
"3546",21455,0
"3547",21454,0
"3548",21453,0
"3549",21452,0
"3550",21451,0
"3551",21450,0
"3552",21449,0
"3553",21448,0
"3554",21447,0
"3555",21446,0
"3556",21445,0
"3557",21444,0
"3558",21443,0
"3559",21442,0
"3560",21441,0
"3561",21440,0
"3562",21439,0
"3563",21438,0
"3564",21437,0
"3565",21436,0
"3566",21435,0
"3567",21434,0
"3568",21433,0
"3569",21432,0
"3570",21431,0
"3571",21430,0
"3572",21429,0
"3573",21428,0
"3574",21427,0
"3575",21426,0
"3576",21425,0
"3577",21424,0
"3578",21423,0
"3579",21422,0
"3580",21421,0
"3581",21420,0
"3582",21419,0
"3583",21418,0
"3584",21417,0
"3585",21416,0
"3586",21415,0
"3587",21414,0
"3588",21413,0
"3589",21412,0
"3590",21411,0
"3591",21410,0
"3592",21409,0
"3593",21408,0
"3594",21407,0
"3595",21406,0
"3596",21405,0
"3597",21404,0
"3598",21403,0
"3599",21402,0
"3600",21401,0
"3601",21400,0
"3602",21399,0
"3603",21398,0
"3604",21397,0
"3605",21396,0
"3606",21395,0
"3607",21394,0
"3608",21393,0
"3609",21392,0
"3610",21391,0
"3611",21390,0
"3612",21389,0
"3613",21388,0
"3614",21387,0
"3615",21386,0
"3616",21385,0
"3617",21384,0
"3618",21383,0
"3619",21382,0
"3620",21381,0
"3621",21380,0
"3622",21379,0
"3623",21378,0
"3624",21377,0
"3625",21376,0
"3626",21375,0
"3627",21374,0
"3628",21373,0
"3629",21372,0
"3630",21371,0
"3631",21370,0
"3632",21369,0
"3633",21368,0
"3634",21367,0
"3635",21366,0
"3636",21365,0
"3637",21364,0
"3638",21363,0
"3639",21362,0
"3640",21361,0
"3641",21360,0
"3642",21359,0
"3643",21358,0
"3644",21357,0
"3645",21356,0
"3646",21355,0
"3647",21354,0
"3648",21353,0
"3649",21352,0
"3650",21351,0
"3651",21350,0
"3652",21349,0
"3653",21348,0
"3654",21347,0
"3655",21346,0
"3656",21345,0
"3657",21344,0
"3658",21343,0
"3659",21342,0
"3660",21341,0
"3661",21340,0
"3662",21339,0
"3663",21338,0
"3664",21337,0
"3665",21336,0
"3666",21335,0
"3667",21334,0
"3668",21333,0
"3669",21332,0
"3670",21331,0
"3671",21330,0
"3672",21329,0
"3673",21328,0
"3674",21327,0
"3675",21326,0
"3676",21325,0
"3677",21324,0
"3678",21323,0
"3679",21322,0
"3680",21321,0
"3681",21320,0
"3682",21319,0
"3683",21318,0
"3684",21317,0
"3685",21316,0
"3686",21315,0
"3687",21314,0
"3688",21313,0
"3689",21312,0
"3690",21311,0
"3691",21310,0
"3692",21309,0
"3693",21308,0
"3694",21307,0
"3695",21306,0
"3696",21305,0
"3697",21304,0
"3698",21303,0
"3699",21302,0
"3700",21301,0
"3701",21300,0
"3702",21299,0
"3703",21298,0
"3704",21297,0
"3705",21296,0
"3706",21295,0
"3707",21294,0
"3708",21293,0
"3709",21292,0
"3710",21291,0
"3711",21290,0
"3712",21289,0
"3713",21288,0
"3714",21287,0
"3715",21286,0
"3716",21285,0
"3717",21284,0
"3718",21283,0
"3719",21282,0
"3720",21281,0
"3721",21280,0
"3722",21279,0
"3723",21278,0
"3724",21277,0
"3725",21276,0
"3726",21275,0
"3727",21274,0
"3728",21273,0
"3729",21272,0
"3730",21271,0
"3731",21270,0
"3732",21269,0
"3733",21268,0
"3734",21267,0
"3735",21266,0
"3736",21265,0
"3737",21264,0
"3738",21263,0
"3739",21262,0
"3740",21261,0
"3741",21260,0
"3742",21259,0
"3743",21258,0
"3744",21257,0
"3745",21256,0
"3746",21255,0
"3747",21254,0
"3748",21253,0
"3749",21252,0
"3750",21251,0
"3751",21250,0
"3752",21249,0
"3753",21248,0
"3754",21247,0
"3755",21246,0
"3756",21245,0
"3757",21244,0
"3758",21243,0
"3759",21242,0
"3760",21241,0
"3761",21240,0
"3762",21239,0
"3763",21238,0
"3764",21237,0
"3765",21236,0
"3766",21235,0
"3767",21234,0
"3768",21233,0
"3769",21232,0
"3770",21231,0
"3771",21230,0
"3772",21229,0
"3773",21228,0
"3774",21227,0
"3775",21226,0
"3776",21225,0
"3777",21224,0
"3778",21223,0
"3779",21222,0
"3780",21221,0
"3781",21220,0
"3782",21219,0
"3783",21218,0
"3784",21217,0
"3785",21216,0
"3786",21215,0
"3787",21214,0
"3788",21213,0
"3789",21212,0
"3790",21211,0
"3791",21210,0
"3792",21209,0
"3793",21208,0
"3794",21207,0
"3795",21206,0
"3796",21205,0
"3797",21204,0
"3798",21203,0
"3799",21202,0
"3800",21201,0
"3801",21200,0
"3802",21199,0
"3803",21198,0
"3804",21197,0
"3805",21196,0
"3806",21195,0
"3807",21194,0
"3808",21193,0
"3809",21192,0
"3810",21191,0
"3811",21190,0
"3812",21189,0
"3813",21188,0
"3814",21187,0
"3815",21186,0
"3816",21185,0
"3817",21184,0
"3818",21183,0
"3819",21182,0
"3820",21181,0
"3821",21180,0
"3822",21179,0
"3823",21178,0
"3824",21177,0
"3825",21176,0
"3826",21175,0
"3827",21174,0
"3828",21173,0
"3829",21172,0
"3830",21171,0
"3831",21170,0
"3832",21169,0
"3833",21168,0
"3834",21167,0
"3835",21166,0
"3836",21165,0
"3837",21164,0
"3838",21163,0
"3839",21162,0
"3840",21161,0
"3841",21160,0
"3842",21159,0
"3843",21158,0
"3844",21157,0
"3845",21156,0
"3846",21155,0
"3847",21154,0
"3848",21153,0
"3849",21152,0
"3850",21151,0
"3851",21150,0
"3852",21149,0
"3853",21148,0
"3854",21147,0
"3855",21146,0
"3856",21145,0
"3857",21144,0
"3858",21143,0
"3859",21142,0
"3860",21141,0
"3861",21140,0
"3862",21139,0
"3863",21138,0
"3864",21137,0
"3865",21136,0
"3866",21135,0
"3867",21134,0
"3868",21133,0
"3869",21132,0
"3870",21131,0
"3871",21130,0
"3872",21129,0
"3873",21128,0
"3874",21127,0
"3875",21126,0
"3876",21125,0
"3877",21124,0
"3878",21123,0
"3879",21122,0
"3880",21121,0
"3881",21120,0
"3882",21119,0
"3883",21118,0
"3884",21117,0
"3885",21116,0
"3886",21115,0
"3887",21114,0
"3888",21113,0
"3889",21112,0
"3890",21111,0
"3891",21110,0
"3892",21109,0
"3893",21108,0
"3894",21107,0
"3895",21106,0
"3896",21105,0
"3897",21104,0
"3898",21103,0
"3899",21102,0
"3900",21101,0
"3901",21100,0
"3902",21099,0
"3903",21098,0
"3904",21097,0
"3905",21096,0
"3906",21095,0
"3907",21094,0
"3908",21093,0
"3909",21092,0
"3910",21091,0
"3911",21090,0
"3912",21089,0
"3913",21088,0
"3914",21087,0
"3915",21086,0
"3916",21085,0
"3917",21084,0
"3918",21083,0
"3919",21082,0
"3920",21081,0
"3921",21080,0
"3922",21079,0
"3923",21078,0
"3924",21077,0
"3925",21076,0
"3926",21075,0
"3927",21074,0
"3928",21073,0
"3929",21072,0
"3930",21071,0
"3931",21070,0
"3932",21069,0
"3933",21068,0
"3934",21067,0
"3935",21066,0
"3936",21065,0
"3937",21064,0
"3938",21063,0
"3939",21062,0
"3940",21061,0
"3941",21060,0
"3942",21059,0
"3943",21058,0
"3944",21057,0
"3945",21056,0
"3946",21055,0
"3947",21054,0
"3948",21053,0
"3949",21052,0
"3950",21051,0
"3951",21050,0
"3952",21049,0
"3953",21048,0
"3954",21047,0
"3955",21046,0
"3956",21045,0
"3957",21044,0
"3958",21043,0
"3959",21042,0
"3960",21041,0
"3961",21040,0
"3962",21039,0
"3963",21038,0
"3964",21037,0
"3965",21036,0
"3966",21035,0
"3967",21034,0
"3968",21033,0
"3969",21032,0
"3970",21031,0
"3971",21030,0
"3972",21029,0
"3973",21028,0
"3974",21027,0
"3975",21026,0
"3976",21025,0
"3977",21024,0
"3978",21023,0
"3979",21022,0
"3980",21021,0
"3981",21020,0
"3982",21019,0
"3983",21018,0
"3984",21017,0
"3985",21016,0
"3986",21015,0
"3987",21014,0
"3988",21013,0
"3989",21012,0
"3990",21011,0
"3991",21010,0
"3992",21009,0
"3993",21008,0
"3994",21007,0
"3995",21006,0
"3996",21005,0
"3997",21004,0
"3998",21003,0
"3999",21002,0
"4000",21001,0
"4001",21000,0
"4002",20999,0
"4003",20998,0
"4004",20997,0
"4005",20996,0
"4006",20995,0
"4007",20994,0
"4008",20993,0
"4009",20992,0
"4010",20991,0
"4011",20990,0
"4012",20989,0
"4013",20988,0
"4014",20987,0
"4015",20986,0
"4016",20985,0
"4017",20984,0
"4018",20983,0
"4019",20982,0
"4020",20981,0
"4021",20980,0
"4022",20979,0
"4023",20978,0
"4024",20977,0
"4025",20976,0
"4026",20975,0
"4027",20974,0
"4028",20973,0
"4029",20972,0
"4030",20971,0
"4031",20970,0
"4032",20969,0
"4033",20968,0
"4034",20967,0
"4035",20966,0
"4036",20965,0
"4037",20964,0
"4038",20963,0
"4039",20962,0
"4040",20961,0
"4041",20960,0
"4042",20959,0
"4043",20958,0
"4044",20957,0
"4045",20956,0
"4046",20955,0
"4047",20954,0
"4048",20953,0
"4049",20952,0
"4050",20951,0
"4051",20950,0
"4052",20949,0
"4053",20948,0
"4054",20947,0
"4055",20946,0
"4056",20945,0
"4057",20944,0
"4058",20943,0
"4059",20942,0
"4060",20941,0
"4061",20940,0
"4062",20939,0
"4063",20938,0
"4064",20937,0
"4065",20936,0
"4066",20935,0
"4067",20934,0
"4068",20933,0
"4069",20932,0
"4070",20931,0
"4071",20930,0
"4072",20929,0
"4073",20928,0
"4074",20927,0
"4075",20926,0
"4076",20925,0
"4077",20924,0
"4078",20923,0
"4079",20922,0
"4080",20921,0
"4081",20920,0
"4082",20919,0
"4083",20918,0
"4084",20917,0
"4085",20916,0
"4086",20915,0
"4087",20914,0
"4088",20913,0
"4089",20912,0
"4090",20911,0
"4091",20910,0
"4092",20909,0
"4093",20908,0
"4094",20907,0
"4095",20906,0
"4096",20905,0
"4097",20904,0
"4098",20903,0
"4099",20902,0
"4100",20901,0
"4101",20900,0
"4102",20899,0
"4103",20898,0
"4104",20897,0
"4105",20896,0
"4106",20895,0
"4107",20894,0
"4108",20893,0
"4109",20892,0
"4110",20891,0
"4111",20890,0
"4112",20889,0
"4113",20888,0
"4114",20887,0
"4115",20886,0
"4116",20885,0
"4117",20884,0
"4118",20883,0
"4119",20882,0
"4120",20881,0
"4121",20880,0
"4122",20879,0
"4123",20878,0
"4124",20877,0
"4125",20876,0
"4126",20875,0
"4127",20874,0
"4128",20873,0
"4129",20872,0
"4130",20871,0
"4131",20870,0
"4132",20869,0
"4133",20868,0
"4134",20867,0
"4135",20866,0
"4136",20865,0
"4137",20864,0
"4138",20863,0
"4139",20862,0
"4140",20861,0
"4141",20860,0
"4142",20859,0
"4143",20858,0
"4144",20857,0
"4145",20856,0
"4146",20855,0
"4147",20854,0
"4148",20853,0
"4149",20852,0
"4150",20851,0
"4151",20850,0
"4152",20849,0
"4153",20848,0
"4154",20847,0
"4155",20846,0
"4156",20845,0
"4157",20844,0
"4158",20843,0
"4159",20842,0
"4160",20841,0
"4161",20840,0
"4162",20839,0
"4163",20838,0
"4164",20837,0
"4165",20836,0
"4166",20835,0
"4167",20834,0
"4168",20833,0
"4169",20832,0
"4170",20831,0
"4171",20830,0
"4172",20829,0
"4173",20828,0
"4174",20827,0
"4175",20826,0
"4176",20825,0
"4177",20824,0
"4178",20823,0
"4179",20822,0
"4180",20821,0
"4181",20820,0
"4182",20819,0
"4183",20818,0
"4184",20817,0
"4185",20816,0
"4186",20815,0
"4187",20814,0
"4188",20813,0
"4189",20812,0
"4190",20811,0
"4191",20810,0
"4192",20809,0
"4193",20808,0
"4194",20807,0
"4195",20806,0
"4196",20805,0
"4197",20804,0
"4198",20803,0
"4199",20802,0
"4200",20801,0
"4201",20800,0
"4202",20799,0
"4203",20798,0
"4204",20797,0
"4205",20796,0
"4206",20795,0
"4207",20794,0
"4208",20793,0
"4209",20792,0
"4210",20791,0
"4211",20790,0
"4212",20789,0
"4213",20788,0
"4214",20787,0
"4215",20786,0
"4216",20785,0
"4217",20784,0
"4218",20783,0
"4219",20782,0
"4220",20781,0
"4221",20780,0
"4222",20779,0
"4223",20778,0
"4224",20777,0
"4225",20776,0
"4226",20775,0
"4227",20774,0
"4228",20773,0
"4229",20772,0
"4230",20771,0
"4231",20770,0
"4232",20769,0
"4233",20768,0
"4234",20767,0
"4235",20766,0
"4236",20765,0
"4237",20764,0
"4238",20763,0
"4239",20762,0
"4240",20761,0
"4241",20760,0
"4242",20759,0
"4243",20758,0
"4244",20757,0
"4245",20756,0
"4246",20755,0
"4247",20754,0
"4248",20753,0
"4249",20752,0
"4250",20751,0
"4251",20750,0
"4252",20749,0
"4253",20748,0
"4254",20747,0
"4255",20746,0
"4256",20745,0
"4257",20744,0
"4258",20743,0
"4259",20742,0
"4260",20741,0
"4261",20740,0
"4262",20739,0
"4263",20738,0
"4264",20737,0
"4265",20736,0
"4266",20735,0
"4267",20734,0
"4268",20733,0
"4269",20732,0
"4270",20731,0
"4271",20730,0
"4272",20729,0
"4273",20728,0
"4274",20727,0
"4275",20726,0
"4276",20725,0
"4277",20724,0
"4278",20723,0
"4279",20722,0
"4280",20721,0
"4281",20720,0
"4282",20719,0
"4283",20718,0
"4284",20717,0
"4285",20716,0
"4286",20715,0
"4287",20714,0
"4288",20713,0
"4289",20712,0
"4290",20711,0
"4291",20710,0
"4292",20709,0
"4293",20708,0
"4294",20707,0
"4295",20706,0
"4296",20705,0
"4297",20704,0
"4298",20703,0
"4299",20702,0
"4300",20701,0
"4301",20700,0
"4302",20699,0
"4303",20698,0
"4304",20697,0
"4305",20696,0
"4306",20695,0
"4307",20694,0
"4308",20693,0
"4309",20692,0
"4310",20691,0
"4311",20690,0
"4312",20689,0
"4313",20688,0
"4314",20687,0
"4315",20686,0
"4316",20685,0
"4317",20684,0
"4318",20683,0
"4319",20682,0
"4320",20681,0
"4321",20680,0
"4322",20679,0
"4323",20678,0
"4324",20677,0
"4325",20676,0
"4326",20675,0
"4327",20674,0
"4328",20673,0
"4329",20672,0
"4330",20671,0
"4331",20670,0
"4332",20669,0
"4333",20668,0
"4334",20667,0
"4335",20666,0
"4336",20665,0
"4337",20664,0
"4338",20663,0
"4339",20662,0
"4340",20661,0
"4341",20660,0
"4342",20659,0
"4343",20658,0
"4344",20657,0
"4345",20656,0
"4346",20655,0
"4347",20654,0
"4348",20653,0
"4349",20652,0
"4350",20651,0
"4351",20650,0
"4352",20649,0
"4353",20648,0
"4354",20647,0
"4355",20646,0
"4356",20645,0
"4357",20644,0
"4358",20643,0
"4359",20642,0
"4360",20641,0
"4361",20640,0
"4362",20639,0
"4363",20638,0
"4364",20637,0
"4365",20636,0
"4366",20635,0
"4367",20634,0
"4368",20633,0
"4369",20632,0
"4370",20631,0
"4371",20630,0
"4372",20629,0
"4373",20628,0
"4374",20627,0
"4375",20626,0
"4376",20625,0
"4377",20624,0
"4378",20623,0
"4379",20622,0
"4380",20621,0
"4381",20620,0
"4382",20619,0
"4383",20618,0
"4384",20617,0
"4385",20616,0
"4386",20615,0
"4387",20614,0
"4388",20613,0
"4389",20612,0
"4390",20611,0
"4391",20610,0
"4392",20609,0
"4393",20608,0
"4394",20607,0
"4395",20606,0
"4396",20605,0
"4397",20604,0
"4398",20603,0
"4399",20602,0
"4400",20601,0
"4401",20600,0
"4402",20599,0
"4403",20598,0
"4404",20597,0
"4405",20596,0
"4406",20595,0
"4407",20594,0
"4408",20593,0
"4409",20592,0
"4410",20591,0
"4411",20590,0
"4412",20589,0
"4413",20588,0
"4414",20587,0
"4415",20586,0
"4416",20585,0
"4417",20584,0
"4418",20583,0
"4419",20582,0
"4420",20581,0
"4421",20580,0
"4422",20579,0
"4423",20578,0
"4424",20577,0
"4425",20576,0
"4426",20575,0
"4427",20574,0
"4428",20573,0
"4429",20572,0
"4430",20571,0
"4431",20570,0
"4432",20569,0
"4433",20568,0
"4434",20567,0
"4435",20566,0
"4436",20565,0
"4437",20564,0
"4438",20563,0
"4439",20562,0
"4440",20561,0
"4441",20560,0
"4442",20559,0
"4443",20558,0
"4444",20557,0
"4445",20556,0
"4446",20555,0
"4447",20554,0
"4448",20553,0
"4449",20552,0
"4450",20551,0
"4451",20550,0
"4452",20549,0
"4453",20548,0
"4454",20547,0
"4455",20546,0
"4456",20545,0
"4457",20544,0
"4458",20543,0
"4459",20542,0
"4460",20541,0
"4461",20540,0
"4462",20539,0
"4463",20538,0
"4464",20537,0
"4465",20536,0
"4466",20535,0
"4467",20534,0
"4468",20533,0
"4469",20532,0
"4470",20531,0
"4471",20530,0
"4472",20529,0
"4473",20528,0
"4474",20527,0
"4475",20526,0
"4476",20525,0
"4477",20524,0
"4478",20523,0
"4479",20522,0
"4480",20521,0
"4481",20520,0
"4482",20519,0
"4483",20518,0
"4484",20517,0
"4485",20516,0
"4486",20515,0
"4487",20514,0
"4488",20513,0
"4489",20512,0
"4490",20511,0
"4491",20510,0
"4492",20509,0
"4493",20508,0
"4494",20507,0
"4495",20506,0
"4496",20505,0
"4497",20504,0
"4498",20503,0
"4499",20502,0
"4500",20501,0
"4501",20500,0
"4502",20499,0
"4503",20498,0
"4504",20497,0
"4505",20496,0
"4506",20495,0
"4507",20494,0
"4508",20493,0
"4509",20492,0
"4510",20491,0
"4511",20490,0
"4512",20489,0
"4513",20488,0
"4514",20487,0
"4515",20486,0
"4516",20485,0
"4517",20484,0
"4518",20483,0
"4519",20482,0
"4520",20481,0
"4521",20480,0
"4522",20479,0
"4523",20478,0
"4524",20477,0
"4525",20476,0
"4526",20475,0
"4527",20474,0
"4528",20473,0
"4529",20472,0
"4530",20471,0
"4531",20470,0
"4532",20469,0
"4533",20468,0
"4534",20467,0
"4535",20466,0
"4536",20465,0
"4537",20464,0
"4538",20463,0
"4539",20462,0
"4540",20461,0
"4541",20460,0
"4542",20459,0
"4543",20458,0
"4544",20457,0
"4545",20456,0
"4546",20455,0
"4547",20454,0
"4548",20453,0
"4549",20452,0
"4550",20451,0
"4551",20450,0
"4552",20449,0
"4553",20448,0
"4554",20447,0
"4555",20446,0
"4556",20445,0
"4557",20444,0
"4558",20443,0
"4559",20442,0
"4560",20441,0
"4561",20440,0
"4562",20439,0
"4563",20438,0
"4564",20437,0
"4565",20436,0
"4566",20435,0
"4567",20434,0
"4568",20433,0
"4569",20432,0
"4570",20431,0
"4571",20430,0
"4572",20429,0
"4573",20428,0
"4574",20427,0
"4575",20426,0
"4576",20425,0
"4577",20424,0
"4578",20423,0
"4579",20422,0
"4580",20421,0
"4581",20420,0
"4582",20419,0
"4583",20418,0
"4584",20417,0
"4585",20416,0
"4586",20415,0
"4587",20414,0
"4588",20413,0
"4589",20412,0
"4590",20411,0
"4591",20410,0
"4592",20409,0
"4593",20408,0
"4594",20407,0
"4595",20406,0
"4596",20405,0
"4597",20404,0
"4598",20403,0
"4599",20402,0
"4600",20401,0
"4601",20400,0
"4602",20399,0
"4603",20398,0
"4604",20397,0
"4605",20396,0
"4606",20395,0
"4607",20394,0
"4608",20393,0
"4609",20392,0
"4610",20391,0
"4611",20390,0
"4612",20389,0
"4613",20388,0
"4614",20387,0
"4615",20386,0
"4616",20385,0
"4617",20384,0
"4618",20383,0
"4619",20382,0
"4620",20381,0
"4621",20380,0
"4622",20379,0
"4623",20378,0
"4624",20377,0
"4625",20376,0
"4626",20375,0
"4627",20374,0
"4628",20373,0
"4629",20372,0
"4630",20371,0
"4631",20370,0
"4632",20369,0
"4633",20368,0
"4634",20367,0
"4635",20366,0
"4636",20365,0
"4637",20364,0
"4638",20363,0
"4639",20362,0
"4640",20361,0
"4641",20360,0
"4642",20359,0
"4643",20358,0
"4644",20357,0
"4645",20356,0
"4646",20355,0
"4647",20354,0
"4648",20353,0
"4649",20352,0
"4650",20351,0
"4651",20350,0
"4652",20349,0
"4653",20348,0
"4654",20347,0
"4655",20346,0
"4656",20345,0
"4657",20344,0
"4658",20343,0
"4659",20342,0
"4660",20341,0
"4661",20340,0
"4662",20339,0
"4663",20338,0
"4664",20337,0
"4665",20336,0
"4666",20335,0
"4667",20334,0
"4668",20333,0
"4669",20332,0
"4670",20331,0
"4671",20330,0
"4672",20329,0
"4673",20328,0
"4674",20327,0
"4675",20326,0
"4676",20325,0
"4677",20324,0
"4678",20323,0
"4679",20322,0
"4680",20321,0
"4681",20320,0
"4682",20319,0
"4683",20318,0
"4684",20317,0
"4685",20316,0
"4686",20315,0
"4687",20314,0
"4688",20313,0
"4689",20312,0
"4690",20311,0
"4691",20310,0
"4692",20309,0
"4693",20308,0
"4694",20307,0
"4695",20306,0
"4696",20305,0
"4697",20304,0
"4698",20303,0
"4699",20302,0
"4700",20301,0
"4701",20300,0
"4702",20299,0
"4703",20298,0
"4704",20297,0
"4705",20296,0
"4706",20295,0
"4707",20294,0
"4708",20293,0
"4709",20292,0
"4710",20291,0
"4711",20290,0
"4712",20289,0
"4713",20288,0
"4714",20287,0
"4715",20286,0
"4716",20285,0
"4717",20284,0
"4718",20283,0
"4719",20282,0
"4720",20281,0
"4721",20280,0
"4722",20279,0
"4723",20278,0
"4724",20277,0
"4725",20276,0
"4726",20275,0
"4727",20274,0
"4728",20273,0
"4729",20272,0
"4730",20271,0
"4731",20270,0
"4732",20269,0
"4733",20268,0
"4734",20267,0
"4735",20266,0
"4736",20265,0
"4737",20264,0
"4738",20263,0
"4739",20262,0
"4740",20261,0
"4741",20260,0
"4742",20259,0
"4743",20258,0
"4744",20257,0
"4745",20256,0
"4746",20255,0
"4747",20254,0
"4748",20253,0
"4749",20252,0
"4750",20251,0
"4751",20250,0
"4752",20249,0
"4753",20248,0
"4754",20247,0
"4755",20246,0
"4756",20245,0
"4757",20244,0
"4758",20243,0
"4759",20242,0
"4760",20241,0
"4761",20240,0
"4762",20239,0
"4763",20238,0
"4764",20237,0
"4765",20236,0
"4766",20235,0
"4767",20234,0
"4768",20233,0
"4769",20232,0
"4770",20231,0
"4771",20230,0
"4772",20229,0
"4773",20228,0
"4774",20227,0
"4775",20226,0
"4776",20225,0
"4777",20224,0
"4778",20223,0
"4779",20222,0
"4780",20221,0
"4781",20220,0
"4782",20219,0
"4783",20218,0
"4784",20217,0
"4785",20216,0
"4786",20215,0
"4787",20214,0
"4788",20213,0
"4789",20212,0
"4790",20211,0
"4791",20210,0
"4792",20209,0
"4793",20208,0
"4794",20207,0
"4795",20206,0
"4796",20205,0
"4797",20204,0
"4798",20203,0
"4799",20202,0
"4800",20201,0
"4801",20200,0
"4802",20199,0
"4803",20198,0
"4804",20197,0
"4805",20196,0
"4806",20195,0
"4807",20194,0
"4808",20193,0
"4809",20192,0
"4810",20191,0
"4811",20190,0
"4812",20189,0
"4813",20188,0
"4814",20187,0
"4815",20186,0
"4816",20185,0
"4817",20184,0
"4818",20183,0
"4819",20182,0
"4820",20181,0
"4821",20180,0
"4822",20179,0
"4823",20178,0
"4824",20177,0
"4825",20176,0
"4826",20175,0
"4827",20174,0
"4828",20173,0
"4829",20172,0
"4830",20171,0
"4831",20170,0
"4832",20169,0
"4833",20168,0
"4834",20167,0
"4835",20166,0
"4836",20165,0
"4837",20164,0
"4838",20163,0
"4839",20162,0
"4840",20161,0
"4841",20160,0
"4842",20159,0
"4843",20158,0
"4844",20157,0
"4845",20156,0
"4846",20155,0
"4847",20154,0
"4848",20153,0
"4849",20152,0
"4850",20151,0
"4851",20150,0
"4852",20149,0
"4853",20148,0
"4854",20147,0
"4855",20146,0
"4856",20145,0
"4857",20144,0
"4858",20143,0
"4859",20142,0
"4860",20141,0
"4861",20140,0
"4862",20139,0
"4863",20138,0
"4864",20137,0
"4865",20136,0
"4866",20135,0
"4867",20134,0
"4868",20133,0
"4869",20132,0
"4870",20131,0
"4871",20130,0
"4872",20129,0
"4873",20128,0
"4874",20127,0
"4875",20126,0
"4876",20125,0
"4877",20124,0
"4878",20123,0
"4879",20122,0
"4880",20121,0
"4881",20120,0
"4882",20119,0
"4883",20118,0
"4884",20117,0
"4885",20116,0
"4886",20115,0
"4887",20114,0
"4888",20113,0
"4889",20112,0
"4890",20111,0
"4891",20110,0
"4892",20109,0
"4893",20108,0
"4894",20107,0
"4895",20106,0
"4896",20105,0
"4897",20104,0
"4898",20103,0
"4899",20102,0
"4900",20101,0
"4901",20100,0
"4902",20099,0
"4903",20098,0
"4904",20097,0
"4905",20096,0
"4906",20095,0
"4907",20094,0
"4908",20093,0
"4909",20092,0
"4910",20091,0
"4911",20090,0
"4912",20089,0
"4913",20088,0
"4914",20087,0
"4915",20086,0
"4916",20085,0
"4917",20084,0
"4918",20083,0
"4919",20082,0
"4920",20081,0
"4921",20080,0
"4922",20079,0
"4923",20078,0
"4924",20077,0
"4925",20076,0
"4926",20075,0
"4927",20074,0
"4928",20073,0
"4929",20072,0
"4930",20071,0
"4931",20070,0
"4932",20069,0
"4933",20068,0
"4934",20067,0
"4935",20066,0
"4936",20065,0
"4937",20064,0
"4938",20063,0
"4939",20062,0
"4940",20061,0
"4941",20060,0
"4942",20059,0
"4943",20058,0
"4944",20057,0
"4945",20056,0
"4946",20055,0
"4947",20054,0
"4948",20053,0
"4949",20052,0
"4950",20051,0
"4951",20050,0
"4952",20049,0
"4953",20048,0
"4954",20047,0
"4955",20046,0
"4956",20045,0
"4957",20044,0
"4958",20043,0
"4959",20042,0
"4960",20041,0
"4961",20040,0
"4962",20039,0
"4963",20038,0
"4964",20037,0
"4965",20036,0
"4966",20035,0
"4967",20034,0
"4968",20033,0
"4969",20032,0
"4970",20031,0
"4971",20030,0
"4972",20029,0
"4973",20028,0
"4974",20027,0
"4975",20026,0
"4976",20025,0
"4977",20024,0
"4978",20023,0
"4979",20022,0
"4980",20021,0
"4981",20020,0
"4982",20019,0
"4983",20018,0
"4984",20017,0
"4985",20016,0
"4986",20015,0
"4987",20014,0
"4988",20013,0
"4989",20012,0
"4990",20011,0
"4991",20010,0
"4992",20009,0
"4993",20008,0
"4994",20007,0
"4995",20006,0
"4996",20005,0
"4997",20004,0
"4998",20003,0
"4999",20002,0
"5000",20001,0
"5001",20000,0
"5002",19999,0
"5003",19998,0
"5004",19997,0
"5005",19996,0
"5006",19995,0
"5007",19994,0
"5008",19993,0
"5009",19992,0
"5010",19991,0
"5011",19990,0
"5012",19989,0
"5013",19988,0
"5014",19987,0
"5015",19986,0
"5016",19985,0
"5017",19984,0
"5018",19983,0
"5019",19982,0
"5020",19981,0
"5021",19980,0
"5022",19979,0
"5023",19978,0
"5024",19977,0
"5025",19976,0
"5026",19975,0
"5027",19974,0
"5028",19973,0
"5029",19972,0
"5030",19971,0
"5031",19970,0
"5032",19969,0
"5033",19968,0
"5034",19967,0
"5035",19966,0
"5036",19965,0
"5037",19964,0
"5038",19963,0
"5039",19962,0
"5040",19961,0
"5041",19960,0
"5042",19959,0
"5043",19958,0
"5044",19957,0
"5045",19956,0
"5046",19955,0
"5047",19954,0
"5048",19953,0
"5049",19952,0
"5050",19951,0
"5051",19950,0
"5052",19949,0
"5053",19948,0
"5054",19947,0
"5055",19946,0
"5056",19945,0
"5057",19944,0
"5058",19943,0
"5059",19942,0
"5060",19941,0
"5061",19940,0
"5062",19939,0
"5063",19938,0
"5064",19937,0
"5065",19936,0
"5066",19935,0
"5067",19934,0
"5068",19933,0
"5069",19932,0
"5070",19931,0
"5071",19930,0
"5072",19929,0
"5073",19928,0
"5074",19927,0
"5075",19926,0
"5076",19925,0
"5077",19924,0
"5078",19923,0
"5079",19922,0
"5080",19921,0
"5081",19920,0
"5082",19919,0
"5083",19918,0
"5084",19917,0
"5085",19916,0
"5086",19915,0
"5087",19914,0
"5088",19913,0
"5089",19912,0
"5090",19911,0
"5091",19910,0
"5092",19909,0
"5093",19908,0
"5094",19907,0
"5095",19906,0
"5096",19905,0
"5097",19904,0
"5098",19903,0
"5099",19902,0
"5100",19901,0
"5101",19900,0
"5102",19899,0
"5103",19898,0
"5104",19897,0
"5105",19896,0
"5106",19895,0
"5107",19894,0
"5108",19893,0
"5109",19892,0
"5110",19891,0
"5111",19890,0
"5112",19889,0
"5113",19888,0
"5114",19887,0
"5115",19886,0
"5116",19885,0
"5117",19884,0
"5118",19883,0
"5119",19882,0
"5120",19881,0
"5121",19880,0
"5122",19879,0
"5123",19878,0
"5124",19877,0
"5125",19876,0
"5126",19875,0
"5127",19874,0
"5128",19873,0
"5129",19872,0
"5130",19871,0
"5131",19870,0
"5132",19869,0
"5133",19868,0
"5134",19867,0
"5135",19866,0
"5136",19865,0
"5137",19864,0
"5138",19863,0
"5139",19862,0
"5140",19861,0
"5141",19860,0
"5142",19859,0
"5143",19858,0
"5144",19857,0
"5145",19856,0
"5146",19855,0
"5147",19854,0
"5148",19853,0
"5149",19852,0
"5150",19851,0
"5151",19850,0
"5152",19849,0
"5153",19848,0
"5154",19847,0
"5155",19846,0
"5156",19845,0
"5157",19844,0
"5158",19843,0
"5159",19842,0
"5160",19841,0
"5161",19840,0
"5162",19839,0
"5163",19838,0
"5164",19837,0
"5165",19836,0
"5166",19835,0
"5167",19834,0
"5168",19833,0
"5169",19832,0
"5170",19831,0
"5171",19830,0
"5172",19829,0
"5173",19828,0
"5174",19827,0
"5175",19826,0
"5176",19825,0
"5177",19824,0
"5178",19823,0
"5179",19822,0
"5180",19821,0
"5181",19820,0
"5182",19819,0
"5183",19818,0
"5184",19817,0
"5185",19816,0
"5186",19815,0
"5187",19814,0
"5188",19813,0
"5189",19812,0
"5190",19811,0
"5191",19810,0
"5192",19809,0
"5193",19808,0
"5194",19807,0
"5195",19806,0
"5196",19805,0
"5197",19804,0
"5198",19803,0
"5199",19802,0
"5200",19801,0
"5201",19800,0
"5202",19799,0
"5203",19798,0
"5204",19797,0
"5205",19796,0
"5206",19795,0
"5207",19794,0
"5208",19793,0
"5209",19792,0
"5210",19791,0
"5211",19790,0
"5212",19789,0
"5213",19788,0
"5214",19787,0
"5215",19786,0
"5216",19785,0
"5217",19784,0
"5218",19783,0
"5219",19782,0
"5220",19781,0
"5221",19780,0
"5222",19779,0
"5223",19778,0
"5224",19777,0
"5225",19776,0
"5226",19775,0
"5227",19774,0
"5228",19773,0
"5229",19772,0
"5230",19771,0
"5231",19770,0
"5232",19769,0
"5233",19768,0
"5234",19767,0
"5235",19766,0
"5236",19765,0
"5237",19764,0
"5238",19763,0
"5239",19762,0
"5240",19761,0
"5241",19760,0
"5242",19759,0
"5243",19758,0
"5244",19757,0
"5245",19756,0
"5246",19755,0
"5247",19754,0
"5248",19753,0
"5249",19752,0
"5250",19751,0
"5251",19750,0
"5252",19749,0
"5253",19748,0
"5254",19747,0
"5255",19746,0
"5256",19745,0
"5257",19744,0
"5258",19743,0
"5259",19742,0
"5260",19741,0
"5261",19740,0
"5262",19739,0
"5263",19738,0
"5264",19737,0
"5265",19736,0
"5266",19735,0
"5267",19734,0
"5268",19733,0
"5269",19732,0
"5270",19731,0
"5271",19730,0
"5272",19729,0
"5273",19728,0
"5274",19727,0
"5275",19726,0
"5276",19725,0
"5277",19724,0
"5278",19723,0
"5279",19722,0
"5280",19721,0
"5281",19720,0
"5282",19719,0
"5283",19718,0
"5284",19717,0
"5285",19716,0
"5286",19715,0
"5287",19714,0
"5288",19713,0
"5289",19712,0
"5290",19711,0
"5291",19710,0
"5292",19709,0
"5293",19708,0
"5294",19707,0
"5295",19706,0
"5296",19705,0
"5297",19704,0
"5298",19703,0
"5299",19702,0
"5300",19701,0
"5301",19700,0
"5302",19699,0
"5303",19698,0
"5304",19697,0
"5305",19696,0
"5306",19695,0
"5307",19694,0
"5308",19693,0
"5309",19692,0
"5310",19691,0
"5311",19690,0
"5312",19689,0
"5313",19688,0
"5314",19687,0
"5315",19686,0
"5316",19685,0
"5317",19684,0
"5318",19683,0
"5319",19682,0
"5320",19681,0
"5321",19680,0
"5322",19679,0
"5323",19678,0
"5324",19677,0
"5325",19676,0
"5326",19675,0
"5327",19674,0
"5328",19673,0
"5329",19672,0
"5330",19671,0
"5331",19670,0
"5332",19669,0
"5333",19668,0
"5334",19667,0
"5335",19666,0
"5336",19665,0
"5337",19664,0
"5338",19663,0
"5339",19662,0
"5340",19661,0
"5341",19660,0
"5342",19659,0
"5343",19658,0
"5344",19657,0
"5345",19656,0
"5346",19655,0
"5347",19654,0
"5348",19653,0
"5349",19652,0
"5350",19651,0
"5351",19650,0
"5352",19649,0
"5353",19648,0
"5354",19647,0
"5355",19646,0
"5356",19645,0
"5357",19644,0
"5358",19643,0
"5359",19642,0
"5360",19641,0
"5361",19640,0
"5362",19639,0
"5363",19638,0
"5364",19637,0
"5365",19636,0
"5366",19635,0
"5367",19634,0
"5368",19633,0
"5369",19632,0
"5370",19631,0
"5371",19630,0
"5372",19629,0
"5373",19628,0
"5374",19627,0
"5375",19626,0
"5376",19625,0
"5377",19624,0
"5378",19623,0
"5379",19622,0
"5380",19621,0
"5381",19620,0
"5382",19619,0
"5383",19618,0
"5384",19617,0
"5385",19616,0
"5386",19615,0
"5387",19614,0
"5388",19613,0
"5389",19612,0
"5390",19611,0
"5391",19610,0
"5392",19609,0
"5393",19608,0
"5394",19607,0
"5395",19606,0
"5396",19605,0
"5397",19604,0
"5398",19603,0
"5399",19602,0
"5400",19601,0
"5401",19600,0
"5402",19599,0
"5403",19598,0
"5404",19597,0
"5405",19596,0
"5406",19595,0
"5407",19594,0
"5408",19593,0
"5409",19592,0
"5410",19591,0
"5411",19590,0
"5412",19589,0
"5413",19588,0
"5414",19587,0
"5415",19586,0
"5416",19585,0
"5417",19584,0
"5418",19583,0
"5419",19582,0
"5420",19581,0
"5421",19580,0
"5422",19579,0
"5423",19578,0
"5424",19577,0
"5425",19576,0
"5426",19575,0
"5427",19574,0
"5428",19573,0
"5429",19572,0
"5430",19571,0
"5431",19570,0
"5432",19569,0
"5433",19568,0
"5434",19567,0
"5435",19566,0
"5436",19565,0
"5437",19564,0
"5438",19563,0
"5439",19562,0
"5440",19561,0
"5441",19560,0
"5442",19559,0
"5443",19558,0
"5444",19557,0
"5445",19556,0
"5446",19555,0
"5447",19554,0
"5448",19553,0
"5449",19552,0
"5450",19551,0
"5451",19550,0
"5452",19549,0
"5453",19548,0
"5454",19547,0
"5455",19546,0
"5456",19545,0
"5457",19544,0
"5458",19543,0
"5459",19542,0
"5460",19541,0
"5461",19540,0
"5462",19539,0
"5463",19538,0
"5464",19537,0
"5465",19536,0
"5466",19535,0
"5467",19534,0
"5468",19533,0
"5469",19532,0
"5470",19531,0
"5471",19530,0
"5472",19529,0
"5473",19528,0
"5474",19527,0
"5475",19526,0
"5476",19525,0
"5477",19524,0
"5478",19523,0
"5479",19522,0
"5480",19521,0
"5481",19520,0
"5482",19519,0
"5483",19518,0
"5484",19517,0
"5485",19516,0
"5486",19515,0
"5487",19514,0
"5488",19513,0
"5489",19512,0
"5490",19511,0
"5491",19510,0
"5492",19509,0
"5493",19508,0
"5494",19507,0
"5495",19506,0
"5496",19505,0
"5497",19504,0
"5498",19503,0
"5499",19502,0
"5500",19501,0
"5501",19500,0
"5502",19499,0
"5503",19498,0
"5504",19497,0
"5505",19496,0
"5506",19495,0
"5507",19494,0
"5508",19493,0
"5509",19492,0
"5510",19491,0
"5511",19490,0
"5512",19489,0
"5513",19488,0
"5514",19487,0
"5515",19486,0
"5516",19485,0
"5517",19484,0
"5518",19483,0
"5519",19482,0
"5520",19481,0
"5521",19480,0
"5522",19479,0
"5523",19478,0
"5524",19477,0
"5525",19476,0
"5526",19475,0
"5527",19474,0
"5528",19473,0
"5529",19472,0
"5530",19471,0
"5531",19470,0
"5532",19469,0
"5533",19468,0
"5534",19467,0
"5535",19466,0
"5536",19465,0
"5537",19464,0
"5538",19463,0
"5539",19462,0
"5540",19461,0
"5541",19460,0
"5542",19459,0
"5543",19458,0
"5544",19457,0
"5545",19456,0
"5546",19455,0
"5547",19454,0
"5548",19453,0
"5549",19452,0
"5550",19451,0
"5551",19450,0
"5552",19449,0
"5553",19448,0
"5554",19447,0
"5555",19446,0
"5556",19445,0
"5557",19444,0
"5558",19443,0
"5559",19442,0
"5560",19441,0
"5561",19440,0
"5562",19439,0
"5563",19438,0
"5564",19437,0
"5565",19436,0
"5566",19435,0
"5567",19434,0
"5568",19433,0
"5569",19432,0
"5570",19431,0
"5571",19430,0
"5572",19429,0
"5573",19428,0
"5574",19427,0
"5575",19426,0
"5576",19425,0
"5577",19424,0
"5578",19423,0
"5579",19422,0
"5580",19421,0
"5581",19420,0
"5582",19419,0
"5583",19418,0
"5584",19417,0
"5585",19416,0
"5586",19415,0
"5587",19414,0
"5588",19413,0
"5589",19412,0
"5590",19411,0
"5591",19410,0
"5592",19409,0
"5593",19408,0
"5594",19407,0
"5595",19406,0
"5596",19405,0
"5597",19404,0
"5598",19403,0
"5599",19402,0
"5600",19401,0
"5601",19400,0
"5602",19399,0
"5603",19398,0
"5604",19397,0
"5605",19396,0
"5606",19395,0
"5607",19394,0
"5608",19393,0
"5609",19392,0
"5610",19391,0
"5611",19390,0
"5612",19389,0
"5613",19388,0
"5614",19387,0
"5615",19386,0
"5616",19385,0
"5617",19384,0
"5618",19383,0
"5619",19382,0
"5620",19381,0
"5621",19380,0
"5622",19379,0
"5623",19378,0
"5624",19377,0
"5625",19376,0
"5626",19375,0
"5627",19374,0
"5628",19373,0
"5629",19372,0
"5630",19371,0
"5631",19370,0
"5632",19369,0
"5633",19368,0
"5634",19367,0
"5635",19366,0
"5636",19365,0
"5637",19364,0
"5638",19363,0
"5639",19362,0
"5640",19361,0
"5641",19360,0
"5642",19359,0
"5643",19358,0
"5644",19357,0
"5645",19356,0
"5646",19355,0
"5647",19354,0
"5648",19353,0
"5649",19352,0
"5650",19351,0
"5651",19350,0
"5652",19349,0
"5653",19348,0
"5654",19347,0
"5655",19346,0
"5656",19345,0
"5657",19344,0
"5658",19343,0
"5659",19342,0
"5660",19341,0
"5661",19340,0
"5662",19339,0
"5663",19338,0
"5664",19337,0
"5665",19336,0
"5666",19335,0
"5667",19334,0
"5668",19333,0
"5669",19332,0
"5670",19331,0
"5671",19330,0
"5672",19329,0
"5673",19328,0
"5674",19327,0
"5675",19326,0
"5676",19325,0
"5677",19324,0
"5678",19323,0
"5679",19322,0
"5680",19321,0
"5681",19320,0
"5682",19319,0
"5683",19318,0
"5684",19317,0
"5685",19316,0
"5686",19315,0
"5687",19314,0
"5688",19313,0
"5689",19312,0
"5690",19311,0
"5691",19310,0
"5692",19309,0
"5693",19308,0
"5694",19307,0
"5695",19306,0
"5696",19305,0
"5697",19304,0
"5698",19303,0
"5699",19302,0
"5700",19301,0
"5701",19300,0
"5702",19299,0
"5703",19298,0
"5704",19297,0
"5705",19296,0
"5706",19295,0
"5707",19294,0
"5708",19293,0
"5709",19292,0
"5710",19291,0
"5711",19290,0
"5712",19289,0
"5713",19288,0
"5714",19287,0
"5715",19286,0
"5716",19285,0
"5717",19284,0
"5718",19283,0
"5719",19282,0
"5720",19281,0
"5721",19280,0
"5722",19279,0
"5723",19278,0
"5724",19277,0
"5725",19276,0
"5726",19275,0
"5727",19274,0
"5728",19273,0
"5729",19272,0
"5730",19271,0
"5731",19270,0
"5732",19269,0
"5733",19268,0
"5734",19267,0
"5735",19266,0
"5736",19265,0
"5737",19264,0
"5738",19263,0
"5739",19262,0
"5740",19261,0
"5741",19260,0
"5742",19259,0
"5743",19258,0
"5744",19257,0
"5745",19256,0
"5746",19255,0
"5747",19254,0
"5748",19253,0
"5749",19252,0
"5750",19251,0
"5751",19250,0
"5752",19249,0
"5753",19248,0
"5754",19247,0
"5755",19246,0
"5756",19245,0
"5757",19244,0
"5758",19243,0
"5759",19242,0
"5760",19241,0
"5761",19240,0
"5762",19239,0
"5763",19238,0
"5764",19237,0
"5765",19236,0
"5766",19235,0
"5767",19234,0
"5768",19233,0
"5769",19232,0
"5770",19231,0
"5771",19230,0
"5772",19229,0
"5773",19228,0
"5774",19227,0
"5775",19226,0
"5776",19225,0
"5777",19224,0
"5778",19223,0
"5779",19222,0
"5780",19221,0
"5781",19220,0
"5782",19219,0
"5783",19218,0
"5784",19217,0
"5785",19216,0
"5786",19215,0
"5787",19214,0
"5788",19213,0
"5789",19212,0
"5790",19211,0
"5791",19210,0
"5792",19209,0
"5793",19208,0
"5794",19207,0
"5795",19206,0
"5796",19205,0
"5797",19204,0
"5798",19203,0
"5799",19202,0
"5800",19201,0
"5801",19200,0
"5802",19199,0
"5803",19198,0
"5804",19197,0
"5805",19196,0
"5806",19195,0
"5807",19194,0
"5808",19193,0
"5809",19192,0
"5810",19191,0
"5811",19190,0
"5812",19189,0
"5813",19188,0
"5814",19187,0
"5815",19186,0
"5816",19185,0
"5817",19184,0
"5818",19183,0
"5819",19182,0
"5820",19181,0
"5821",19180,0
"5822",19179,0
"5823",19178,0
"5824",19177,0
"5825",19176,0
"5826",19175,0
"5827",19174,0
"5828",19173,0
"5829",19172,0
"5830",19171,0
"5831",19170,0
"5832",19169,0
"5833",19168,0
"5834",19167,0
"5835",19166,0
"5836",19165,0
"5837",19164,0
"5838",19163,0
"5839",19162,0
"5840",19161,0
"5841",19160,0
"5842",19159,0
"5843",19158,0
"5844",19157,0
"5845",19156,0
"5846",19155,0
"5847",19154,0
"5848",19153,0
"5849",19152,0
"5850",19151,0
"5851",19150,0
"5852",19149,0
"5853",19148,0
"5854",19147,0
"5855",19146,0
"5856",19145,0
"5857",19144,0
"5858",19143,0
"5859",19142,0
"5860",19141,0
"5861",19140,0
"5862",19139,0
"5863",19138,0
"5864",19137,0
"5865",19136,0
"5866",19135,0
"5867",19134,0
"5868",19133,0
"5869",19132,0
"5870",19131,0
"5871",19130,0
"5872",19129,0
"5873",19128,0
"5874",19127,0
"5875",19126,0
"5876",19125,0
"5877",19124,0
"5878",19123,0
"5879",19122,0
"5880",19121,0
"5881",19120,0
"5882",19119,0
"5883",19118,0
"5884",19117,0
"5885",19116,0
"5886",19115,0
"5887",19114,0
"5888",19113,0
"5889",19112,0
"5890",19111,0
"5891",19110,0
"5892",19109,0
"5893",19108,0
"5894",19107,0
"5895",19106,0
"5896",19105,0
"5897",19104,0
"5898",19103,0
"5899",19102,0
"5900",19101,0
"5901",19100,0
"5902",19099,0
"5903",19098,0
"5904",19097,0
"5905",19096,0
"5906",19095,0
"5907",19094,0
"5908",19093,0
"5909",19092,0
"5910",19091,0
"5911",19090,0
"5912",19089,0
"5913",19088,0
"5914",19087,0
"5915",19086,0
"5916",19085,0
"5917",19084,0
"5918",19083,0
"5919",19082,0
"5920",19081,0
"5921",19080,0
"5922",19079,0
"5923",19078,0
"5924",19077,0
"5925",19076,0
"5926",19075,0
"5927",19074,0
"5928",19073,0
"5929",19072,0
"5930",19071,0
"5931",19070,0
"5932",19069,0
"5933",19068,0
"5934",19067,0
"5935",19066,0
"5936",19065,0
"5937",19064,0
"5938",19063,0
"5939",19062,0
"5940",19061,0
"5941",19060,0
"5942",19059,0
"5943",19058,0
"5944",19057,0
"5945",19056,0
"5946",19055,0
"5947",19054,0
"5948",19053,0
"5949",19052,0
"5950",19051,0
"5951",19050,0
"5952",19049,0
"5953",19048,0
"5954",19047,0
"5955",19046,0
"5956",19045,0
"5957",19044,0
"5958",19043,0
"5959",19042,0
"5960",19041,0
"5961",19040,0
"5962",19039,0
"5963",19038,0
"5964",19037,0
"5965",19036,0
"5966",19035,0
"5967",19034,0
"5968",19033,0
"5969",19032,0
"5970",19031,0
"5971",19030,0
"5972",19029,0
"5973",19028,0
"5974",19027,0
"5975",19026,0
"5976",19025,0
"5977",19024,0
"5978",19023,0
"5979",19022,0
"5980",19021,0
"5981",19020,0
"5982",19019,0
"5983",19018,0
"5984",19017,0
"5985",19016,0
"5986",19015,0
"5987",19014,0
"5988",19013,0
"5989",19012,0
"5990",19011,0
"5991",19010,0
"5992",19009,0
"5993",19008,0
"5994",19007,0
"5995",19006,0
"5996",19005,0
"5997",19004,0
"5998",19003,0
"5999",19002,0
"6000",19001,0
"6001",19000,0
"6002",18999,0
"6003",18998,0
"6004",18997,0
"6005",18996,0
"6006",18995,0
"6007",18994,0
"6008",18993,0
"6009",18992,0
"6010",18991,0
"6011",18990,0
"6012",18989,0
"6013",18988,0
"6014",18987,0
"6015",18986,0
"6016",18985,0
"6017",18984,0
"6018",18983,0
"6019",18982,0
"6020",18981,0
"6021",18980,0
"6022",18979,0
"6023",18978,0
"6024",18977,0
"6025",18976,0
"6026",18975,0
"6027",18974,0
"6028",18973,0
"6029",18972,0
"6030",18971,0
"6031",18970,0
"6032",18969,0
"6033",18968,0
"6034",18967,0
"6035",18966,0
"6036",18965,0
"6037",18964,0
"6038",18963,0
"6039",18962,0
"6040",18961,0
"6041",18960,0
"6042",18959,0
"6043",18958,0
"6044",18957,0
"6045",18956,0
"6046",18955,0
"6047",18954,0
"6048",18953,0
"6049",18952,0
"6050",18951,0
"6051",18950,0
"6052",18949,0
"6053",18948,0
"6054",18947,0
"6055",18946,0
"6056",18945,0
"6057",18944,0
"6058",18943,0
"6059",18942,0
"6060",18941,0
"6061",18940,0
"6062",18939,0
"6063",18938,0
"6064",18937,0
"6065",18936,0
"6066",18935,0
"6067",18934,0
"6068",18933,0
"6069",18932,0
"6070",18931,0
"6071",18930,0
"6072",18929,0
"6073",18928,0
"6074",18927,0
"6075",18926,0
"6076",18925,0
"6077",18924,0
"6078",18923,0
"6079",18922,0
"6080",18921,0
"6081",18920,0
"6082",18919,0
"6083",18918,0
"6084",18917,0
"6085",18916,0
"6086",18915,0
"6087",18914,0
"6088",18913,0
"6089",18912,0
"6090",18911,0
"6091",18910,0
"6092",18909,0
"6093",18908,0
"6094",18907,0
"6095",18906,0
"6096",18905,0
"6097",18904,0
"6098",18903,0
"6099",18902,0
"6100",18901,0
"6101",18900,0
"6102",18899,0
"6103",18898,0
"6104",18897,0
"6105",18896,0
"6106",18895,0
"6107",18894,0
"6108",18893,0
"6109",18892,0
"6110",18891,0
"6111",18890,0
"6112",18889,0
"6113",18888,0
"6114",18887,0
"6115",18886,0
"6116",18885,0
"6117",18884,0
"6118",18883,0
"6119",18882,0
"6120",18881,0
"6121",18880,0
"6122",18879,0
"6123",18878,0
"6124",18877,0
"6125",18876,0
"6126",18875,0
"6127",18874,0
"6128",18873,0
"6129",18872,0
"6130",18871,0
"6131",18870,0
"6132",18869,0
"6133",18868,0
"6134",18867,0
"6135",18866,0
"6136",18865,0
"6137",18864,0
"6138",18863,0
"6139",18862,0
"6140",18861,0
"6141",18860,0
"6142",18859,0
"6143",18858,0
"6144",18857,0
"6145",18856,0
"6146",18855,0
"6147",18854,0
"6148",18853,0
"6149",18852,0
"6150",18851,0
"6151",18850,0
"6152",18849,0
"6153",18848,0
"6154",18847,0
"6155",18846,0
"6156",18845,0
"6157",18844,0
"6158",18843,0
"6159",18842,0
"6160",18841,0
"6161",18840,0
"6162",18839,0
"6163",18838,0
"6164",18837,0
"6165",18836,0
"6166",18835,0
"6167",18834,0
"6168",18833,0
"6169",18832,0
"6170",18831,0
"6171",18830,0
"6172",18829,0
"6173",18828,0
"6174",18827,0
"6175",18826,0
"6176",18825,0
"6177",18824,0
"6178",18823,0
"6179",18822,0
"6180",18821,0
"6181",18820,0
"6182",18819,0
"6183",18818,0
"6184",18817,0
"6185",18816,0
"6186",18815,0
"6187",18814,0
"6188",18813,0
"6189",18812,0
"6190",18811,0
"6191",18810,0
"6192",18809,0
"6193",18808,0
"6194",18807,0
"6195",18806,0
"6196",18805,0
"6197",18804,0
"6198",18803,0
"6199",18802,0
"6200",18801,0
"6201",18800,0
"6202",18799,0
"6203",18798,0
"6204",18797,0
"6205",18796,0
"6206",18795,0
"6207",18794,0
"6208",18793,0
"6209",18792,0
"6210",18791,0
"6211",18790,0
"6212",18789,0
"6213",18788,0
"6214",18787,0
"6215",18786,0
"6216",18785,0
"6217",18784,0
"6218",18783,0
"6219",18782,0
"6220",18781,0
"6221",18780,0
"6222",18779,0
"6223",18778,0
"6224",18777,0
"6225",18776,0
"6226",18775,0
"6227",18774,0
"6228",18773,0
"6229",18772,0
"6230",18771,0
"6231",18770,0
"6232",18769,0
"6233",18768,0
"6234",18767,0
"6235",18766,0
"6236",18765,0
"6237",18764,0
"6238",18763,0
"6239",18762,0
"6240",18761,0
"6241",18760,0
"6242",18759,0
"6243",18758,0
"6244",18757,0
"6245",18756,0
"6246",18755,0
"6247",18754,0
"6248",18753,0
"6249",18752,0
"6250",18751,0
"6251",18750,0
"6252",18749,0
"6253",18748,0
"6254",18747,0
"6255",18746,0
"6256",18745,0
"6257",18744,0
"6258",18743,0
"6259",18742,0
"6260",18741,0
"6261",18740,0
"6262",18739,0
"6263",18738,0
"6264",18737,0
"6265",18736,0
"6266",18735,0
"6267",18734,0
"6268",18733,0
"6269",18732,0
"6270",18731,0
"6271",18730,0
"6272",18729,0
"6273",18728,0
"6274",18727,0
"6275",18726,0
"6276",18725,0
"6277",18724,0
"6278",18723,0
"6279",18722,0
"6280",18721,0
"6281",18720,0
"6282",18719,0
"6283",18718,0
"6284",18717,0
"6285",18716,0
"6286",18715,0
"6287",18714,0
"6288",18713,0
"6289",18712,0
"6290",18711,0
"6291",18710,0
"6292",18709,0
"6293",18708,0
"6294",18707,0
"6295",18706,0
"6296",18705,0
"6297",18704,0
"6298",18703,0
"6299",18702,0
"6300",18701,0
"6301",18700,0
"6302",18699,0
"6303",18698,0
"6304",18697,0
"6305",18696,0
"6306",18695,0
"6307",18694,0
"6308",18693,0
"6309",18692,0
"6310",18691,0
"6311",18690,0
"6312",18689,0
"6313",18688,0
"6314",18687,0
"6315",18686,0
"6316",18685,0
"6317",18684,0
"6318",18683,0
"6319",18682,0
"6320",18681,0
"6321",18680,0
"6322",18679,0
"6323",18678,0
"6324",18677,0
"6325",18676,0
"6326",18675,0
"6327",18674,0
"6328",18673,0
"6329",18672,0
"6330",18671,0
"6331",18670,0
"6332",18669,0
"6333",18668,0
"6334",18667,0
"6335",18666,0
"6336",18665,0
"6337",18664,0
"6338",18663,0
"6339",18662,0
"6340",18661,0
"6341",18660,0
"6342",18659,0
"6343",18658,0
"6344",18657,0
"6345",18656,0
"6346",18655,0
"6347",18654,0
"6348",18653,0
"6349",18652,0
"6350",18651,0
"6351",18650,0
"6352",18649,0
"6353",18648,0
"6354",18647,0
"6355",18646,0
"6356",18645,0
"6357",18644,0
"6358",18643,0
"6359",18642,0
"6360",18641,0
"6361",18640,0
"6362",18639,0
"6363",18638,0
"6364",18637,0
"6365",18636,0
"6366",18635,0
"6367",18634,0
"6368",18633,0
"6369",18632,0
"6370",18631,0
"6371",18630,0
"6372",18629,0
"6373",18628,0
"6374",18627,0
"6375",18626,0
"6376",18625,0
"6377",18624,0
"6378",18623,0
"6379",18622,0
"6380",18621,0
"6381",18620,0
"6382",18619,0
"6383",18618,0
"6384",18617,0
"6385",18616,0
"6386",18615,0
"6387",18614,0
"6388",18613,0
"6389",18612,0
"6390",18611,0
"6391",18610,0
"6392",18609,0
"6393",18608,0
"6394",18607,0
"6395",18606,0
"6396",18605,0
"6397",18604,0
"6398",18603,0
"6399",18602,0
"6400",18601,0
"6401",18600,0
"6402",18599,0
"6403",18598,0
"6404",18597,0
"6405",18596,0
"6406",18595,0
"6407",18594,0
"6408",18593,0
"6409",18592,0
"6410",18591,0
"6411",18590,0
"6412",18589,0
"6413",18588,0
"6414",18587,0
"6415",18586,0
"6416",18585,0
"6417",18584,0
"6418",18583,0
"6419",18582,0
"6420",18581,0
"6421",18580,0
"6422",18579,0
"6423",18578,0
"6424",18577,0
"6425",18576,0
"6426",18575,0
"6427",18574,0
"6428",18573,0
"6429",18572,0
"6430",18571,0
"6431",18570,0
"6432",18569,0
"6433",18568,0
"6434",18567,0
"6435",18566,0
"6436",18565,0
"6437",18564,0
"6438",18563,0
"6439",18562,0
"6440",18561,0
"6441",18560,0
"6442",18559,0
"6443",18558,0
"6444",18557,0
"6445",18556,0
"6446",18555,0
"6447",18554,0
"6448",18553,0
"6449",18552,0
"6450",18551,0
"6451",18550,0
"6452",18549,0
"6453",18548,0
"6454",18547,0
"6455",18546,0
"6456",18545,0
"6457",18544,0
"6458",18543,0
"6459",18542,0
"6460",18541,0
"6461",18540,0
"6462",18539,0
"6463",18538,0
"6464",18537,0
"6465",18536,0
"6466",18535,0
"6467",18534,0
"6468",18533,0
"6469",18532,0
"6470",18531,0
"6471",18530,0
"6472",18529,0
"6473",18528,0
"6474",18527,0
"6475",18526,0
"6476",18525,0
"6477",18524,0
"6478",18523,0
"6479",18522,0
"6480",18521,0
"6481",18520,0
"6482",18519,0
"6483",18518,0
"6484",18517,0
"6485",18516,0
"6486",18515,0
"6487",18514,0
"6488",18513,0
"6489",18512,0
"6490",18511,0
"6491",18510,0
"6492",18509,0
"6493",18508,0
"6494",18507,0
"6495",18506,0
"6496",18505,0
"6497",18504,0
"6498",18503,0
"6499",18502,0
"6500",18501,0
"6501",18500,0
"6502",18499,0
"6503",18498,0
"6504",18497,0
"6505",18496,0
"6506",18495,0
"6507",18494,0
"6508",18493,0
"6509",18492,0
"6510",18491,0
"6511",18490,0
"6512",18489,0
"6513",18488,0
"6514",18487,0
"6515",18486,0
"6516",18485,0
"6517",18484,0
"6518",18483,0
"6519",18482,0
"6520",18481,0
"6521",18480,0
"6522",18479,0
"6523",18478,0
"6524",18477,0
"6525",18476,0
"6526",18475,0
"6527",18474,0
"6528",18473,0
"6529",18472,0
"6530",18471,0
"6531",18470,0
"6532",18469,0
"6533",18468,0
"6534",18467,0
"6535",18466,0
"6536",18465,0
"6537",18464,0
"6538",18463,0
"6539",18462,0
"6540",18461,0
"6541",18460,0
"6542",18459,0
"6543",18458,0
"6544",18457,0
"6545",18456,0
"6546",18455,0
"6547",18454,0
"6548",18453,0
"6549",18452,0
"6550",18451,0
"6551",18450,0
"6552",18449,0
"6553",18448,0
"6554",18447,0
"6555",18446,0
"6556",18445,0
"6557",18444,0
"6558",18443,0
"6559",18442,0
"6560",18441,0
"6561",18440,0
"6562",18439,0
"6563",18438,0
"6564",18437,0
"6565",18436,0
"6566",18435,0
"6567",18434,0
"6568",18433,0
"6569",18432,0
"6570",18431,0
"6571",18430,0
"6572",18429,0
"6573",18428,0
"6574",18427,0
"6575",18426,0
"6576",18425,0
"6577",18424,0
"6578",18423,0
"6579",18422,0
"6580",18421,0
"6581",18420,0
"6582",18419,0
"6583",18418,0
"6584",18417,0
"6585",18416,0
"6586",18415,0
"6587",18414,0
"6588",18413,0
"6589",18412,0
"6590",18411,0
"6591",18410,0
"6592",18409,0
"6593",18408,0
"6594",18407,0
"6595",18406,0
"6596",18405,0
"6597",18404,0
"6598",18403,0
"6599",18402,0
"6600",18401,0
"6601",18400,0
"6602",18399,0
"6603",18398,0
"6604",18397,0
"6605",18396,0
"6606",18395,0
"6607",18394,0
"6608",18393,0
"6609",18392,0
"6610",18391,0
"6611",18390,0
"6612",18389,0
"6613",18388,0
"6614",18387,0
"6615",18386,0
"6616",18385,0
"6617",18384,0
"6618",18383,0
"6619",18382,0
"6620",18381,0
"6621",18380,0
"6622",18379,0
"6623",18378,0
"6624",18377,0
"6625",18376,0
"6626",18375,0
"6627",18374,0
"6628",18373,0
"6629",18372,0
"6630",18371,0
"6631",18370,0
"6632",18369,0
"6633",18368,0
"6634",18367,0
"6635",18366,0
"6636",18365,0
"6637",18364,0
"6638",18363,0
"6639",18362,0
"6640",18361,0
"6641",18360,0
"6642",18359,0
"6643",18358,0
"6644",18357,0
"6645",18356,0
"6646",18355,0
"6647",18354,0
"6648",18353,0
"6649",18352,0
"6650",18351,0
"6651",18350,0
"6652",18349,0
"6653",18348,0
"6654",18347,0
"6655",18346,0
"6656",18345,0
"6657",18344,0
"6658",18343,0
"6659",18342,0
"6660",18341,0
"6661",18340,0
"6662",18339,0
"6663",18338,0
"6664",18337,0
"6665",18336,0
"6666",18335,0
"6667",18334,0
"6668",18333,0
"6669",18332,0
"6670",18331,0
"6671",18330,0
"6672",18329,0
"6673",18328,0
"6674",18327,0
"6675",18326,0
"6676",18325,0
"6677",18324,0
"6678",18323,0
"6679",18322,0
"6680",18321,0
"6681",18320,0
"6682",18319,0
"6683",18318,0
"6684",18317,0
"6685",18316,0
"6686",18315,0
"6687",18314,0
"6688",18313,0
"6689",18312,0
"6690",18311,0
"6691",18310,0
"6692",18309,0
"6693",18308,0
"6694",18307,0
"6695",18306,0
"6696",18305,0
"6697",18304,0
"6698",18303,0
"6699",18302,0
"6700",18301,0
"6701",18300,0
"6702",18299,0
"6703",18298,0
"6704",18297,0
"6705",18296,0
"6706",18295,0
"6707",18294,0
"6708",18293,0
"6709",18292,0
"6710",18291,0
"6711",18290,0
"6712",18289,0
"6713",18288,0
"6714",18287,0
"6715",18286,0
"6716",18285,0
"6717",18284,0
"6718",18283,0
"6719",18282,0
"6720",18281,0
"6721",18280,0
"6722",18279,0
"6723",18278,0
"6724",18277,0
"6725",18276,0
"6726",18275,0
"6727",18274,0
"6728",18273,0
"6729",18272,0
"6730",18271,0
"6731",18270,0
"6732",18269,0
"6733",18268,0
"6734",18267,0
"6735",18266,0
"6736",18265,0
"6737",18264,0
"6738",18263,0
"6739",18262,0
"6740",18261,0
"6741",18260,0
"6742",18259,0
"6743",18258,0
"6744",18257,0
"6745",18256,0
"6746",18255,0
"6747",18254,0
"6748",18253,0
"6749",18252,0
"6750",18251,0
"6751",18250,0
"6752",18249,0
"6753",18248,0
"6754",18247,0
"6755",18246,0
"6756",18245,0
"6757",18244,0
"6758",18243,0
"6759",18242,0
"6760",18241,0
"6761",18240,0
"6762",18239,0
"6763",18238,0
"6764",18237,0
"6765",18236,0
"6766",18235,0
"6767",18234,0
"6768",18233,0
"6769",18232,0
"6770",18231,0
"6771",18230,0
"6772",18229,0
"6773",18228,0
"6774",18227,0
"6775",18226,0
"6776",18225,0
"6777",18224,0
"6778",18223,0
"6779",18222,0
"6780",18221,0
"6781",18220,0
"6782",18219,0
"6783",18218,0
"6784",18217,0
"6785",18216,0
"6786",18215,0
"6787",18214,0
"6788",18213,0
"6789",18212,0
"6790",18211,0
"6791",18210,0
"6792",18209,0
"6793",18208,0
"6794",18207,0
"6795",18206,0
"6796",18205,0
"6797",18204,0
"6798",18203,0
"6799",18202,0
"6800",18201,0
"6801",18200,0
"6802",18199,0
"6803",18198,0
"6804",18197,0
"6805",18196,0
"6806",18195,0
"6807",18194,0
"6808",18193,0
"6809",18192,0
"6810",18191,0
"6811",18190,0
"6812",18189,0
"6813",18188,0
"6814",18187,0
"6815",18186,0
"6816",18185,0
"6817",18184,0
"6818",18183,0
"6819",18182,0
"6820",18181,0
"6821",18180,0
"6822",18179,0
"6823",18178,0
"6824",18177,0
"6825",18176,0
"6826",18175,0
"6827",18174,0
"6828",18173,0
"6829",18172,0
"6830",18171,0
"6831",18170,0
"6832",18169,0
"6833",18168,0
"6834",18167,0
"6835",18166,0
"6836",18165,0
"6837",18164,0
"6838",18163,0
"6839",18162,0
"6840",18161,0
"6841",18160,0
"6842",18159,0
"6843",18158,0
"6844",18157,0
"6845",18156,0
"6846",18155,0
"6847",18154,0
"6848",18153,0
"6849",18152,0
"6850",18151,0
"6851",18150,0
"6852",18149,0
"6853",18148,0
"6854",18147,0
"6855",18146,0
"6856",18145,0
"6857",18144,0
"6858",18143,0
"6859",18142,0
"6860",18141,0
"6861",18140,0
"6862",18139,0
"6863",18138,0
"6864",18137,0
"6865",18136,0
"6866",18135,0
"6867",18134,0
"6868",18133,0
"6869",18132,0
"6870",18131,0
"6871",18130,0
"6872",18129,0
"6873",18128,0
"6874",18127,0
"6875",18126,0
"6876",18125,0
"6877",18124,0
"6878",18123,0
"6879",18122,0
"6880",18121,0
"6881",18120,0
"6882",18119,0
"6883",18118,0
"6884",18117,0
"6885",18116,0
"6886",18115,0
"6887",18114,0
"6888",18113,0
"6889",18112,0
"6890",18111,0
"6891",18110,0
"6892",18109,0
"6893",18108,0
"6894",18107,0
"6895",18106,0
"6896",18105,0
"6897",18104,0
"6898",18103,0
"6899",18102,0
"6900",18101,0
"6901",18100,0
"6902",18099,0
"6903",18098,0
"6904",18097,0
"6905",18096,0
"6906",18095,0
"6907",18094,0
"6908",18093,0
"6909",18092,0
"6910",18091,0
"6911",18090,0
"6912",18089,0
"6913",18088,0
"6914",18087,0
"6915",18086,0
"6916",18085,0
"6917",18084,0
"6918",18083,0
"6919",18082,0
"6920",18081,0
"6921",18080,0
"6922",18079,0
"6923",18078,0
"6924",18077,0
"6925",18076,0
"6926",18075,0
"6927",18074,0
"6928",18073,0
"6929",18072,0
"6930",18071,0
"6931",18070,0
"6932",18069,0
"6933",18068,0
"6934",18067,0
"6935",18066,0
"6936",18065,0
"6937",18064,0
"6938",18063,0
"6939",18062,0
"6940",18061,0
"6941",18060,0
"6942",18059,0
"6943",18058,0
"6944",18057,0
"6945",18056,0
"6946",18055,0
"6947",18054,0
"6948",18053,0
"6949",18052,0
"6950",18051,0
"6951",18050,0
"6952",18049,0
"6953",18048,0
"6954",18047,0
"6955",18046,0
"6956",18045,0
"6957",18044,0
"6958",18043,0
"6959",18042,0
"6960",18041,0
"6961",18040,0
"6962",18039,0
"6963",18038,0
"6964",18037,0
"6965",18036,0
"6966",18035,0
"6967",18034,0
"6968",18033,0
"6969",18032,0
"6970",18031,0
"6971",18030,0
"6972",18029,0
"6973",18028,0
"6974",18027,0
"6975",18026,0
"6976",18025,0
"6977",18024,0
"6978",18023,0
"6979",18022,0
"6980",18021,0
"6981",18020,0
"6982",18019,0
"6983",18018,0
"6984",18017,0
"6985",18016,0
"6986",18015,0
"6987",18014,0
"6988",18013,0
"6989",18012,0
"6990",18011,0
"6991",18010,0
"6992",18009,0
"6993",18008,0
"6994",18007,0
"6995",18006,0
"6996",18005,0
"6997",18004,0
"6998",18003,0
"6999",18002,0
"7000",18001,0
"7001",18000,0
"7002",17999,0
"7003",17998,0
"7004",17997,0
"7005",17996,0
"7006",17995,0
"7007",17994,0
"7008",17993,0
"7009",17992,0
"7010",17991,0
"7011",17990,0
"7012",17989,0
"7013",17988,0
"7014",17987,0
"7015",17986,0
"7016",17985,0
"7017",17984,0
"7018",17983,0
"7019",17982,0
"7020",17981,0
"7021",17980,0
"7022",17979,0
"7023",17978,0
"7024",17977,0
"7025",17976,0
"7026",17975,0
"7027",17974,0
"7028",17973,0
"7029",17972,0
"7030",17971,0
"7031",17970,0
"7032",17969,0
"7033",17968,0
"7034",17967,0
"7035",17966,0
"7036",17965,0
"7037",17964,0
"7038",17963,0
"7039",17962,0
"7040",17961,0
"7041",17960,0
"7042",17959,0
"7043",17958,0
"7044",17957,0
"7045",17956,0
"7046",17955,0
"7047",17954,0
"7048",17953,0
"7049",17952,0
"7050",17951,0
"7051",17950,0
"7052",17949,0
"7053",17948,0
"7054",17947,0
"7055",17946,0
"7056",17945,0
"7057",17944,0
"7058",17943,0
"7059",17942,0
"7060",17941,0
"7061",17940,0
"7062",17939,0
"7063",17938,0
"7064",17937,0
"7065",17936,0
"7066",17935,0
"7067",17934,0
"7068",17933,0
"7069",17932,0
"7070",17931,0
"7071",17930,0
"7072",17929,0
"7073",17928,0
"7074",17927,0
"7075",17926,0
"7076",17925,0
"7077",17924,0
"7078",17923,0
"7079",17922,0
"7080",17921,0
"7081",17920,0
"7082",17919,0
"7083",17918,0
"7084",17917,0
"7085",17916,0
"7086",17915,0
"7087",17914,0
"7088",17913,0
"7089",17912,0
"7090",17911,0
"7091",17910,0
"7092",17909,0
"7093",17908,0
"7094",17907,0
"7095",17906,0
"7096",17905,0
"7097",17904,0
"7098",17903,0
"7099",17902,0
"7100",17901,0
"7101",17900,0
"7102",17899,0
"7103",17898,0
"7104",17897,0
"7105",17896,0
"7106",17895,0
"7107",17894,0
"7108",17893,0
"7109",17892,0
"7110",17891,0
"7111",17890,0
"7112",17889,0
"7113",17888,0
"7114",17887,0
"7115",17886,0
"7116",17885,0
"7117",17884,0
"7118",17883,0
"7119",17882,0
"7120",17881,0
"7121",17880,0
"7122",17879,0
"7123",17878,0
"7124",17877,0
"7125",17876,0
"7126",17875,0
"7127",17874,0
"7128",17873,0
"7129",17872,0
"7130",17871,0
"7131",17870,0
"7132",17869,0
"7133",17868,0
"7134",17867,0
"7135",17866,0
"7136",17865,0
"7137",17864,0
"7138",17863,0
"7139",17862,0
"7140",17861,0
"7141",17860,0
"7142",17859,0
"7143",17858,0
"7144",17857,0
"7145",17856,0
"7146",17855,0
"7147",17854,0
"7148",17853,0
"7149",17852,0
"7150",17851,0
"7151",17850,0
"7152",17849,0
"7153",17848,0
"7154",17847,0
"7155",17846,0
"7156",17845,0
"7157",17844,0
"7158",17843,0
"7159",17842,0
"7160",17841,0
"7161",17840,0
"7162",17839,0
"7163",17838,0
"7164",17837,0
"7165",17836,0
"7166",17835,0
"7167",17834,0
"7168",17833,0
"7169",17832,0
"7170",17831,0
"7171",17830,0
"7172",17829,0
"7173",17828,0
"7174",17827,0
"7175",17826,0
"7176",17825,0
"7177",17824,0
"7178",17823,0
"7179",17822,0
"7180",17821,0
"7181",17820,0
"7182",17819,0
"7183",17818,0
"7184",17817,0
"7185",17816,0
"7186",17815,0
"7187",17814,0
"7188",17813,0
"7189",17812,0
"7190",17811,0
"7191",17810,0
"7192",17809,0
"7193",17808,0
"7194",17807,0
"7195",17806,0
"7196",17805,0
"7197",17804,0
"7198",17803,0
"7199",17802,0
"7200",17801,0
"7201",17800,0
"7202",17799,0
"7203",17798,0
"7204",17797,0
"7205",17796,0
"7206",17795,0
"7207",17794,0
"7208",17793,0
"7209",17792,0
"7210",17791,0
"7211",17790,0
"7212",17789,0
"7213",17788,0
"7214",17787,0
"7215",17786,0
"7216",17785,0
"7217",17784,0
"7218",17783,0
"7219",17782,0
"7220",17781,0
"7221",17780,0
"7222",17779,0
"7223",17778,0
"7224",17777,0
"7225",17776,0
"7226",17775,0
"7227",17774,0
"7228",17773,0
"7229",17772,0
"7230",17771,0
"7231",17770,0
"7232",17769,0
"7233",17768,0
"7234",17767,0
"7235",17766,0
"7236",17765,0
"7237",17764,0
"7238",17763,0
"7239",17762,0
"7240",17761,0
"7241",17760,0
"7242",17759,0
"7243",17758,0
"7244",17757,0
"7245",17756,0
"7246",17755,0
"7247",17754,0
"7248",17753,0
"7249",17752,0
"7250",17751,0
"7251",17750,0
"7252",17749,0
"7253",17748,0
"7254",17747,0
"7255",17746,0
"7256",17745,0
"7257",17744,0
"7258",17743,0
"7259",17742,0
"7260",17741,0
"7261",17740,0
"7262",17739,0
"7263",17738,0
"7264",17737,0
"7265",17736,0
"7266",17735,0
"7267",17734,0
"7268",17733,0
"7269",17732,0
"7270",17731,0
"7271",17730,0
"7272",17729,0
"7273",17728,0
"7274",17727,0
"7275",17726,0
"7276",17725,0
"7277",17724,0
"7278",17723,0
"7279",17722,0
"7280",17721,0
"7281",17720,0
"7282",17719,0
"7283",17718,0
"7284",17717,0
"7285",17716,0
"7286",17715,0
"7287",17714,0
"7288",17713,0
"7289",17712,0
"7290",17711,0
"7291",17710,0
"7292",17709,0
"7293",17708,0
"7294",17707,0
"7295",17706,0
"7296",17705,0
"7297",17704,0
"7298",17703,0
"7299",17702,0
"7300",17701,0
"7301",17700,0
"7302",17699,0
"7303",17698,0
"7304",17697,0
"7305",17696,0
"7306",17695,0
"7307",17694,0
"7308",17693,0
"7309",17692,0
"7310",17691,0
"7311",17690,0
"7312",17689,0
"7313",17688,0
"7314",17687,0
"7315",17686,0
"7316",17685,0
"7317",17684,0
"7318",17683,0
"7319",17682,0
"7320",17681,0
"7321",17680,0
"7322",17679,0
"7323",17678,0
"7324",17677,0
"7325",17676,0
"7326",17675,0
"7327",17674,0
"7328",17673,0
"7329",17672,0
"7330",17671,0
"7331",17670,0
"7332",17669,0
"7333",17668,0
"7334",17667,0
"7335",17666,0
"7336",17665,0
"7337",17664,0
"7338",17663,0
"7339",17662,0
"7340",17661,0
"7341",17660,0
"7342",17659,0
"7343",17658,0
"7344",17657,0
"7345",17656,0
"7346",17655,0
"7347",17654,0
"7348",17653,0
"7349",17652,0
"7350",17651,0
"7351",17650,0
"7352",17649,0
"7353",17648,0
"7354",17647,0
"7355",17646,0
"7356",17645,0
"7357",17644,0
"7358",17643,0
"7359",17642,0
"7360",17641,0
"7361",17640,0
"7362",17639,0
"7363",17638,0
"7364",17637,0
"7365",17636,0
"7366",17635,0
"7367",17634,0
"7368",17633,0
"7369",17632,0
"7370",17631,0
"7371",17630,0
"7372",17629,0
"7373",17628,0
"7374",17627,0
"7375",17626,0
"7376",17625,0
"7377",17624,0
"7378",17623,0
"7379",17622,0
"7380",17621,0
"7381",17620,0
"7382",17619,0
"7383",17618,0
"7384",17617,0
"7385",17616,0
"7386",17615,0
"7387",17614,0
"7388",17613,0
"7389",17612,0
"7390",17611,0
"7391",17610,0
"7392",17609,0
"7393",17608,0
"7394",17607,0
"7395",17606,0
"7396",17605,0
"7397",17604,0
"7398",17603,0
"7399",17602,0
"7400",17601,0
"7401",17600,0
"7402",17599,0
"7403",17598,0
"7404",17597,0
"7405",17596,0
"7406",17595,0
"7407",17594,0
"7408",17593,0
"7409",17592,0
"7410",17591,0
"7411",17590,0
"7412",17589,0
"7413",17588,0
"7414",17587,0
"7415",17586,0
"7416",17585,0
"7417",17584,0
"7418",17583,0
"7419",17582,0
"7420",17581,0
"7421",17580,0
"7422",17579,0
"7423",17578,0
"7424",17577,0
"7425",17576,0
"7426",17575,0
"7427",17574,0
"7428",17573,0
"7429",17572,0
"7430",17571,0
"7431",17570,0
"7432",17569,0
"7433",17568,0
"7434",17567,0
"7435",17566,0
"7436",17565,0
"7437",17564,0
"7438",17563,0
"7439",17562,0
"7440",17561,0
"7441",17560,0
"7442",17559,0
"7443",17558,0
"7444",17557,0
"7445",17556,0
"7446",17555,0
"7447",17554,0
"7448",17553,0
"7449",17552,0
"7450",17551,0
"7451",17550,0
"7452",17549,0
"7453",17548,0
"7454",17547,0
"7455",17546,0
"7456",17545,0
"7457",17544,0
"7458",17543,0
"7459",17542,0
"7460",17541,0
"7461",17540,0
"7462",17539,0
"7463",17538,0
"7464",17537,0
"7465",17536,0
"7466",17535,0
"7467",17534,0
"7468",17533,0
"7469",17532,0
"7470",17531,0
"7471",17530,0
"7472",17529,0
"7473",17528,0
"7474",17527,0
"7475",17526,0
"7476",17525,0
"7477",17524,0
"7478",17523,0
"7479",17522,0
"7480",17521,0
"7481",17520,0
"7482",17519,0
"7483",17518,0
"7484",17517,0
"7485",17516,0
"7486",17515,0
"7487",17514,0
"7488",17513,0
"7489",17512,0
"7490",17511,0
"7491",17510,0
"7492",17509,0
"7493",17508,0
"7494",17507,0
"7495",17506,0
"7496",17505,0
"7497",17504,0
"7498",17503,0
"7499",17502,0
"7500",17501,0
"7501",17500,0
"7502",17499,0
"7503",17498,0
"7504",17497,0
"7505",17496,0
"7506",17495,0
"7507",17494,0
"7508",17493,0
"7509",17492,0
"7510",17491,0
"7511",17490,0
"7512",17489,0
"7513",17488,0
"7514",17487,0
"7515",17486,0
"7516",17485,0
"7517",17484,0
"7518",17483,0
"7519",17482,0
"7520",17481,0
"7521",17480,0
"7522",17479,0
"7523",17478,0
"7524",17477,0
"7525",17476,0
"7526",17475,0
"7527",17474,0
"7528",17473,0
"7529",17472,0
"7530",17471,0
"7531",17470,0
"7532",17469,0
"7533",17468,0
"7534",17467,0
"7535",17466,0
"7536",17465,0
"7537",17464,0
"7538",17463,0
"7539",17462,0
"7540",17461,0
"7541",17460,0
"7542",17459,0
"7543",17458,0
"7544",17457,0
"7545",17456,0
"7546",17455,0
"7547",17454,0
"7548",17453,0
"7549",17452,0
"7550",17451,0
"7551",17450,0
"7552",17449,0
"7553",17448,0
"7554",17447,0
"7555",17446,0
"7556",17445,0
"7557",17444,0
"7558",17443,0
"7559",17442,0
"7560",17441,0
"7561",17440,0
"7562",17439,0
"7563",17438,0
"7564",17437,0
"7565",17436,0
"7566",17435,0
"7567",17434,0
"7568",17433,0
"7569",17432,0
"7570",17431,0
"7571",17430,0
"7572",17429,0
"7573",17428,0
"7574",17427,0
"7575",17426,0
"7576",17425,0
"7577",17424,0
"7578",17423,0
"7579",17422,0
"7580",17421,0
"7581",17420,0
"7582",17419,0
"7583",17418,0
"7584",17417,0
"7585",17416,0
"7586",17415,0
"7587",17414,0
"7588",17413,0
"7589",17412,0
"7590",17411,0
"7591",17410,0
"7592",17409,0
"7593",17408,0
"7594",17407,0
"7595",17406,0
"7596",17405,0
"7597",17404,0
"7598",17403,0
"7599",17402,0
"7600",17401,0
"7601",17400,0
"7602",17399,0
"7603",17398,0
"7604",17397,0
"7605",17396,0
"7606",17395,0
"7607",17394,0
"7608",17393,0
"7609",17392,0
"7610",17391,0
"7611",17390,0
"7612",17389,0
"7613",17388,0
"7614",17387,0
"7615",17386,0
"7616",17385,0
"7617",17384,0
"7618",17383,0
"7619",17382,0
"7620",17381,0
"7621",17380,0
"7622",17379,0
"7623",17378,0
"7624",17377,0
"7625",17376,0
"7626",17375,0
"7627",17374,0
"7628",17373,0
"7629",17372,0
"7630",17371,0
"7631",17370,0
"7632",17369,0
"7633",17368,0
"7634",17367,0
"7635",17366,0
"7636",17365,0
"7637",17364,0
"7638",17363,0
"7639",17362,0
"7640",17361,0
"7641",17360,0
"7642",17359,0
"7643",17358,0
"7644",17357,0
"7645",17356,0
"7646",17355,0
"7647",17354,0
"7648",17353,0
"7649",17352,0
"7650",17351,0
"7651",17350,0
"7652",17349,0
"7653",17348,0
"7654",17347,0
"7655",17346,0
"7656",17345,0
"7657",17344,0
"7658",17343,0
"7659",17342,0
"7660",17341,0
"7661",17340,0
"7662",17339,0
"7663",17338,0
"7664",17337,0
"7665",17336,0
"7666",17335,0
"7667",17334,0
"7668",17333,0
"7669",17332,0
"7670",17331,0
"7671",17330,0
"7672",17329,0
"7673",17328,0
"7674",17327,0
"7675",17326,0
"7676",17325,0
"7677",17324,0
"7678",17323,0
"7679",17322,0
"7680",17321,0
"7681",17320,0
"7682",17319,0
"7683",17318,0
"7684",17317,0
"7685",17316,0
"7686",17315,0
"7687",17314,0
"7688",17313,0
"7689",17312,0
"7690",17311,0
"7691",17310,0
"7692",17309,0
"7693",17308,0
"7694",17307,0
"7695",17306,0
"7696",17305,0
"7697",17304,0
"7698",17303,0
"7699",17302,0
"7700",17301,0
"7701",17300,0
"7702",17299,0
"7703",17298,0
"7704",17297,0
"7705",17296,0
"7706",17295,0
"7707",17294,0
"7708",17293,0
"7709",17292,0
"7710",17291,0
"7711",17290,0
"7712",17289,0
"7713",17288,0
"7714",17287,0
"7715",17286,0
"7716",17285,0
"7717",17284,0
"7718",17283,0
"7719",17282,0
"7720",17281,0
"7721",17280,0
"7722",17279,0
"7723",17278,0
"7724",17277,0
"7725",17276,0
"7726",17275,0
"7727",17274,0
"7728",17273,0
"7729",17272,0
"7730",17271,0
"7731",17270,0
"7732",17269,0
"7733",17268,0
"7734",17267,0
"7735",17266,0
"7736",17265,0
"7737",17264,0
"7738",17263,0
"7739",17262,0
"7740",17261,0
"7741",17260,0
"7742",17259,0
"7743",17258,0
"7744",17257,0
"7745",17256,0
"7746",17255,0
"7747",17254,0
"7748",17253,0
"7749",17252,0
"7750",17251,0
"7751",17250,0
"7752",17249,0
"7753",17248,0
"7754",17247,0
"7755",17246,0
"7756",17245,0
"7757",17244,0
"7758",17243,0
"7759",17242,0
"7760",17241,0
"7761",17240,0
"7762",17239,0
"7763",17238,0
"7764",17237,0
"7765",17236,0
"7766",17235,0
"7767",17234,0
"7768",17233,0
"7769",17232,0
"7770",17231,0
"7771",17230,0
"7772",17229,0
"7773",17228,0
"7774",17227,0
"7775",17226,0
"7776",17225,0
"7777",17224,0
"7778",17223,0
"7779",17222,0
"7780",17221,0
"7781",17220,0
"7782",17219,0
"7783",17218,0
"7784",17217,0
"7785",17216,0
"7786",17215,0
"7787",17214,0
"7788",17213,0
"7789",17212,0
"7790",17211,0
"7791",17210,0
"7792",17209,0
"7793",17208,0
"7794",17207,0
"7795",17206,0
"7796",17205,0
"7797",17204,0
"7798",17203,0
"7799",17202,0
"7800",17201,0
"7801",17200,0
"7802",17199,0
"7803",17198,0
"7804",17197,0
"7805",17196,0
"7806",17195,0
"7807",17194,0
"7808",17193,0
"7809",17192,0
"7810",17191,0
"7811",17190,0
"7812",17189,0
"7813",17188,0
"7814",17187,0
"7815",17186,0
"7816",17185,0
"7817",17184,0
"7818",17183,0
"7819",17182,0
"7820",17181,0
"7821",17180,0
"7822",17179,0
"7823",17178,0
"7824",17177,0
"7825",17176,0
"7826",17175,0
"7827",17174,0
"7828",17173,0
"7829",17172,0
"7830",17171,0
"7831",17170,0
"7832",17169,0
"7833",17168,0
"7834",17167,0
"7835",17166,0
"7836",17165,0
"7837",17164,0
"7838",17163,0
"7839",17162,0
"7840",17161,0
"7841",17160,0
"7842",17159,0
"7843",17158,0
"7844",17157,0
"7845",17156,0
"7846",17155,0
"7847",17154,0
"7848",17153,0
"7849",17152,0
"7850",17151,0
"7851",17150,0
"7852",17149,0
"7853",17148,0
"7854",17147,0
"7855",17146,0
"7856",17145,0
"7857",17144,0
"7858",17143,0
"7859",17142,0
"7860",17141,0
"7861",17140,0
"7862",17139,0
"7863",17138,0
"7864",17137,0
"7865",17136,0
"7866",17135,0
"7867",17134,0
"7868",17133,0
"7869",17132,0
"7870",17131,0
"7871",17130,0
"7872",17129,0
"7873",17128,0
"7874",17127,0
"7875",17126,0
"7876",17125,0
"7877",17124,0
"7878",17123,0
"7879",17122,0
"7880",17121,0
"7881",17120,0
"7882",17119,0
"7883",17118,0
"7884",17117,0
"7885",17116,0
"7886",17115,0
"7887",17114,0
"7888",17113,0
"7889",17112,0
"7890",17111,0
"7891",17110,0
"7892",17109,0
"7893",17108,0
"7894",17107,0
"7895",17106,0
"7896",17105,0
"7897",17104,0
"7898",17103,0
"7899",17102,0
"7900",17101,0
"7901",17100,0
"7902",17099,0
"7903",17098,0
"7904",17097,0
"7905",17096,0
"7906",17095,0
"7907",17094,0
"7908",17093,0
"7909",17092,0
"7910",17091,0
"7911",17090,0
"7912",17089,0
"7913",17088,0
"7914",17087,0
"7915",17086,0
"7916",17085,0
"7917",17084,0
"7918",17083,0
"7919",17082,0
"7920",17081,0
"7921",17080,0
"7922",17079,0
"7923",17078,0
"7924",17077,0
"7925",17076,0
"7926",17075,0
"7927",17074,0
"7928",17073,0
"7929",17072,0
"7930",17071,0
"7931",17070,0
"7932",17069,0
"7933",17068,0
"7934",17067,0
"7935",17066,0
"7936",17065,0
"7937",17064,0
"7938",17063,0
"7939",17062,0
"7940",17061,0
"7941",17060,0
"7942",17059,0
"7943",17058,0
"7944",17057,0
"7945",17056,0
"7946",17055,0
"7947",17054,0
"7948",17053,0
"7949",17052,0
"7950",17051,0
"7951",17050,0
"7952",17049,0
"7953",17048,0
"7954",17047,0
"7955",17046,0
"7956",17045,0
"7957",17044,0
"7958",17043,0
"7959",17042,0
"7960",17041,0
"7961",17040,0
"7962",17039,0
"7963",17038,0
"7964",17037,0
"7965",17036,0
"7966",17035,0
"7967",17034,0
"7968",17033,0
"7969",17032,0
"7970",17031,0
"7971",17030,0
"7972",17029,0
"7973",17028,0
"7974",17027,0
"7975",17026,0
"7976",17025,0
"7977",17024,0
"7978",17023,0
"7979",17022,0
"7980",17021,0
"7981",17020,0
"7982",17019,0
"7983",17018,0
"7984",17017,0
"7985",17016,0
"7986",17015,0
"7987",17014,0
"7988",17013,0
"7989",17012,0
"7990",17011,0
"7991",17010,0
"7992",17009,0
"7993",17008,0
"7994",17007,0
"7995",17006,0
"7996",17005,0
"7997",17004,0
"7998",17003,0
"7999",17002,0
"8000",17001,0
"8001",17000,0
"8002",16999,0
"8003",16998,0
"8004",16997,0
"8005",16996,0
"8006",16995,0
"8007",16994,0
"8008",16993,0
"8009",16992,0
"8010",16991,0
"8011",16990,0
"8012",16989,0
"8013",16988,0
"8014",16987,0
"8015",16986,0
"8016",16985,0
"8017",16984,0
"8018",16983,0
"8019",16982,0
"8020",16981,0
"8021",16980,0
"8022",16979,0
"8023",16978,0
"8024",16977,0
"8025",16976,0
"8026",16975,0
"8027",16974,0
"8028",16973,0
"8029",16972,0
"8030",16971,0
"8031",16970,0
"8032",16969,0
"8033",16968,0
"8034",16967,0
"8035",16966,0
"8036",16965,0
"8037",16964,0
"8038",16963,0
"8039",16962,0
"8040",16961,0
"8041",16960,0
"8042",16959,0
"8043",16958,0
"8044",16957,0
"8045",16956,0
"8046",16955,0
"8047",16954,0
"8048",16953,0
"8049",16952,0
"8050",16951,0
"8051",16950,0
"8052",16949,0
"8053",16948,0
"8054",16947,0
"8055",16946,0
"8056",16945,0
"8057",16944,0
"8058",16943,0
"8059",16942,0
"8060",16941,0
"8061",16940,0
"8062",16939,0
"8063",16938,0
"8064",16937,0
"8065",16936,0
"8066",16935,0
"8067",16934,0
"8068",16933,0
"8069",16932,0
"8070",16931,0
"8071",16930,0
"8072",16929,0
"8073",16928,0
"8074",16927,0
"8075",16926,0
"8076",16925,0
"8077",16924,0
"8078",16923,0
"8079",16922,0
"8080",16921,0
"8081",16920,0
"8082",16919,0
"8083",16918,0
"8084",16917,0
"8085",16916,0
"8086",16915,0
"8087",16914,0
"8088",16913,0
"8089",16912,0
"8090",16911,0
"8091",16910,0
"8092",16909,0
"8093",16908,0
"8094",16907,0
"8095",16906,0
"8096",16905,0
"8097",16904,0
"8098",16903,0
"8099",16902,0
"8100",16901,0
"8101",16900,0
"8102",16899,0
"8103",16898,0
"8104",16897,0
"8105",16896,0
"8106",16895,0
"8107",16894,0
"8108",16893,0
"8109",16892,0
"8110",16891,0
"8111",16890,0
"8112",16889,0
"8113",16888,0
"8114",16887,0
"8115",16886,0
"8116",16885,0
"8117",16884,0
"8118",16883,0
"8119",16882,0
"8120",16881,0
"8121",16880,0
"8122",16879,0
"8123",16878,0
"8124",16877,0
"8125",16876,0
"8126",16875,0
"8127",16874,0
"8128",16873,0
"8129",16872,0
"8130",16871,0
"8131",16870,0
"8132",16869,0
"8133",16868,0
"8134",16867,0
"8135",16866,0
"8136",16865,0
"8137",16864,0
"8138",16863,0
"8139",16862,0
"8140",16861,0
"8141",16860,0
"8142",16859,0
"8143",16858,0
"8144",16857,0
"8145",16856,0
"8146",16855,0
"8147",16854,0
"8148",16853,0
"8149",16852,0
"8150",16851,0
"8151",16850,0
"8152",16849,0
"8153",16848,0
"8154",16847,0
"8155",16846,0
"8156",16845,0
"8157",16844,0
"8158",16843,0
"8159",16842,0
"8160",16841,0
"8161",16840,0
"8162",16839,0
"8163",16838,0
"8164",16837,0
"8165",16836,0
"8166",16835,0
"8167",16834,0
"8168",16833,0
"8169",16832,0
"8170",16831,0
"8171",16830,0
"8172",16829,0
"8173",16828,0
"8174",16827,0
"8175",16826,0
"8176",16825,0
"8177",16824,0
"8178",16823,0
"8179",16822,0
"8180",16821,0
"8181",16820,0
"8182",16819,0
"8183",16818,0
"8184",16817,0
"8185",16816,0
"8186",16815,0
"8187",16814,0
"8188",16813,0
"8189",16812,0
"8190",16811,0
"8191",16810,0
"8192",16809,0
"8193",16808,0
"8194",16807,0
"8195",16806,0
"8196",16805,0
"8197",16804,0
"8198",16803,0
"8199",16802,0
"8200",16801,0
"8201",16800,0
"8202",16799,0
"8203",16798,0
"8204",16797,0
"8205",16796,0
"8206",16795,0
"8207",16794,0
"8208",16793,0
"8209",16792,0
"8210",16791,0
"8211",16790,0
"8212",16789,0
"8213",16788,0
"8214",16787,0
"8215",16786,0
"8216",16785,0
"8217",16784,0
"8218",16783,0
"8219",16782,0
"8220",16781,0
"8221",16780,0
"8222",16779,0
"8223",16778,0
"8224",16777,0
"8225",16776,0
"8226",16775,0
"8227",16774,0
"8228",16773,0
"8229",16772,0
"8230",16771,0
"8231",16770,0
"8232",16769,0
"8233",16768,0
"8234",16767,0
"8235",16766,0
"8236",16765,0
"8237",16764,0
"8238",16763,0
"8239",16762,0
"8240",16761,0
"8241",16760,0
"8242",16759,0
"8243",16758,0
"8244",16757,0
"8245",16756,0
"8246",16755,0
"8247",16754,0
"8248",16753,0
"8249",16752,0
"8250",16751,0
"8251",16750,0
"8252",16749,0
"8253",16748,0
"8254",16747,0
"8255",16746,0
"8256",16745,0
"8257",16744,0
"8258",16743,0
"8259",16742,0
"8260",16741,0
"8261",16740,0
"8262",16739,0
"8263",16738,0
"8264",16737,0
"8265",16736,0
"8266",16735,0
"8267",16734,0
"8268",16733,0
"8269",16732,0
"8270",16731,0
"8271",16730,0
"8272",16729,0
"8273",16728,0
"8274",16727,0
"8275",16726,0
"8276",16725,0
"8277",16724,0
"8278",16723,0
"8279",16722,0
"8280",16721,0
"8281",16720,0
"8282",16719,0
"8283",16718,0
"8284",16717,0
"8285",16716,0
"8286",16715,0
"8287",16714,0
"8288",16713,0
"8289",16712,0
"8290",16711,0
"8291",16710,0
"8292",16709,0
"8293",16708,0
"8294",16707,0
"8295",16706,0
"8296",16705,0
"8297",16704,0
"8298",16703,0
"8299",16702,0
"8300",16701,0
"8301",16700,0
"8302",16699,0
"8303",16698,0
"8304",16697,0
"8305",16696,0
"8306",16695,0
"8307",16694,0
"8308",16693,0
"8309",16692,0
"8310",16691,0
"8311",16690,0
"8312",16689,0
"8313",16688,0
"8314",16687,0
"8315",16686,0
"8316",16685,0
"8317",16684,0
"8318",16683,0
"8319",16682,0
"8320",16681,0
"8321",16680,0
"8322",16679,0
"8323",16678,0
"8324",16677,0
"8325",16676,0
"8326",16675,0
"8327",16674,0
"8328",16673,0
"8329",16672,0
"8330",16671,0
"8331",16670,0
"8332",16669,0
"8333",16668,0
"8334",16667,0
"8335",16666,0
"8336",16665,0
"8337",16664,0
"8338",16663,0
"8339",16662,0
"8340",16661,0
"8341",16660,0
"8342",16659,0
"8343",16658,0
"8344",16657,0
"8345",16656,0
"8346",16655,0
"8347",16654,0
"8348",16653,0
"8349",16652,0
"8350",16651,0
"8351",16650,0
"8352",16649,0
"8353",16648,0
"8354",16647,0
"8355",16646,0
"8356",16645,0
"8357",16644,0
"8358",16643,0
"8359",16642,0
"8360",16641,0
"8361",16640,0
"8362",16639,0
"8363",16638,0
"8364",16637,0
"8365",16636,0
"8366",16635,0
"8367",16634,0
"8368",16633,0
"8369",16632,0
"8370",16631,0
"8371",16630,0
"8372",16629,0
"8373",16628,0
"8374",16627,0
"8375",16626,0
"8376",16625,0
"8377",16624,0
"8378",16623,0
"8379",16622,0
"8380",16621,0
"8381",16620,0
"8382",16619,0
"8383",16618,0
"8384",16617,0
"8385",16616,0
"8386",16615,0
"8387",16614,0
"8388",16613,0
"8389",16612,0
"8390",16611,0
"8391",16610,0
"8392",16609,0
"8393",16608,0
"8394",16607,0
"8395",16606,0
"8396",16605,0
"8397",16604,0
"8398",16603,0
"8399",16602,0
"8400",16601,0
"8401",16600,0
"8402",16599,0
"8403",16598,0
"8404",16597,0
"8405",16596,0
"8406",16595,0
"8407",16594,0
"8408",16593,0
"8409",16592,0
"8410",16591,0
"8411",16590,0
"8412",16589,0
"8413",16588,0
"8414",16587,0
"8415",16586,0
"8416",16585,0
"8417",16584,0
"8418",16583,0
"8419",16582,0
"8420",16581,0
"8421",16580,0
"8422",16579,0
"8423",16578,0
"8424",16577,0
"8425",16576,0
"8426",16575,0
"8427",16574,0
"8428",16573,0
"8429",16572,0
"8430",16571,0
"8431",16570,0
"8432",16569,0
"8433",16568,0
"8434",16567,0
"8435",16566,0
"8436",16565,0
"8437",16564,0
"8438",16563,0
"8439",16562,0
"8440",16561,0
"8441",16560,0
"8442",16559,0
"8443",16558,0
"8444",16557,0
"8445",16556,0
"8446",16555,0
"8447",16554,0
"8448",16553,0
"8449",16552,0
"8450",16551,0
"8451",16550,0
"8452",16549,0
"8453",16548,0
"8454",16547,0
"8455",16546,0
"8456",16545,0
"8457",16544,0
"8458",16543,0
"8459",16542,0
"8460",16541,0
"8461",16540,0
"8462",16539,0
"8463",16538,0
"8464",16537,0
"8465",16536,0
"8466",16535,0
"8467",16534,0
"8468",16533,0
"8469",16532,0
"8470",16531,0
"8471",16530,0
"8472",16529,0
"8473",16528,0
"8474",16527,0
"8475",16526,0
"8476",16525,0
"8477",16524,0
"8478",16523,0
"8479",16522,0
"8480",16521,0
"8481",16520,0
"8482",16519,0
"8483",16518,0
"8484",16517,0
"8485",16516,0
"8486",16515,0
"8487",16514,0
"8488",16513,0
"8489",16512,0
"8490",16511,0
"8491",16510,0
"8492",16509,0
"8493",16508,0
"8494",16507,0
"8495",16506,0
"8496",16505,0
"8497",16504,0
"8498",16503,0
"8499",16502,0
"8500",16501,0
"8501",16500,0
"8502",16499,0
"8503",16498,0
"8504",16497,0
"8505",16496,0
"8506",16495,0
"8507",16494,0
"8508",16493,0
"8509",16492,0
"8510",16491,0
"8511",16490,0
"8512",16489,0
"8513",16488,0
"8514",16487,0
"8515",16486,0
"8516",16485,0
"8517",16484,0
"8518",16483,0
"8519",16482,0
"8520",16481,0
"8521",16480,0
"8522",16479,0
"8523",16478,0
"8524",16477,0
"8525",16476,0
"8526",16475,0
"8527",16474,0
"8528",16473,0
"8529",16472,0
"8530",16471,0
"8531",16470,0
"8532",16469,0
"8533",16468,0
"8534",16467,0
"8535",16466,0
"8536",16465,0
"8537",16464,0
"8538",16463,0
"8539",16462,0
"8540",16461,0
"8541",16460,0
"8542",16459,0
"8543",16458,0
"8544",16457,0
"8545",16456,0
"8546",16455,0
"8547",16454,0
"8548",16453,0
"8549",16452,0
"8550",16451,0
"8551",16450,0
"8552",16449,0
"8553",16448,0
"8554",16447,0
"8555",16446,0
"8556",16445,0
"8557",16444,0
"8558",16443,0
"8559",16442,0
"8560",16441,0
"8561",16440,0
"8562",16439,0
"8563",16438,0
"8564",16437,0
"8565",16436,0
"8566",16435,0
"8567",16434,0
"8568",16433,0
"8569",16432,0
"8570",16431,0
"8571",16430,0
"8572",16429,0
"8573",16428,0
"8574",16427,0
"8575",16426,0
"8576",16425,0
"8577",16424,0
"8578",16423,0
"8579",16422,0
"8580",16421,0
"8581",16420,0
"8582",16419,0
"8583",16418,0
"8584",16417,0
"8585",16416,0
"8586",16415,0
"8587",16414,0
"8588",16413,0
"8589",16412,0
"8590",16411,0
"8591",16410,0
"8592",16409,0
"8593",16408,0
"8594",16407,0
"8595",16406,0
"8596",16405,0
"8597",16404,0
"8598",16403,0
"8599",16402,0
"8600",16401,0
"8601",16400,0
"8602",16399,0
"8603",16398,0
"8604",16397,0
"8605",16396,0
"8606",16395,0
"8607",16394,0
"8608",16393,0
"8609",16392,0
"8610",16391,0
"8611",16390,0
"8612",16389,0
"8613",16388,0
"8614",16387,0
"8615",16386,0
"8616",16385,0
"8617",16384,0
"8618",16383,0
"8619",16382,0
"8620",16381,0
"8621",16380,0
"8622",16379,0
"8623",16378,0
"8624",16377,0
"8625",16376,0
"8626",16375,0
"8627",16374,0
"8628",16373,0
"8629",16372,0
"8630",16371,0
"8631",16370,0
"8632",16369,0
"8633",16368,0
"8634",16367,0
"8635",16366,0
"8636",16365,0
"8637",16364,0
"8638",16363,0
"8639",16362,0
"8640",16361,0
"8641",16360,0
"8642",16359,0
"8643",16358,0
"8644",16357,0
"8645",16356,0
"8646",16355,0
"8647",16354,0
"8648",16353,0
"8649",16352,0
"8650",16351,0
"8651",16350,0
"8652",16349,0
"8653",16348,0
"8654",16347,0
"8655",16346,0
"8656",16345,0
"8657",16344,0
"8658",16343,0
"8659",16342,0
"8660",16341,0
"8661",16340,0
"8662",16339,0
"8663",16338,0
"8664",16337,0
"8665",16336,0
"8666",16335,0
"8667",16334,0
"8668",16333,0
"8669",16332,0
"8670",16331,0
"8671",16330,0
"8672",16329,0
"8673",16328,0
"8674",16327,0
"8675",16326,0
"8676",16325,0
"8677",16324,0
"8678",16323,0
"8679",16322,0
"8680",16321,0
"8681",16320,0
"8682",16319,0
"8683",16318,0
"8684",16317,0
"8685",16316,0
"8686",16315,0
"8687",16314,0
"8688",16313,0
"8689",16312,0
"8690",16311,0
"8691",16310,0
"8692",16309,0
"8693",16308,0
"8694",16307,0
"8695",16306,0
"8696",16305,0
"8697",16304,0
"8698",16303,0
"8699",16302,0
"8700",16301,0
"8701",16300,0
"8702",16299,0
"8703",16298,0
"8704",16297,0
"8705",16296,0
"8706",16295,0
"8707",16294,0
"8708",16293,0
"8709",16292,0
"8710",16291,0
"8711",16290,0
"8712",16289,0
"8713",16288,0
"8714",16287,0
"8715",16286,0
"8716",16285,0
"8717",16284,0
"8718",16283,0
"8719",16282,0
"8720",16281,0
"8721",16280,0
"8722",16279,0
"8723",16278,0
"8724",16277,0
"8725",16276,0
"8726",16275,0
"8727",16274,0
"8728",16273,0
"8729",16272,0
"8730",16271,0
"8731",16270,0
"8732",16269,0
"8733",16268,0
"8734",16267,0
"8735",16266,0
"8736",16265,0
"8737",16264,0
"8738",16263,0
"8739",16262,0
"8740",16261,0
"8741",16260,0
"8742",16259,0
"8743",16258,0
"8744",16257,0
"8745",16256,0
"8746",16255,0
"8747",16254,0
"8748",16253,0
"8749",16252,0
"8750",16251,0
"8751",16250,0
"8752",16249,0
"8753",16248,0
"8754",16247,0
"8755",16246,0
"8756",16245,0
"8757",16244,0
"8758",16243,0
"8759",16242,0
"8760",16241,0
"8761",16240,0
"8762",16239,0
"8763",16238,0
"8764",16237,0
"8765",16236,0
"8766",16235,0
"8767",16234,0
"8768",16233,0
"8769",16232,0
"8770",16231,0
"8771",16230,0
"8772",16229,0
"8773",16228,0
"8774",16227,0
"8775",16226,0
"8776",16225,0
"8777",16224,0
"8778",16223,0
"8779",16222,0
"8780",16221,0
"8781",16220,0
"8782",16219,0
"8783",16218,0
"8784",16217,0
"8785",16216,0
"8786",16215,0
"8787",16214,0
"8788",16213,0
"8789",16212,0
"8790",16211,0
"8791",16210,0
"8792",16209,0
"8793",16208,0
"8794",16207,0
"8795",16206,0
"8796",16205,0
"8797",16204,0
"8798",16203,0
"8799",16202,0
"8800",16201,0
"8801",16200,0
"8802",16199,0
"8803",16198,0
"8804",16197,0
"8805",16196,0
"8806",16195,0
"8807",16194,0
"8808",16193,0
"8809",16192,0
"8810",16191,0
"8811",16190,0
"8812",16189,0
"8813",16188,0
"8814",16187,0
"8815",16186,0
"8816",16185,0
"8817",16184,0
"8818",16183,0
"8819",16182,0
"8820",16181,0
"8821",16180,0
"8822",16179,0
"8823",16178,0
"8824",16177,0
"8825",16176,0
"8826",16175,0
"8827",16174,0
"8828",16173,0
"8829",16172,0
"8830",16171,0
"8831",16170,0
"8832",16169,0
"8833",16168,0
"8834",16167,0
"8835",16166,0
"8836",16165,0
"8837",16164,0
"8838",16163,0
"8839",16162,0
"8840",16161,0
"8841",16160,0
"8842",16159,0
"8843",16158,0
"8844",16157,0
"8845",16156,0
"8846",16155,0
"8847",16154,0
"8848",16153,0
"8849",16152,0
"8850",16151,0
"8851",16150,0
"8852",16149,0
"8853",16148,0
"8854",16147,0
"8855",16146,0
"8856",16145,0
"8857",16144,0
"8858",16143,0
"8859",16142,0
"8860",16141,0
"8861",16140,0
"8862",16139,0
"8863",16138,0
"8864",16137,0
"8865",16136,0
"8866",16135,0
"8867",16134,0
"8868",16133,0
"8869",16132,0
"8870",16131,0
"8871",16130,0
"8872",16129,0
"8873",16128,0
"8874",16127,0
"8875",16126,0
"8876",16125,0
"8877",16124,0
"8878",16123,0
"8879",16122,0
"8880",16121,0
"8881",16120,0
"8882",16119,0
"8883",16118,0
"8884",16117,0
"8885",16116,0
"8886",16115,0
"8887",16114,0
"8888",16113,0
"8889",16112,0
"8890",16111,0
"8891",16110,0
"8892",16109,0
"8893",16108,0
"8894",16107,0
"8895",16106,0
"8896",16105,0
"8897",16104,0
"8898",16103,0
"8899",16102,0
"8900",16101,0
"8901",16100,0
"8902",16099,0
"8903",16098,0
"8904",16097,0
"8905",16096,0
"8906",16095,0
"8907",16094,0
"8908",16093,0
"8909",16092,0
"8910",16091,0
"8911",16090,0
"8912",16089,0
"8913",16088,0
"8914",16087,0
"8915",16086,0
"8916",16085,0
"8917",16084,0
"8918",16083,0
"8919",16082,0
"8920",16081,0
"8921",16080,0
"8922",16079,0
"8923",16078,0
"8924",16077,0
"8925",16076,0
"8926",16075,0
"8927",16074,0
"8928",16073,0
"8929",16072,0
"8930",16071,0
"8931",16070,0
"8932",16069,0
"8933",16068,0
"8934",16067,0
"8935",16066,0
"8936",16065,0
"8937",16064,0
"8938",16063,0
"8939",16062,0
"8940",16061,0
"8941",16060,0
"8942",16059,0
"8943",16058,0
"8944",16057,0
"8945",16056,0
"8946",16055,0
"8947",16054,0
"8948",16053,0
"8949",16052,0
"8950",16051,0
"8951",16050,0
"8952",16049,0
"8953",16048,0
"8954",16047,0
"8955",16046,0
"8956",16045,0
"8957",16044,0
"8958",16043,0
"8959",16042,0
"8960",16041,0
"8961",16040,0
"8962",16039,0
"8963",16038,0
"8964",16037,0
"8965",16036,0
"8966",16035,0
"8967",16034,0
"8968",16033,0
"8969",16032,0
"8970",16031,0
"8971",16030,0
"8972",16029,0
"8973",16028,0
"8974",16027,0
"8975",16026,0
"8976",16025,0
"8977",16024,0
"8978",16023,0
"8979",16022,0
"8980",16021,0
"8981",16020,0
"8982",16019,0
"8983",16018,0
"8984",16017,0
"8985",16016,0
"8986",16015,0
"8987",16014,0
"8988",16013,0
"8989",16012,0
"8990",16011,0
"8991",16010,0
"8992",16009,0
"8993",16008,0
"8994",16007,0
"8995",16006,0
"8996",16005,0
"8997",16004,0
"8998",16003,0
"8999",16002,0
"9000",16001,0
"9001",16000,0
"9002",15999,0
"9003",15998,0
"9004",15997,0
"9005",15996,0
"9006",15995,0
"9007",15994,0
"9008",15993,0
"9009",15992,0
"9010",15991,0
"9011",15990,0
"9012",15989,0
"9013",15988,0
"9014",15987,0
"9015",15986,0
"9016",15985,0
"9017",15984,0
"9018",15983,0
"9019",15982,0
"9020",15981,0
"9021",15980,0
"9022",15979,0
"9023",15978,0
"9024",15977,0
"9025",15976,0
"9026",15975,0
"9027",15974,0
"9028",15973,0
"9029",15972,0
"9030",15971,0
"9031",15970,0
"9032",15969,0
"9033",15968,0
"9034",15967,0
"9035",15966,0
"9036",15965,0
"9037",15964,0
"9038",15963,0
"9039",15962,0
"9040",15961,0
"9041",15960,0
"9042",15959,0
"9043",15958,0
"9044",15957,0
"9045",15956,0
"9046",15955,0
"9047",15954,0
"9048",15953,0
"9049",15952,0
"9050",15951,0
"9051",15950,0
"9052",15949,0
"9053",15948,0
"9054",15947,0
"9055",15946,0
"9056",15945,0
"9057",15944,0
"9058",15943,0
"9059",15942,0
"9060",15941,0
"9061",15940,0
"9062",15939,0
"9063",15938,0
"9064",15937,0
"9065",15936,0
"9066",15935,0
"9067",15934,0
"9068",15933,0
"9069",15932,0
"9070",15931,0
"9071",15930,0
"9072",15929,0
"9073",15928,0
"9074",15927,0
"9075",15926,0
"9076",15925,0
"9077",15924,0
"9078",15923,0
"9079",15922,0
"9080",15921,0
"9081",15920,0
"9082",15919,0
"9083",15918,0
"9084",15917,0
"9085",15916,0
"9086",15915,0
"9087",15914,0
"9088",15913,0
"9089",15912,0
"9090",15911,0
"9091",15910,0
"9092",15909,0
"9093",15908,0
"9094",15907,0
"9095",15906,0
"9096",15905,0
"9097",15904,0
"9098",15903,0
"9099",15902,0
"9100",15901,0
"9101",15900,0
"9102",15899,0
"9103",15898,0
"9104",15897,0
"9105",15896,0
"9106",15895,0
"9107",15894,0
"9108",15893,0
"9109",15892,0
"9110",15891,0
"9111",15890,0
"9112",15889,0
"9113",15888,0
"9114",15887,0
"9115",15886,0
"9116",15885,0
"9117",15884,0
"9118",15883,0
"9119",15882,0
"9120",15881,0
"9121",15880,0
"9122",15879,0
"9123",15878,0
"9124",15877,0
"9125",15876,0
"9126",15875,0
"9127",15874,0
"9128",15873,0
"9129",15872,0
"9130",15871,0
"9131",15870,0
"9132",15869,0
"9133",15868,0
"9134",15867,0
"9135",15866,0
"9136",15865,0
"9137",15864,0
"9138",15863,0
"9139",15862,0
"9140",15861,0
"9141",15860,0
"9142",15859,0
"9143",15858,0
"9144",15857,0
"9145",15856,0
"9146",15855,0
"9147",15854,0
"9148",15853,0
"9149",15852,0
"9150",15851,0
"9151",15850,0
"9152",15849,0
"9153",15848,0
"9154",15847,0
"9155",15846,0
"9156",15845,0
"9157",15844,0
"9158",15843,0
"9159",15842,0
"9160",15841,0
"9161",15840,0
"9162",15839,0
"9163",15838,0
"9164",15837,0
"9165",15836,0
"9166",15835,0
"9167",15834,0
"9168",15833,0
"9169",15832,0
"9170",15831,0
"9171",15830,0
"9172",15829,0
"9173",15828,0
"9174",15827,0
"9175",15826,0
"9176",15825,0
"9177",15824,0
"9178",15823,0
"9179",15822,0
"9180",15821,0
"9181",15820,0
"9182",15819,0
"9183",15818,0
"9184",15817,0
"9185",15816,0
"9186",15815,0
"9187",15814,0
"9188",15813,0
"9189",15812,0
"9190",15811,0
"9191",15810,0
"9192",15809,0
"9193",15808,0
"9194",15807,0
"9195",15806,0
"9196",15805,0
"9197",15804,0
"9198",15803,0
"9199",15802,0
"9200",15801,0
"9201",15800,0
"9202",15799,0
"9203",15798,0
"9204",15797,0
"9205",15796,0
"9206",15795,0
"9207",15794,0
"9208",15793,0
"9209",15792,0
"9210",15791,0
"9211",15790,0
"9212",15789,0
"9213",15788,0
"9214",15787,0
"9215",15786,0
"9216",15785,0
"9217",15784,0
"9218",15783,0
"9219",15782,0
"9220",15781,0
"9221",15780,0
"9222",15779,0
"9223",15778,0
"9224",15777,0
"9225",15776,0
"9226",15775,0
"9227",15774,0
"9228",15773,0
"9229",15772,0
"9230",15771,0
"9231",15770,0
"9232",15769,0
"9233",15768,0
"9234",15767,0
"9235",15766,0
"9236",15765,0
"9237",15764,0
"9238",15763,0
"9239",15762,0
"9240",15761,0
"9241",15760,0
"9242",15759,0
"9243",15758,0
"9244",15757,0
"9245",15756,0
"9246",15755,0
"9247",15754,0
"9248",15753,0
"9249",15752,0
"9250",15751,0
"9251",15750,0
"9252",15749,0
"9253",15748,0
"9254",15747,0
"9255",15746,0
"9256",15745,0
"9257",15744,0
"9258",15743,0
"9259",15742,0
"9260",15741,0
"9261",15740,0
"9262",15739,0
"9263",15738,0
"9264",15737,0
"9265",15736,0
"9266",15735,0
"9267",15734,0
"9268",15733,0
"9269",15732,0
"9270",15731,0
"9271",15730,0
"9272",15729,0
"9273",15728,0
"9274",15727,0
"9275",15726,0
"9276",15725,0
"9277",15724,0
"9278",15723,0
"9279",15722,0
"9280",15721,0
"9281",15720,0
"9282",15719,0
"9283",15718,0
"9284",15717,0
"9285",15716,0
"9286",15715,0
"9287",15714,0
"9288",15713,0
"9289",15712,0
"9290",15711,0
"9291",15710,0
"9292",15709,0
"9293",15708,0
"9294",15707,0
"9295",15706,0
"9296",15705,0
"9297",15704,0
"9298",15703,0
"9299",15702,0
"9300",15701,0
"9301",15700,0
"9302",15699,0
"9303",15698,0
"9304",15697,0
"9305",15696,0
"9306",15695,0
"9307",15694,0
"9308",15693,0
"9309",15692,0
"9310",15691,0
"9311",15690,0
"9312",15689,0
"9313",15688,0
"9314",15687,0
"9315",15686,0
"9316",15685,0
"9317",15684,0
"9318",15683,0
"9319",15682,0
"9320",15681,0
"9321",15680,0
"9322",15679,0
"9323",15678,0
"9324",15677,0
"9325",15676,0
"9326",15675,0
"9327",15674,0
"9328",15673,0
"9329",15672,0
"9330",15671,0
"9331",15670,0
"9332",15669,0
"9333",15668,0
"9334",15667,0
"9335",15666,0
"9336",15665,0
"9337",15664,0
"9338",15663,0
"9339",15662,0
"9340",15661,0
"9341",15660,0
"9342",15659,0
"9343",15658,0
"9344",15657,0
"9345",15656,0
"9346",15655,0
"9347",15654,0
"9348",15653,0
"9349",15652,0
"9350",15651,0
"9351",15650,0
"9352",15649,0
"9353",15648,0
"9354",15647,0
"9355",15646,0
"9356",15645,0
"9357",15644,0
"9358",15643,0
"9359",15642,0
"9360",15641,0
"9361",15640,0
"9362",15639,0
"9363",15638,0
"9364",15637,0
"9365",15636,0
"9366",15635,0
"9367",15634,0
"9368",15633,0
"9369",15632,0
"9370",15631,0
"9371",15630,0
"9372",15629,0
"9373",15628,0
"9374",15627,0
"9375",15626,0
"9376",15625,0
"9377",15624,0
"9378",15623,0
"9379",15622,0
"9380",15621,0
"9381",15620,0
"9382",15619,0
"9383",15618,0
"9384",15617,0
"9385",15616,0
"9386",15615,0
"9387",15614,0
"9388",15613,0
"9389",15612,0
"9390",15611,0
"9391",15610,0
"9392",15609,0
"9393",15608,0
"9394",15607,0
"9395",15606,0
"9396",15605,0
"9397",15604,0
"9398",15603,0
"9399",15602,0
"9400",15601,0
"9401",15600,0
"9402",15599,0
"9403",15598,0
"9404",15597,0
"9405",15596,0
"9406",15595,0
"9407",15594,0
"9408",15593,0
"9409",15592,0
"9410",15591,0
"9411",15590,0
"9412",15589,0
"9413",15588,0
"9414",15587,0
"9415",15586,0
"9416",15585,0
"9417",15584,0
"9418",15583,0
"9419",15582,0
"9420",15581,0
"9421",15580,0
"9422",15579,0
"9423",15578,0
"9424",15577,0
"9425",15576,0
"9426",15575,0
"9427",15574,0
"9428",15573,0
"9429",15572,0
"9430",15571,0
"9431",15570,0
"9432",15569,0
"9433",15568,0
"9434",15567,0
"9435",15566,0
"9436",15565,0
"9437",15564,0
"9438",15563,0
"9439",15562,0
"9440",15561,0
"9441",15560,0
"9442",15559,0
"9443",15558,0
"9444",15557,0
"9445",15556,0
"9446",15555,0
"9447",15554,0
"9448",15553,0
"9449",15552,0
"9450",15551,0
"9451",15550,0
"9452",15549,0
"9453",15548,0
"9454",15547,0
"9455",15546,0
"9456",15545,0
"9457",15544,0
"9458",15543,0
"9459",15542,0
"9460",15541,0
"9461",15540,0
"9462",15539,0
"9463",15538,0
"9464",15537,0
"9465",15536,0
"9466",15535,0
"9467",15534,0
"9468",15533,0
"9469",15532,0
"9470",15531,0
"9471",15530,0
"9472",15529,0
"9473",15528,0
"9474",15527,0
"9475",15526,0
"9476",15525,0
"9477",15524,0
"9478",15523,0
"9479",15522,0
"9480",15521,0
"9481",15520,0
"9482",15519,0
"9483",15518,0
"9484",15517,0
"9485",15516,0
"9486",15515,0
"9487",15514,0
"9488",15513,0
"9489",15512,0
"9490",15511,0
"9491",15510,0
"9492",15509,0
"9493",15508,0
"9494",15507,0
"9495",15506,0
"9496",15505,0
"9497",15504,0
"9498",15503,0
"9499",15502,0
"9500",15501,0
"9501",15500,0
"9502",15499,0
"9503",15498,0
"9504",15497,0
"9505",15496,0
"9506",15495,0
"9507",15494,0
"9508",15493,0
"9509",15492,0
"9510",15491,0
"9511",15490,0
"9512",15489,0
"9513",15488,0
"9514",15487,0
"9515",15486,0
"9516",15485,0
"9517",15484,0
"9518",15483,0
"9519",15482,0
"9520",15481,0
"9521",15480,0
"9522",15479,0
"9523",15478,0
"9524",15477,0
"9525",15476,0
"9526",15475,0
"9527",15474,0
"9528",15473,0
"9529",15472,0
"9530",15471,0
"9531",15470,0
"9532",15469,0
"9533",15468,0
"9534",15467,0
"9535",15466,0
"9536",15465,0
"9537",15464,0
"9538",15463,0
"9539",15462,0
"9540",15461,0
"9541",15460,0
"9542",15459,0
"9543",15458,0
"9544",15457,0
"9545",15456,0
"9546",15455,0
"9547",15454,0
"9548",15453,0
"9549",15452,0
"9550",15451,0
"9551",15450,0
"9552",15449,0
"9553",15448,0
"9554",15447,0
"9555",15446,0
"9556",15445,0
"9557",15444,0
"9558",15443,0
"9559",15442,0
"9560",15441,0
"9561",15440,0
"9562",15439,0
"9563",15438,0
"9564",15437,0
"9565",15436,0
"9566",15435,0
"9567",15434,0
"9568",15433,0
"9569",15432,0
"9570",15431,0
"9571",15430,0
"9572",15429,0
"9573",15428,0
"9574",15427,0
"9575",15426,0
"9576",15425,0
"9577",15424,0
"9578",15423,0
"9579",15422,0
"9580",15421,0
"9581",15420,0
"9582",15419,0
"9583",15418,0
"9584",15417,0
"9585",15416,0
"9586",15415,0
"9587",15414,0
"9588",15413,0
"9589",15412,0
"9590",15411,0
"9591",15410,0
"9592",15409,0
"9593",15408,0
"9594",15407,0
"9595",15406,0
"9596",15405,0
"9597",15404,0
"9598",15403,0
"9599",15402,0
"9600",15401,0
"9601",15400,0
"9602",15399,0
"9603",15398,0
"9604",15397,0
"9605",15396,0
"9606",15395,0
"9607",15394,0
"9608",15393,0
"9609",15392,0
"9610",15391,0
"9611",15390,0
"9612",15389,0
"9613",15388,0
"9614",15387,0
"9615",15386,0
"9616",15385,0
"9617",15384,0
"9618",15383,0
"9619",15382,0
"9620",15381,0
"9621",15380,0
"9622",15379,0
"9623",15378,0
"9624",15377,0
"9625",15376,0
"9626",15375,0
"9627",15374,0
"9628",15373,0
"9629",15372,0
"9630",15371,0
"9631",15370,0
"9632",15369,0
"9633",15368,0
"9634",15367,0
"9635",15366,0
"9636",15365,0
"9637",15364,0
"9638",15363,0
"9639",15362,0
"9640",15361,0
"9641",15360,0
"9642",15359,0
"9643",15358,0
"9644",15357,0
"9645",15356,0
"9646",15355,0
"9647",15354,0
"9648",15353,0
"9649",15352,0
"9650",15351,0
"9651",15350,0
"9652",15349,0
"9653",15348,0
"9654",15347,0
"9655",15346,0
"9656",15345,0
"9657",15344,0
"9658",15343,0
"9659",15342,0
"9660",15341,0
"9661",15340,0
"9662",15339,0
"9663",15338,0
"9664",15337,0
"9665",15336,0
"9666",15335,0
"9667",15334,0
"9668",15333,0
"9669",15332,0
"9670",15331,0
"9671",15330,0
"9672",15329,0
"9673",15328,0
"9674",15327,0
"9675",15326,0
"9676",15325,0
"9677",15324,0
"9678",15323,0
"9679",15322,0
"9680",15321,0
"9681",15320,0
"9682",15319,0
"9683",15318,0
"9684",15317,0
"9685",15316,0
"9686",15315,0
"9687",15314,0
"9688",15313,0
"9689",15312,0
"9690",15311,0
"9691",15310,0
"9692",15309,0
"9693",15308,0
"9694",15307,0
"9695",15306,0
"9696",15305,0
"9697",15304,0
"9698",15303,0
"9699",15302,0
"9700",15301,0
"9701",15300,0
"9702",15299,0
"9703",15298,0
"9704",15297,0
"9705",15296,0
"9706",15295,0
"9707",15294,0
"9708",15293,0
"9709",15292,0
"9710",15291,0
"9711",15290,0
"9712",15289,0
"9713",15288,0
"9714",15287,0
"9715",15286,0
"9716",15285,0
"9717",15284,0
"9718",15283,0
"9719",15282,0
"9720",15281,0
"9721",15280,0
"9722",15279,0
"9723",15278,0
"9724",15277,0
"9725",15276,0
"9726",15275,0
"9727",15274,0
"9728",15273,0
"9729",15272,0
"9730",15271,0
"9731",15270,0
"9732",15269,0
"9733",15268,0
"9734",15267,0
"9735",15266,0
"9736",15265,0
"9737",15264,0
"9738",15263,0
"9739",15262,0
"9740",15261,0
"9741",15260,0
"9742",15259,0
"9743",15258,0
"9744",15257,0
"9745",15256,0
"9746",15255,0
"9747",15254,0
"9748",15253,0
"9749",15252,0
"9750",15251,0
"9751",15250,0
"9752",15249,0
"9753",15248,0
"9754",15247,0
"9755",15246,0
"9756",15245,0
"9757",15244,0
"9758",15243,0
"9759",15242,0
"9760",15241,0
"9761",15240,0
"9762",15239,0
"9763",15238,0
"9764",15237,0
"9765",15236,0
"9766",15235,0
"9767",15234,0
"9768",15233,0
"9769",15232,0
"9770",15231,0
"9771",15230,0
"9772",15229,0
"9773",15228,0
"9774",15227,0
"9775",15226,0
"9776",15225,0
"9777",15224,0
"9778",15223,0
"9779",15222,0
"9780",15221,0
"9781",15220,0
"9782",15219,0
"9783",15218,0
"9784",15217,0
"9785",15216,0
"9786",15215,0
"9787",15214,0
"9788",15213,0
"9789",15212,0
"9790",15211,0
"9791",15210,0
"9792",15209,0
"9793",15208,0
"9794",15207,0
"9795",15206,0
"9796",15205,0
"9797",15204,0
"9798",15203,0
"9799",15202,0
"9800",15201,0
"9801",15200,0
"9802",15199,0
"9803",15198,0
"9804",15197,0
"9805",15196,0
"9806",15195,0
"9807",15194,0
"9808",15193,0
"9809",15192,0
"9810",15191,0
"9811",15190,0
"9812",15189,0
"9813",15188,0
"9814",15187,0
"9815",15186,0
"9816",15185,0
"9817",15184,0
"9818",15183,0
"9819",15182,0
"9820",15181,0
"9821",15180,0
"9822",15179,0
"9823",15178,0
"9824",15177,0
"9825",15176,0
"9826",15175,0
"9827",15174,0
"9828",15173,0
"9829",15172,0
"9830",15171,0
"9831",15170,0
"9832",15169,0
"9833",15168,0
"9834",15167,0
"9835",15166,0
"9836",15165,0
"9837",15164,0
"9838",15163,0
"9839",15162,0
"9840",15161,0
"9841",15160,0
"9842",15159,0
"9843",15158,0
"9844",15157,0
"9845",15156,0
"9846",15155,0
"9847",15154,0
"9848",15153,0
"9849",15152,0
"9850",15151,0
"9851",15150,0
"9852",15149,0
"9853",15148,0
"9854",15147,0
"9855",15146,0
"9856",15145,0
"9857",15144,0
"9858",15143,0
"9859",15142,0
"9860",15141,0
"9861",15140,0
"9862",15139,0
"9863",15138,0
"9864",15137,0
"9865",15136,0
"9866",15135,0
"9867",15134,0
"9868",15133,0
"9869",15132,0
"9870",15131,0
"9871",15130,0
"9872",15129,0
"9873",15128,0
"9874",15127,0
"9875",15126,0
"9876",15125,0
"9877",15124,0
"9878",15123,0
"9879",15122,0
"9880",15121,0
"9881",15120,0
"9882",15119,0
"9883",15118,0
"9884",15117,0
"9885",15116,0
"9886",15115,0
"9887",15114,0
"9888",15113,0
"9889",15112,0
"9890",15111,0
"9891",15110,0
"9892",15109,0
"9893",15108,0
"9894",15107,0
"9895",15106,0
"9896",15105,0
"9897",15104,0
"9898",15103,0
"9899",15102,0
"9900",15101,0
"9901",15100,0
"9902",15099,0
"9903",15098,0
"9904",15097,0
"9905",15096,0
"9906",15095,0
"9907",15094,0
"9908",15093,0
"9909",15092,0
"9910",15091,0
"9911",15090,0
"9912",15089,0
"9913",15088,0
"9914",15087,0
"9915",15086,0
"9916",15085,0
"9917",15084,0
"9918",15083,0
"9919",15082,0
"9920",15081,0
"9921",15080,0
"9922",15079,0
"9923",15078,0
"9924",15077,0
"9925",15076,0
"9926",15075,0
"9927",15074,0
"9928",15073,0
"9929",15072,0
"9930",15071,0
"9931",15070,0
"9932",15069,0
"9933",15068,0
"9934",15067,0
"9935",15066,0
"9936",15065,0
"9937",15064,0
"9938",15063,0
"9939",15062,0
"9940",15061,0
"9941",15060,0
"9942",15059,0
"9943",15058,0
"9944",15057,0
"9945",15056,0
"9946",15055,0
"9947",15054,0
"9948",15053,0
"9949",15052,0
"9950",15051,0
"9951",15050,0
"9952",15049,0
"9953",15048,0
"9954",15047,0
"9955",15046,0
"9956",15045,0
"9957",15044,0
"9958",15043,0
"9959",15042,0
"9960",15041,0
"9961",15040,0
"9962",15039,0
"9963",15038,0
"9964",15037,0
"9965",15036,0
"9966",15035,0
"9967",15034,0
"9968",15033,0
"9969",15032,0
"9970",15031,0
"9971",15030,0
"9972",15029,0
"9973",15028,0
"9974",15027,0
"9975",15026,0
"9976",15025,0
"9977",15024,0
"9978",15023,0
"9979",15022,0
"9980",15021,0
"9981",15020,0
"9982",15019,0
"9983",15018,0
"9984",15017,0
"9985",15016,0
"9986",15015,0
"9987",15014,0
"9988",15013,0
"9989",15012,0
"9990",15011,0
"9991",15010,0
"9992",15009,0
"9993",15008,0
"9994",15007,0
"9995",15006,0
"9996",15005,0
"9997",15004,0
"9998",15003,0
"9999",15002,0
"10000",15001,0
"10001",15000,0
"10002",14999,0
"10003",14998,0
"10004",14997,0
"10005",14996,0
"10006",14995,0
"10007",14994,0
"10008",14993,0
"10009",14992,0
"10010",14991,0
"10011",14990,0
"10012",14989,0
"10013",14988,0
"10014",14987,0
"10015",14986,0
"10016",14985,0
"10017",14984,0
"10018",14983,0
"10019",14982,0
"10020",14981,0
"10021",14980,0
"10022",14979,0
"10023",14978,0
"10024",14977,0
"10025",14976,0
"10026",14975,0
"10027",14974,0
"10028",14973,0
"10029",14972,0
"10030",14971,0
"10031",14970,0
"10032",14969,0
"10033",14968,0
"10034",14967,0
"10035",14966,0
"10036",14965,0
"10037",14964,0
"10038",14963,0
"10039",14962,0
"10040",14961,0
"10041",14960,0
"10042",14959,0
"10043",14958,0
"10044",14957,0
"10045",14956,0
"10046",14955,0
"10047",14954,0
"10048",14953,0
"10049",14952,0
"10050",14951,0
"10051",14950,0
"10052",14949,0
"10053",14948,0
"10054",14947,0
"10055",14946,0
"10056",14945,0
"10057",14944,0
"10058",14943,0
"10059",14942,0
"10060",14941,0
"10061",14940,0
"10062",14939,0
"10063",14938,0
"10064",14937,0
"10065",14936,0
"10066",14935,0
"10067",14934,0
"10068",14933,0
"10069",14932,0
"10070",14931,0
"10071",14930,0
"10072",14929,0
"10073",14928,0
"10074",14927,0
"10075",14926,0
"10076",14925,0
"10077",14924,0
"10078",14923,0
"10079",14922,0
"10080",14921,0
"10081",14920,0
"10082",14919,0
"10083",14918,0
"10084",14917,0
"10085",14916,0
"10086",14915,0
"10087",14914,0
"10088",14913,0
"10089",14912,0
"10090",14911,0
"10091",14910,0
"10092",14909,0
"10093",14908,0
"10094",14907,0
"10095",14906,0
"10096",14905,0
"10097",14904,0
"10098",14903,0
"10099",14902,0
"10100",14901,0
"10101",14900,0
"10102",14899,0
"10103",14898,0
"10104",14897,0
"10105",14896,0
"10106",14895,0
"10107",14894,0
"10108",14893,0
"10109",14892,0
"10110",14891,0
"10111",14890,0
"10112",14889,0
"10113",14888,0
"10114",14887,0
"10115",14886,0
"10116",14885,0
"10117",14884,0
"10118",14883,0
"10119",14882,0
"10120",14881,0
"10121",14880,0
"10122",14879,0
"10123",14878,0
"10124",14877,0
"10125",14876,0
"10126",14875,0
"10127",14874,0
"10128",14873,0
"10129",14872,0
"10130",14871,0
"10131",14870,0
"10132",14869,0
"10133",14868,0
"10134",14867,0
"10135",14866,0
"10136",14865,0
"10137",14864,0
"10138",14863,0
"10139",14862,0
"10140",14861,0
"10141",14860,0
"10142",14859,0
"10143",14858,0
"10144",14857,0
"10145",14856,0
"10146",14855,0
"10147",14854,0
"10148",14853,0
"10149",14852,0
"10150",14851,0
"10151",14850,0
"10152",14849,0
"10153",14848,0
"10154",14847,0
"10155",14846,0
"10156",14845,0
"10157",14844,0
"10158",14843,0
"10159",14842,0
"10160",14841,0
"10161",14840,0
"10162",14839,0
"10163",14838,0
"10164",14837,0
"10165",14836,0
"10166",14835,0
"10167",14834,0
"10168",14833,0
"10169",14832,0
"10170",14831,0
"10171",14830,0
"10172",14829,0
"10173",14828,0
"10174",14827,0
"10175",14826,0
"10176",14825,0
"10177",14824,0
"10178",14823,0
"10179",14822,0
"10180",14821,0
"10181",14820,0
"10182",14819,0
"10183",14818,0
"10184",14817,0
"10185",14816,0
"10186",14815,0
"10187",14814,0
"10188",14813,0
"10189",14812,0
"10190",14811,0
"10191",14810,0
"10192",14809,0
"10193",14808,0
"10194",14807,0
"10195",14806,0
"10196",14805,0
"10197",14804,0
"10198",14803,0
"10199",14802,0
"10200",14801,0
"10201",14800,0
"10202",14799,0
"10203",14798,0
"10204",14797,0
"10205",14796,0
"10206",14795,0
"10207",14794,0
"10208",14793,0
"10209",14792,0
"10210",14791,0
"10211",14790,0
"10212",14789,0
"10213",14788,0
"10214",14787,0
"10215",14786,0
"10216",14785,0
"10217",14784,0
"10218",14783,0
"10219",14782,0
"10220",14781,0
"10221",14780,0
"10222",14779,0
"10223",14778,0
"10224",14777,0
"10225",14776,0
"10226",14775,0
"10227",14774,0
"10228",14773,0
"10229",14772,0
"10230",14771,0
"10231",14770,0
"10232",14769,0
"10233",14768,0
"10234",14767,0
"10235",14766,0
"10236",14765,0
"10237",14764,0
"10238",14763,0
"10239",14762,0
"10240",14761,0
"10241",14760,0
"10242",14759,0
"10243",14758,0
"10244",14757,0
"10245",14756,0
"10246",14755,0
"10247",14754,0
"10248",14753,0
"10249",14752,0
"10250",14751,0
"10251",14750,0
"10252",14749,0
"10253",14748,0
"10254",14747,0
"10255",14746,0
"10256",14745,0
"10257",14744,0
"10258",14743,0
"10259",14742,0
"10260",14741,0
"10261",14740,0
"10262",14739,0
"10263",14738,0
"10264",14737,0
"10265",14736,0
"10266",14735,0
"10267",14734,0
"10268",14733,0
"10269",14732,0
"10270",14731,0
"10271",14730,0
"10272",14729,0
"10273",14728,0
"10274",14727,0
"10275",14726,0
"10276",14725,0
"10277",14724,0
"10278",14723,0
"10279",14722,0
"10280",14721,0
"10281",14720,0
"10282",14719,0
"10283",14718,0
"10284",14717,0
"10285",14716,0
"10286",14715,0
"10287",14714,0
"10288",14713,0
"10289",14712,0
"10290",14711,0
"10291",14710,0
"10292",14709,0
"10293",14708,0
"10294",14707,0
"10295",14706,0
"10296",14705,0
"10297",14704,0
"10298",14703,0
"10299",14702,0
"10300",14701,0
"10301",14700,0
"10302",14699,0
"10303",14698,0
"10304",14697,0
"10305",14696,0
"10306",14695,0
"10307",14694,0
"10308",14693,0
"10309",14692,0
"10310",14691,0
"10311",14690,0
"10312",14689,0
"10313",14688,0
"10314",14687,0
"10315",14686,0
"10316",14685,0
"10317",14684,0
"10318",14683,0
"10319",14682,0
"10320",14681,0
"10321",14680,0
"10322",14679,0
"10323",14678,0
"10324",14677,0
"10325",14676,0
"10326",14675,0
"10327",14674,0
"10328",14673,0
"10329",14672,0
"10330",14671,0
"10331",14670,0
"10332",14669,0
"10333",14668,0
"10334",14667,0
"10335",14666,0
"10336",14665,0
"10337",14664,0
"10338",14663,0
"10339",14662,0
"10340",14661,0
"10341",14660,0
"10342",14659,0
"10343",14658,0
"10344",14657,0
"10345",14656,0
"10346",14655,0
"10347",14654,0
"10348",14653,0
"10349",14652,0
"10350",14651,0
"10351",14650,0
"10352",14649,0
"10353",14648,0
"10354",14647,0
"10355",14646,0
"10356",14645,0
"10357",14644,0
"10358",14643,0
"10359",14642,0
"10360",14641,0
"10361",14640,0
"10362",14639,0
"10363",14638,0
"10364",14637,0
"10365",14636,0
"10366",14635,0
"10367",14634,0
"10368",14633,0
"10369",14632,0
"10370",14631,0
"10371",14630,0
"10372",14629,0
"10373",14628,0
"10374",14627,0
"10375",14626,0
"10376",14625,0
"10377",14624,0
"10378",14623,0
"10379",14622,0
"10380",14621,0
"10381",14620,0
"10382",14619,0
"10383",14618,0
"10384",14617,0
"10385",14616,0
"10386",14615,0
"10387",14614,0
"10388",14613,0
"10389",14612,0
"10390",14611,0
"10391",14610,0
"10392",14609,0
"10393",14608,0
"10394",14607,0
"10395",14606,0
"10396",14605,0
"10397",14604,0
"10398",14603,0
"10399",14602,0
"10400",14601,0
"10401",14600,0
"10402",14599,0
"10403",14598,0
"10404",14597,0
"10405",14596,0
"10406",14595,0
"10407",14594,0
"10408",14593,0
"10409",14592,0
"10410",14591,0
"10411",14590,0
"10412",14589,0
"10413",14588,0
"10414",14587,0
"10415",14586,0
"10416",14585,0
"10417",14584,0
"10418",14583,0
"10419",14582,0
"10420",14581,0
"10421",14580,0
"10422",14579,0
"10423",14578,0
"10424",14577,0
"10425",14576,0
"10426",14575,0
"10427",14574,0
"10428",14573,0
"10429",14572,0
"10430",14571,0
"10431",14570,0
"10432",14569,0
"10433",14568,0
"10434",14567,0
"10435",14566,0
"10436",14565,0
"10437",14564,0
"10438",14563,0
"10439",14562,0
"10440",14561,0
"10441",14560,0
"10442",14559,0
"10443",14558,0
"10444",14557,0
"10445",14556,0
"10446",14555,0
"10447",14554,0
"10448",14553,0
"10449",14552,0
"10450",14551,0
"10451",14550,0
"10452",14549,0
"10453",14548,0
"10454",14547,0
"10455",14546,0
"10456",14545,0
"10457",14544,0
"10458",14543,0
"10459",14542,0
"10460",14541,0
"10461",14540,0
"10462",14539,0
"10463",14538,0
"10464",14537,0
"10465",14536,0
"10466",14535,0
"10467",14534,0
"10468",14533,0
"10469",14532,0
"10470",14531,0
"10471",14530,0
"10472",14529,0
"10473",14528,0
"10474",14527,0
"10475",14526,0
"10476",14525,0
"10477",14524,0
"10478",14523,0
"10479",14522,0
"10480",14521,0
"10481",14520,0
"10482",14519,0
"10483",14518,0
"10484",14517,0
"10485",14516,0
"10486",14515,0
"10487",14514,0
"10488",14513,0
"10489",14512,0
"10490",14511,0
"10491",14510,0
"10492",14509,0
"10493",14508,0
"10494",14507,0
"10495",14506,0
"10496",14505,0
"10497",14504,0
"10498",14503,0
"10499",14502,0
"10500",14501,0
"10501",14500,0
"10502",14499,0
"10503",14498,0
"10504",14497,0
"10505",14496,0
"10506",14495,0
"10507",14494,0
"10508",14493,0
"10509",14492,0
"10510",14491,0
"10511",14490,0
"10512",14489,0
"10513",14488,0
"10514",14487,0
"10515",14486,0
"10516",14485,0
"10517",14484,0
"10518",14483,0
"10519",14482,0
"10520",14481,0
"10521",14480,0
"10522",14479,0
"10523",14478,0
"10524",14477,0
"10525",14476,0
"10526",14475,0
"10527",14474,0
"10528",14473,0
"10529",14472,0
"10530",14471,0
"10531",14470,0
"10532",14469,0
"10533",14468,0
"10534",14467,0
"10535",14466,0
"10536",14465,0
"10537",14464,0
"10538",14463,0
"10539",14462,0
"10540",14461,0
"10541",14460,0
"10542",14459,0
"10543",14458,0
"10544",14457,0
"10545",14456,0
"10546",14455,0
"10547",14454,0
"10548",14453,0
"10549",14452,0
"10550",14451,0
"10551",14450,0
"10552",14449,0
"10553",14448,0
"10554",14447,0
"10555",14446,0
"10556",14445,0
"10557",14444,0
"10558",14443,0
"10559",14442,0
"10560",14441,0
"10561",14440,0
"10562",14439,0
"10563",14438,0
"10564",14437,0
"10565",14436,0
"10566",14435,0
"10567",14434,0
"10568",14433,0
"10569",14432,0
"10570",14431,0
"10571",14430,0
"10572",14429,0
"10573",14428,0
"10574",14427,0
"10575",14426,0
"10576",14425,0
"10577",14424,0
"10578",14423,0
"10579",14422,0
"10580",14421,0
"10581",14420,0
"10582",14419,0
"10583",14418,0
"10584",14417,0
"10585",14416,0
"10586",14415,0
"10587",14414,0
"10588",14413,0
"10589",14412,0
"10590",14411,0
"10591",14410,0
"10592",14409,0
"10593",14408,0
"10594",14407,0
"10595",14406,0
"10596",14405,0
"10597",14404,0
"10598",14403,0
"10599",14402,0
"10600",14401,0
"10601",14400,0
"10602",14399,0
"10603",14398,0
"10604",14397,0
"10605",14396,0
"10606",14395,0
"10607",14394,0
"10608",14393,0
"10609",14392,0
"10610",14391,0
"10611",14390,0
"10612",14389,0
"10613",14388,0
"10614",14387,0
"10615",14386,0
"10616",14385,0
"10617",14384,0
"10618",14383,0
"10619",14382,0
"10620",14381,0
"10621",14380,0
"10622",14379,0
"10623",14378,0
"10624",14377,0
"10625",14376,0
"10626",14375,0
"10627",14374,0
"10628",14373,0
"10629",14372,0
"10630",14371,0
"10631",14370,0
"10632",14369,0
"10633",14368,0
"10634",14367,0
"10635",14366,0
"10636",14365,0
"10637",14364,0
"10638",14363,0
"10639",14362,0
"10640",14361,0
"10641",14360,0
"10642",14359,0
"10643",14358,0
"10644",14357,0
"10645",14356,0
"10646",14355,0
"10647",14354,0
"10648",14353,0
"10649",14352,0
"10650",14351,0
"10651",14350,0
"10652",14349,0
"10653",14348,0
"10654",14347,0
"10655",14346,0
"10656",14345,0
"10657",14344,0
"10658",14343,0
"10659",14342,0
"10660",14341,0
"10661",14340,0
"10662",14339,0
"10663",14338,0
"10664",14337,0
"10665",14336,0
"10666",14335,0
"10667",14334,0
"10668",14333,0
"10669",14332,0
"10670",14331,0
"10671",14330,0
"10672",14329,0
"10673",14328,0
"10674",14327,0
"10675",14326,0
"10676",14325,0
"10677",14324,0
"10678",14323,0
"10679",14322,0
"10680",14321,0
"10681",14320,0
"10682",14319,0
"10683",14318,0
"10684",14317,0
"10685",14316,0
"10686",14315,0
"10687",14314,0
"10688",14313,0
"10689",14312,0
"10690",14311,0
"10691",14310,0
"10692",14309,0
"10693",14308,0
"10694",14307,0
"10695",14306,0
"10696",14305,0
"10697",14304,0
"10698",14303,0
"10699",14302,0
"10700",14301,0
"10701",14300,0
"10702",14299,0
"10703",14298,0
"10704",14297,0
"10705",14296,0
"10706",14295,0
"10707",14294,0
"10708",14293,0
"10709",14292,0
"10710",14291,0
"10711",14290,0
"10712",14289,0
"10713",14288,0
"10714",14287,0
"10715",14286,0
"10716",14285,0
"10717",14284,0
"10718",14283,0
"10719",14282,0
"10720",14281,0
"10721",14280,0
"10722",14279,0
"10723",14278,0
"10724",14277,0
"10725",14276,0
"10726",14275,0
"10727",14274,0
"10728",14273,0
"10729",14272,0
"10730",14271,0
"10731",14270,0
"10732",14269,0
"10733",14268,0
"10734",14267,0
"10735",14266,0
"10736",14265,0
"10737",14264,0
"10738",14263,0
"10739",14262,0
"10740",14261,0
"10741",14260,0
"10742",14259,0
"10743",14258,0
"10744",14257,0
"10745",14256,0
"10746",14255,0
"10747",14254,0
"10748",14253,0
"10749",14252,0
"10750",14251,0
"10751",14250,0
"10752",14249,0
"10753",14248,0
"10754",14247,0
"10755",14246,0
"10756",14245,0
"10757",14244,0
"10758",14243,0
"10759",14242,0
"10760",14241,0
"10761",14240,0
"10762",14239,0
"10763",14238,0
"10764",14237,0
"10765",14236,0
"10766",14235,0
"10767",14234,0
"10768",14233,0
"10769",14232,0
"10770",14231,0
"10771",14230,0
"10772",14229,0
"10773",14228,0
"10774",14227,0
"10775",14226,0
"10776",14225,0
"10777",14224,0
"10778",14223,0
"10779",14222,0
"10780",14221,0
"10781",14220,0
"10782",14219,0
"10783",14218,0
"10784",14217,0
"10785",14216,0
"10786",14215,0
"10787",14214,0
"10788",14213,0
"10789",14212,0
"10790",14211,0
"10791",14210,0
"10792",14209,0
"10793",14208,0
"10794",14207,0
"10795",14206,0
"10796",14205,0
"10797",14204,0
"10798",14203,0
"10799",14202,0
"10800",14201,0
"10801",14200,0
"10802",14199,0
"10803",14198,0
"10804",14197,0
"10805",14196,0
"10806",14195,0
"10807",14194,0
"10808",14193,0
"10809",14192,0
"10810",14191,0
"10811",14190,0
"10812",14189,0
"10813",14188,0
"10814",14187,0
"10815",14186,0
"10816",14185,0
"10817",14184,0
"10818",14183,0
"10819",14182,0
"10820",14181,0
"10821",14180,0
"10822",14179,0
"10823",14178,0
"10824",14177,0
"10825",14176,0
"10826",14175,0
"10827",14174,0
"10828",14173,0
"10829",14172,0
"10830",14171,0
"10831",14170,0
"10832",14169,0
"10833",14168,0
"10834",14167,0
"10835",14166,0
"10836",14165,0
"10837",14164,0
"10838",14163,0
"10839",14162,0
"10840",14161,0
"10841",14160,0
"10842",14159,0
"10843",14158,0
"10844",14157,0
"10845",14156,0
"10846",14155,0
"10847",14154,0
"10848",14153,0
"10849",14152,0
"10850",14151,0
"10851",14150,0
"10852",14149,0
"10853",14148,0
"10854",14147,0
"10855",14146,0
"10856",14145,0
"10857",14144,0
"10858",14143,0
"10859",14142,0
"10860",14141,0
"10861",14140,0
"10862",14139,0
"10863",14138,0
"10864",14137,0
"10865",14136,0
"10866",14135,0
"10867",14134,0
"10868",14133,0
"10869",14132,0
"10870",14131,0
"10871",14130,0
"10872",14129,0
"10873",14128,0
"10874",14127,0
"10875",14126,0
"10876",14125,0
"10877",14124,0
"10878",14123,0
"10879",14122,0
"10880",14121,0
"10881",14120,0
"10882",14119,0
"10883",14118,0
"10884",14117,0
"10885",14116,0
"10886",14115,0
"10887",14114,0
"10888",14113,0
"10889",14112,0
"10890",14111,0
"10891",14110,0
"10892",14109,0
"10893",14108,0
"10894",14107,0
"10895",14106,0
"10896",14105,0
"10897",14104,0
"10898",14103,0
"10899",14102,0
"10900",14101,0
"10901",14100,0
"10902",14099,0
"10903",14098,0
"10904",14097,0
"10905",14096,0
"10906",14095,0
"10907",14094,0
"10908",14093,0
"10909",14092,0
"10910",14091,0
"10911",14090,0
"10912",14089,0
"10913",14088,0
"10914",14087,0
"10915",14086,0
"10916",14085,0
"10917",14084,0
"10918",14083,0
"10919",14082,0
"10920",14081,0
"10921",14080,0
"10922",14079,0
"10923",14078,0
"10924",14077,0
"10925",14076,0
"10926",14075,0
"10927",14074,0
"10928",14073,0
"10929",14072,0
"10930",14071,0
"10931",14070,0
"10932",14069,0
"10933",14068,0
"10934",14067,0
"10935",14066,0
"10936",14065,0
"10937",14064,0
"10938",14063,0
"10939",14062,0
"10940",14061,0
"10941",14060,0
"10942",14059,0
"10943",14058,0
"10944",14057,0
"10945",14056,0
"10946",14055,0
"10947",14054,0
"10948",14053,0
"10949",14052,0
"10950",14051,0
"10951",14050,0
"10952",14049,0
"10953",14048,0
"10954",14047,0
"10955",14046,0
"10956",14045,0
"10957",14044,0
"10958",14043,0
"10959",14042,0
"10960",14041,0
"10961",14040,0
"10962",14039,0
"10963",14038,0
"10964",14037,0
"10965",14036,0
"10966",14035,0
"10967",14034,0
"10968",14033,0
"10969",14032,0
"10970",14031,0
"10971",14030,0
"10972",14029,0
"10973",14028,0
"10974",14027,0
"10975",14026,0
"10976",14025,0
"10977",14024,0
"10978",14023,0
"10979",14022,0
"10980",14021,0
"10981",14020,0
"10982",14019,0
"10983",14018,0
"10984",14017,0
"10985",14016,0
"10986",14015,0
"10987",14014,0
"10988",14013,0
"10989",14012,0
"10990",14011,0
"10991",14010,0
"10992",14009,0
"10993",14008,0
"10994",14007,0
"10995",14006,0
"10996",14005,0
"10997",14004,0
"10998",14003,0
"10999",14002,0
"11000",14001,0
"11001",14000,0
"11002",13999,0
"11003",13998,0
"11004",13997,0
"11005",13996,0
"11006",13995,0
"11007",13994,0
"11008",13993,0
"11009",13992,0
"11010",13991,0
"11011",13990,0
"11012",13989,0
"11013",13988,0
"11014",13987,0
"11015",13986,0
"11016",13985,0
"11017",13984,0
"11018",13983,0
"11019",13982,0
"11020",13981,0
"11021",13980,0
"11022",13979,0
"11023",13978,0
"11024",13977,0
"11025",13976,0
"11026",13975,0
"11027",13974,0
"11028",13973,0
"11029",13972,0
"11030",13971,0
"11031",13970,0
"11032",13969,0
"11033",13968,0
"11034",13967,0
"11035",13966,0
"11036",13965,0
"11037",13964,0
"11038",13963,0
"11039",13962,0
"11040",13961,0
"11041",13960,0
"11042",13959,0
"11043",13958,0
"11044",13957,0
"11045",13956,0
"11046",13955,0
"11047",13954,0
"11048",13953,0
"11049",13952,0
"11050",13951,0
"11051",13950,0
"11052",13949,0
"11053",13948,0
"11054",13947,0
"11055",13946,0
"11056",13945,0
"11057",13944,0
"11058",13943,0
"11059",13942,0
"11060",13941,0
"11061",13940,0
"11062",13939,0
"11063",13938,0
"11064",13937,0
"11065",13936,0
"11066",13935,0
"11067",13934,0
"11068",13933,0
"11069",13932,0
"11070",13931,0
"11071",13930,0
"11072",13929,0
"11073",13928,0
"11074",13927,0
"11075",13926,0
"11076",13925,0
"11077",13924,0
"11078",13923,0
"11079",13922,0
"11080",13921,0
"11081",13920,0
"11082",13919,0
"11083",13918,0
"11084",13917,0
"11085",13916,0
"11086",13915,0
"11087",13914,0
"11088",13913,0
"11089",13912,0
"11090",13911,0
"11091",13910,0
"11092",13909,0
"11093",13908,0
"11094",13907,0
"11095",13906,0
"11096",13905,0
"11097",13904,0
"11098",13903,0
"11099",13902,0
"11100",13901,0
"11101",13900,0
"11102",13899,0
"11103",13898,0
"11104",13897,0
"11105",13896,0
"11106",13895,0
"11107",13894,0
"11108",13893,0
"11109",13892,0
"11110",13891,0
"11111",13890,0
"11112",13889,0
"11113",13888,0
"11114",13887,0
"11115",13886,0
"11116",13885,0
"11117",13884,0
"11118",13883,0
"11119",13882,0
"11120",13881,0
"11121",13880,0
"11122",13879,0
"11123",13878,0
"11124",13877,0
"11125",13876,0
"11126",13875,0
"11127",13874,0
"11128",13873,0
"11129",13872,0
"11130",13871,0
"11131",13870,0
"11132",13869,0
"11133",13868,0
"11134",13867,0
"11135",13866,0
"11136",13865,0
"11137",13864,0
"11138",13863,0
"11139",13862,0
"11140",13861,0
"11141",13860,0
"11142",13859,0
"11143",13858,0
"11144",13857,0
"11145",13856,0
"11146",13855,0
"11147",13854,0
"11148",13853,0
"11149",13852,0
"11150",13851,0
"11151",13850,0
"11152",13849,0
"11153",13848,0
"11154",13847,0
"11155",13846,0
"11156",13845,0
"11157",13844,0
"11158",13843,0
"11159",13842,0
"11160",13841,0
"11161",13840,0
"11162",13839,0
"11163",13838,0
"11164",13837,0
"11165",13836,0
"11166",13835,0
"11167",13834,0
"11168",13833,0
"11169",13832,0
"11170",13831,0
"11171",13830,0
"11172",13829,0
"11173",13828,0
"11174",13827,0
"11175",13826,0
"11176",13825,0
"11177",13824,0
"11178",13823,0
"11179",13822,0
"11180",13821,0
"11181",13820,0
"11182",13819,0
"11183",13818,0
"11184",13817,0
"11185",13816,0
"11186",13815,0
"11187",13814,0
"11188",13813,0
"11189",13812,0
"11190",13811,0
"11191",13810,0
"11192",13809,0
"11193",13808,0
"11194",13807,0
"11195",13806,0
"11196",13805,0
"11197",13804,0
"11198",13803,0
"11199",13802,0
"11200",13801,0
"11201",13800,0
"11202",13799,0
"11203",13798,0
"11204",13797,0
"11205",13796,0
"11206",13795,0
"11207",13794,0
"11208",13793,0
"11209",13792,0
"11210",13791,0
"11211",13790,0
"11212",13789,0
"11213",13788,0
"11214",13787,0
"11215",13786,0
"11216",13785,0
"11217",13784,0
"11218",13783,0
"11219",13782,0
"11220",13781,0
"11221",13780,0
"11222",13779,0
"11223",13778,0
"11224",13777,0
"11225",13776,0
"11226",13775,0
"11227",13774,0
"11228",13773,0
"11229",13772,0
"11230",13771,0
"11231",13770,0
"11232",13769,0
"11233",13768,0
"11234",13767,0
"11235",13766,0
"11236",13765,0
"11237",13764,0
"11238",13763,0
"11239",13762,0
"11240",13761,0
"11241",13760,0
"11242",13759,0
"11243",13758,0
"11244",13757,0
"11245",13756,0
"11246",13755,0
"11247",13754,0
"11248",13753,0
"11249",13752,0
"11250",13751,0
"11251",13750,0
"11252",13749,0
"11253",13748,0
"11254",13747,0
"11255",13746,0
"11256",13745,0
"11257",13744,0
"11258",13743,0
"11259",13742,0
"11260",13741,0
"11261",13740,0
"11262",13739,0
"11263",13738,0
"11264",13737,0
"11265",13736,0
"11266",13735,0
"11267",13734,0
"11268",13733,0
"11269",13732,0
"11270",13731,0
"11271",13730,0
"11272",13729,0
"11273",13728,0
"11274",13727,0
"11275",13726,0
"11276",13725,0
"11277",13724,0
"11278",13723,0
"11279",13722,0
"11280",13721,0
"11281",13720,0
"11282",13719,0
"11283",13718,0
"11284",13717,0
"11285",13716,0
"11286",13715,0
"11287",13714,0
"11288",13713,0
"11289",13712,0
"11290",13711,0
"11291",13710,0
"11292",13709,0
"11293",13708,0
"11294",13707,0
"11295",13706,0
"11296",13705,0
"11297",13704,0
"11298",13703,0
"11299",13702,0
"11300",13701,0
"11301",13700,0
"11302",13699,0
"11303",13698,0
"11304",13697,0
"11305",13696,0
"11306",13695,0
"11307",13694,0
"11308",13693,0
"11309",13692,0
"11310",13691,0
"11311",13690,0
"11312",13689,0
"11313",13688,0
"11314",13687,0
"11315",13686,0
"11316",13685,0
"11317",13684,0
"11318",13683,0
"11319",13682,0
"11320",13681,0
"11321",13680,0
"11322",13679,0
"11323",13678,0
"11324",13677,0
"11325",13676,0
"11326",13675,0
"11327",13674,0
"11328",13673,0
"11329",13672,0
"11330",13671,0
"11331",13670,0
"11332",13669,0
"11333",13668,0
"11334",13667,0
"11335",13666,0
"11336",13665,0
"11337",13664,0
"11338",13663,0
"11339",13662,0
"11340",13661,0
"11341",13660,0
"11342",13659,0
"11343",13658,0
"11344",13657,0
"11345",13656,0
"11346",13655,0
"11347",13654,0
"11348",13653,0
"11349",13652,0
"11350",13651,0
"11351",13650,0
"11352",13649,0
"11353",13648,0
"11354",13647,0
"11355",13646,0
"11356",13645,0
"11357",13644,0
"11358",13643,0
"11359",13642,0
"11360",13641,0
"11361",13640,0
"11362",13639,0
"11363",13638,0
"11364",13637,0
"11365",13636,0
"11366",13635,0
"11367",13634,0
"11368",13633,0
"11369",13632,0
"11370",13631,0
"11371",13630,0
"11372",13629,0
"11373",13628,0
"11374",13627,0
"11375",13626,0
"11376",13625,0
"11377",13624,0
"11378",13623,0
"11379",13622,0
"11380",13621,0
"11381",13620,0
"11382",13619,0
"11383",13618,0
"11384",13617,0
"11385",13616,0
"11386",13615,0
"11387",13614,0
"11388",13613,0
"11389",13612,0
"11390",13611,0
"11391",13610,0
"11392",13609,0
"11393",13608,0
"11394",13607,0
"11395",13606,0
"11396",13605,0
"11397",13604,0
"11398",13603,0
"11399",13602,0
"11400",13601,0
"11401",13600,0
"11402",13599,0
"11403",13598,0
"11404",13597,0
"11405",13596,0
"11406",13595,0
"11407",13594,0
"11408",13593,0
"11409",13592,0
"11410",13591,0
"11411",13590,0
"11412",13589,0
"11413",13588,0
"11414",13587,0
"11415",13586,0
"11416",13585,0
"11417",13584,0
"11418",13583,0
"11419",13582,0
"11420",13581,0
"11421",13580,0
"11422",13579,0
"11423",13578,0
"11424",13577,0
"11425",13576,0
"11426",13575,0
"11427",13574,0
"11428",13573,0
"11429",13572,0
"11430",13571,0
"11431",13570,0
"11432",13569,0
"11433",13568,0
"11434",13567,0
"11435",13566,0
"11436",13565,0
"11437",13564,0
"11438",13563,0
"11439",13562,0
"11440",13561,0
"11441",13560,0
"11442",13559,0
"11443",13558,0
"11444",13557,0
"11445",13556,0
"11446",13555,0
"11447",13554,0
"11448",13553,0
"11449",13552,0
"11450",13551,0
"11451",13550,0
"11452",13549,0
"11453",13548,0
"11454",13547,0
"11455",13546,0
"11456",13545,0
"11457",13544,0
"11458",13543,0
"11459",13542,0
"11460",13541,0
"11461",13540,0
"11462",13539,0
"11463",13538,0
"11464",13537,0
"11465",13536,0
"11466",13535,0
"11467",13534,0
"11468",13533,0
"11469",13532,0
"11470",13531,0
"11471",13530,0
"11472",13529,0
"11473",13528,0
"11474",13527,0
"11475",13526,0
"11476",13525,0
"11477",13524,0
"11478",13523,0
"11479",13522,0
"11480",13521,0
"11481",13520,0
"11482",13519,0
"11483",13518,0
"11484",13517,0
"11485",13516,0
"11486",13515,0
"11487",13514,0
"11488",13513,0
"11489",13512,0
"11490",13511,0
"11491",13510,0
"11492",13509,0
"11493",13508,0
"11494",13507,0
"11495",13506,0
"11496",13505,0
"11497",13504,0
"11498",13503,0
"11499",13502,0
"11500",13501,0
"11501",13500,0
"11502",13499,0
"11503",13498,0
"11504",13497,0
"11505",13496,0
"11506",13495,0
"11507",13494,0
"11508",13493,0
"11509",13492,0
"11510",13491,0
"11511",13490,0
"11512",13489,0
"11513",13488,0
"11514",13487,0
"11515",13486,0
"11516",13485,0
"11517",13484,0
"11518",13483,0
"11519",13482,0
"11520",13481,0
"11521",13480,0
"11522",13479,0
"11523",13478,0
"11524",13477,0
"11525",13476,0
"11526",13475,0
"11527",13474,0
"11528",13473,0
"11529",13472,0
"11530",13471,0
"11531",13470,0
"11532",13469,0
"11533",13468,0
"11534",13467,0
"11535",13466,0
"11536",13465,0
"11537",13464,0
"11538",13463,0
"11539",13462,0
"11540",13461,0
"11541",13460,0
"11542",13459,0
"11543",13458,0
"11544",13457,0
"11545",13456,0
"11546",13455,0
"11547",13454,0
"11548",13453,0
"11549",13452,0
"11550",13451,0
"11551",13450,0
"11552",13449,0
"11553",13448,0
"11554",13447,0
"11555",13446,0
"11556",13445,0
"11557",13444,0
"11558",13443,0
"11559",13442,0
"11560",13441,0
"11561",13440,0
"11562",13439,0
"11563",13438,0
"11564",13437,0
"11565",13436,0
"11566",13435,0
"11567",13434,0
"11568",13433,0
"11569",13432,0
"11570",13431,0
"11571",13430,0
"11572",13429,0
"11573",13428,0
"11574",13427,0
"11575",13426,0
"11576",13425,0
"11577",13424,0
"11578",13423,0
"11579",13422,0
"11580",13421,0
"11581",13420,0
"11582",13419,0
"11583",13418,0
"11584",13417,0
"11585",13416,0
"11586",13415,0
"11587",13414,0
"11588",13413,0
"11589",13412,0
"11590",13411,0
"11591",13410,0
"11592",13409,0
"11593",13408,0
"11594",13407,0
"11595",13406,0
"11596",13405,0
"11597",13404,0
"11598",13403,0
"11599",13402,0
"11600",13401,0
"11601",13400,0
"11602",13399,0
"11603",13398,0
"11604",13397,0
"11605",13396,0
"11606",13395,0
"11607",13394,0
"11608",13393,0
"11609",13392,0
"11610",13391,0
"11611",13390,0
"11612",13389,0
"11613",13388,0
"11614",13387,0
"11615",13386,0
"11616",13385,0
"11617",13384,0
"11618",13383,0
"11619",13382,0
"11620",13381,0
"11621",13380,0
"11622",13379,0
"11623",13378,0
"11624",13377,0
"11625",13376,0
"11626",13375,0
"11627",13374,0
"11628",13373,0
"11629",13372,0
"11630",13371,0
"11631",13370,0
"11632",13369,0
"11633",13368,0
"11634",13367,0
"11635",13366,0
"11636",13365,0
"11637",13364,0
"11638",13363,0
"11639",13362,0
"11640",13361,0
"11641",13360,0
"11642",13359,0
"11643",13358,0
"11644",13357,0
"11645",13356,0
"11646",13355,0
"11647",13354,0
"11648",13353,0
"11649",13352,0
"11650",13351,0
"11651",13350,0
"11652",13349,0
"11653",13348,0
"11654",13347,0
"11655",13346,0
"11656",13345,0
"11657",13344,0
"11658",13343,0
"11659",13342,0
"11660",13341,0
"11661",13340,0
"11662",13339,0
"11663",13338,0
"11664",13337,0
"11665",13336,0
"11666",13335,0
"11667",13334,0
"11668",13333,0
"11669",13332,0
"11670",13331,0
"11671",13330,0
"11672",13329,0
"11673",13328,0
"11674",13327,0
"11675",13326,0
"11676",13325,0
"11677",13324,0
"11678",13323,0
"11679",13322,0
"11680",13321,0
"11681",13320,0
"11682",13319,0
"11683",13318,0
"11684",13317,0
"11685",13316,0
"11686",13315,0
"11687",13314,0
"11688",13313,0
"11689",13312,0
"11690",13311,0
"11691",13310,0
"11692",13309,0
"11693",13308,0
"11694",13307,0
"11695",13306,0
"11696",13305,0
"11697",13304,0
"11698",13303,0
"11699",13302,0
"11700",13301,0
"11701",13300,0
"11702",13299,0
"11703",13298,0
"11704",13297,0
"11705",13296,0
"11706",13295,0
"11707",13294,0
"11708",13293,0
"11709",13292,0
"11710",13291,0
"11711",13290,0
"11712",13289,0
"11713",13288,0
"11714",13287,0
"11715",13286,0
"11716",13285,0
"11717",13284,0
"11718",13283,0
"11719",13282,0
"11720",13281,0
"11721",13280,0
"11722",13279,0
"11723",13278,0
"11724",13277,0
"11725",13276,0
"11726",13275,0
"11727",13274,0
"11728",13273,0
"11729",13272,0
"11730",13271,0
"11731",13270,0
"11732",13269,0
"11733",13268,0
"11734",13267,0
"11735",13266,0
"11736",13265,0
"11737",13264,0
"11738",13263,0
"11739",13262,0
"11740",13261,0
"11741",13260,0
"11742",13259,0
"11743",13258,0
"11744",13257,0
"11745",13256,0
"11746",13255,0
"11747",13254,0
"11748",13253,0
"11749",13252,0
"11750",13251,0
"11751",13250,0
"11752",13249,0
"11753",13248,0
"11754",13247,0
"11755",13246,0
"11756",13245,0
"11757",13244,0
"11758",13243,0
"11759",13242,0
"11760",13241,0
"11761",13240,0
"11762",13239,0
"11763",13238,0
"11764",13237,0
"11765",13236,0
"11766",13235,0
"11767",13234,0
"11768",13233,0
"11769",13232,0
"11770",13231,0
"11771",13230,0
"11772",13229,0
"11773",13228,0
"11774",13227,0
"11775",13226,0
"11776",13225,0
"11777",13224,0
"11778",13223,0
"11779",13222,0
"11780",13221,0
"11781",13220,0
"11782",13219,0
"11783",13218,0
"11784",13217,0
"11785",13216,0
"11786",13215,0
"11787",13214,0
"11788",13213,0
"11789",13212,0
"11790",13211,0
"11791",13210,0
"11792",13209,0
"11793",13208,0
"11794",13207,0
"11795",13206,0
"11796",13205,0
"11797",13204,0
"11798",13203,0
"11799",13202,0
"11800",13201,0
"11801",13200,0
"11802",13199,0
"11803",13198,0
"11804",13197,0
"11805",13196,0
"11806",13195,0
"11807",13194,0
"11808",13193,0
"11809",13192,0
"11810",13191,0
"11811",13190,0
"11812",13189,0
"11813",13188,0
"11814",13187,0
"11815",13186,0
"11816",13185,0
"11817",13184,0
"11818",13183,0
"11819",13182,0
"11820",13181,0
"11821",13180,0
"11822",13179,0
"11823",13178,0
"11824",13177,0
"11825",13176,0
"11826",13175,0
"11827",13174,0
"11828",13173,0
"11829",13172,0
"11830",13171,0
"11831",13170,0
"11832",13169,0
"11833",13168,0
"11834",13167,0
"11835",13166,0
"11836",13165,0
"11837",13164,0
"11838",13163,0
"11839",13162,0
"11840",13161,0
"11841",13160,0
"11842",13159,0
"11843",13158,0
"11844",13157,0
"11845",13156,0
"11846",13155,0
"11847",13154,0
"11848",13153,0
"11849",13152,0
"11850",13151,0
"11851",13150,0
"11852",13149,0
"11853",13148,0
"11854",13147,0
"11855",13146,0
"11856",13145,0
"11857",13144,0
"11858",13143,0
"11859",13142,0
"11860",13141,0
"11861",13140,0
"11862",13139,0
"11863",13138,0
"11864",13137,0
"11865",13136,0
"11866",13135,0
"11867",13134,0
"11868",13133,0
"11869",13132,0
"11870",13131,0
"11871",13130,0
"11872",13129,0
"11873",13128,0
"11874",13127,0
"11875",13126,0
"11876",13125,0
"11877",13124,0
"11878",13123,0
"11879",13122,0
"11880",13121,0
"11881",13120,0
"11882",13119,0
"11883",13118,0
"11884",13117,0
"11885",13116,0
"11886",13115,0
"11887",13114,0
"11888",13113,0
"11889",13112,0
"11890",13111,0
"11891",13110,0
"11892",13109,0
"11893",13108,0
"11894",13107,0
"11895",13106,0
"11896",13105,0
"11897",13104,0
"11898",13103,0
"11899",13102,0
"11900",13101,0
"11901",13100,0
"11902",13099,0
"11903",13098,0
"11904",13097,0
"11905",13096,0
"11906",13095,0
"11907",13094,0
"11908",13093,0
"11909",13092,0
"11910",13091,0
"11911",13090,0
"11912",13089,0
"11913",13088,0
"11914",13087,0
"11915",13086,0
"11916",13085,0
"11917",13084,0
"11918",13083,0
"11919",13082,0
"11920",13081,0
"11921",13080,0
"11922",13079,0
"11923",13078,0
"11924",13077,0
"11925",13076,0
"11926",13075,1.14580218417959e-05
"11927",13074,1.30511076972263e-05
"11928",13073,1.48514413939144e-05
"11929",13072,1.68836880251055e-05
"11930",13071,2.97927065380767e-05
"11931",13070,3.44816100669574e-05
"11932",13069,3.79532738254021e-05
"11933",13068,4.17708336786835e-05
"11934",13067,4.59679371028195e-05
"11935",13066,5.05813466505862e-05
"11936",13065,5.56512004182834e-05
"11937",13064,6.00595124953289e-05
"11938",13063,6.47938875942615e-05
"11939",13062,6.98753717382257e-05
"11940",13061,7.53260246395741e-05
"11941",13060,8.11689353251236e-05
"11942",13059,8.51369761603115e-05
"11943",13058,8.92863970867672e-05
"11944",13057,9.36246573268223e-05
"11945",13056,0.000108335856989394
"11946",13055,0.000113750611225839
"11947",13054,0.000117616255295385
"11948",13053,0.000121629706210587
"11949",13052,0.000125797009579715
"11950",13051,0.000130124465965004
"11951",13050,0.000134618641469158
"11952",13049,0.000132683721053768
"11953",13048,0.000130785157189996
"11954",13047,0.000128922444311773
"11955",13046,0.00012709507956354
"11956",13045,0.000125302562961293
"11957",13044,0.000122265119637555
"11958",13043,0.000119297209870507
"11959",13042,0.000116397380895048
"11960",13041,0.000113564205846748
"11961",13040,0.000100922621561385
"11962",13039,0.000100922621561385
"11963",13038,0.000100922621561385
"11964",13037,0.000100922621561385
"11965",13036,0.000100922621561385
"11966",13035,0.000100922621561385
"11967",13034,0.000100922621561385
"11968",13033,0.000100922621561385
"11969",13032,0.000100922621561385
"11970",13031,0.000100922621561385
"11971",13030,0.000100922621561385
"11972",13029,9.6356745977802e-05
"11973",13028,9.20060222798649e-05
"11974",13027,8.78601384039981e-05
"11975",13026,8.3909270451146e-05
"11976",13025,8.01440609648738e-05
"11977",13024,7.45498559788436e-05
"11978",13023,6.93253308171562e-05
"11979",13022,6.44480369031488e-05
"11980",13021,5.98967051742009e-05
"11981",13020,5.56512004182834e-05
"11982",13019,5.28357277480064e-05
"11983",13018,5.01566781103452e-05
"11984",13017,4.7608142749849e-05
"11985",13016,4.51844089603156e-05
"11986",13015,4.28799578898661e-05
"11987",13014,4.46252159365054e-05
"11988",13013,4.64406024857329e-05
"11989",13012,4.83286433312627e-05
"11990",13011,5.02919309368696e-05
"11991",13010,5.23331246892971e-05
"11992",13009,5.56512004182834e-05
"11993",13008,5.9168410673722e-05
"11994",13007,6.28957255310534e-05
"11995",13006,6.68446363790341e-05
"11996",13005,7.1027174092596e-05
"11997",13004,7.43771192247763e-05
"11998",13003,7.78931860643534e-05
"11999",13002,8.1583819180776e-05
"12000",13001,8.54578898387486e-05
"12001",13000,8.95247163484921e-05
"12002",12999,9.5063480480683e-05
"12003",12998,0.000100922621561385
"12004",12997,0.000117838875066054
"12005",12996,0.000125302562961293
"12006",12995,0.000133210151916417
"12007",12994,0.00013987181811889
"12008",12993,0.000146845517974299
"12009",12992,0.000154144398472683
"12010",12991,0.000161782065483069
"12011",12990,0.000169772594071718
"12012",12989,0.000171827055764966
"12013",12988,0.000173904710729041
"12014",12987,0.000176005793043404
"12015",12986,0.000178130538719164
"12016",12985,0.000180279185708924
"12017",12984,0.000180279185708924
"12018",12983,0.000180279185708924
"12019",12982,0.000180279185708924
"12020",12981,0.000180279185708924
"12021",12980,0.000180279185708924
"12022",12979,0.000178130538719164
"12023",12978,0.000176005793043404
"12024",12977,0.000173904710729041
"12025",12976,0.000171827055764966
"12026",12975,0.000169772594071718
"12027",12974,0.000171827055764966
"12028",12973,0.000173904710729041
"12029",12972,0.000176005793043404
"12030",12971,0.000178130538719164
"12031",12970,0.000180279185708924
"12032",12969,0.000189117614347781
"12033",12968,0.000198358011506976
"12034",12967,0.000208016558628927
"12035",12966,0.000218109958274051
"12036",12965,0.00022865544337973
"12037",12964,0.000242500171993186
"12038",12963,0.000257115011537413
"12039",12962,0.000272537243307246
"12040",12961,0.000288805535743689
"12041",12960,0.000305959966710993
"12042",12959,0.000316887866524572
"12043",12958,0.000328168025648785
"12044",12957,0.000339808946418389
"12045",12956,0.000351819188115907
"12046",12955,0.00036420736036888
"12047",12954,0.000360132031364604
"12048",12953,0.000356098128210999
"12049",12952,0.000352105291287248
"12050",12951,0.00034815316324921
"12051",12950,0.000344241389025874
"12052",12949,0.000328990808229552
"12053",12948,0.000314358071381871
"12054",12947,0.000300321536903649
"12055",12946,0.000286860134581895
"12056",12945,0.000273953360362081
"12057",12944,0.000258569508348166
"12058",12943,0.000243983404944218
"12059",12942,0.000230158646110132
"12060",12941,0.000217060138168267
"12061",12940,0.000204654074323968
"12062",12939,0.000202253068991766
"12063",12938,0.000199878201308875
"12064",12937,0.000197529218872938
"12065",12936,0.000195205871243017
"12066",12935,0.000192907909930831
"12067",12934,0.000202253068991766
"12068",12933,0.000212016469838131
"12069",12932,0.000222214583416363
"12070",12931,0.00023286439349169
"12071",12930,0.000243983404944218
"12072",12929,0.000267701704682005
"12073",12928,0.000293520238931277
"12074",12927,0.000321598575359506
"12075",12926,0.000352105291287248
"12076",12925,0.000385218139609843
"12077",12924,0.000416256564583164
"12078",12923,0.000449687095641613
"12079",12922,0.000485678387041639
"12080",12921,0.000524408947211628
"12081",12920,0.000566067464252335
"12082",12919,0.000597515793325401
"12083",12918,0.000630505601806842
"12084",12917,0.000665097694022547
"12085",12916,0.000701354295618227
"12086",12915,0.000739339023578271
"12087",12914,0.000786601381350021
"12088",12913,0.000836362312458989
"12089",12912,0.00088870949768849
"12090",12911,0.000943730424643419
"12091",12910,0.00100151213509259
"12092",12909,0.00108453462270034
"12093",12908,0.00117336786144895
"12094",12907,0.00126830666283983
"12095",12906,0.00136964997161984
"12096",12905,0.00147769981817537
"12097",12904,0.00160765080575135
"12098",12903,0.00175775714757101
"12099",12902,0.00190844690192629
"12100",12901,0.00206954481374043
"12101",12900,0.00224150259670861
"12102",12899,0.00242476510816603
"12103",12898,0.00261976730712886
"12104",12897,0.00282693104220107
"12105",12896,0.00304666168469038
"12106",12895,0.0032793446251235
"12107",12894,0.00352534165421138
"12108",12893,0.0037849872521068
"12109",12892,0.00405858481251795
"12110",12891,0.00434640283082157
"12111",12890,0.00464867108770678
"12112",12889,0.00496557686206397
"12113",12888,0.00529726120870948
"12114",12887,0.00564381533811667
"12115",12886,0.00601666568631902
"12116",12885,0.00639478751439252
"12117",12884,0.00672417509154038
"12118",12883,0.00706583362640154
"12119",12882,0.00741983224589169
"12120",12881,0.00778620604279547
"12121",12880,0.00816495367864391
"12122",12879,0.00836781464544526
"12123",12878,0.0085735127610135
"12124",12877,0.00878201259163469
"12125",12876,0.0089932759646538
"12126",12875,0.00920726196273251
"12127",12874,0.00911684523932998
"12128",12873,0.009027434416149
"12129",12872,0.00893902368848542
"12130",12871,0.00885160704587573
"12131",12870,0.00876517828236383
"12132",12869,0.00837426955513886
"12133",12868,0.00799530110580128
"12134",12867,0.00762832642683009
"12135",12866,0.00727336163288639
"12136",12865,0.00693038762352581
"12137",12864,0.00643086651982743
"12138",12863,0.00595319051324015
"12139",12862,0.00548825092766335
"12140",12861,0.00505724671077149
"12141",12860,0.00464867108770678
"12142",12859,0.0043749416581654
"12143",12858,0.00411131679337329
"12144",12857,0.00385792634984497
"12145",12856,0.00361485725998585
"12146",12855,0.00338215412966
"12147",12854,0.00339872382960395
"12148",12853,0.00341542330282624
"12149",12852,0.00343225107745323
"12150",12851,0.00344920566707141
"12151",12850,0.00346628557104594
"12152",12849,0.00379057357391349
"12153",12848,0.00413444357477896
"12154",12847,0.00449785201779401
"12155",12846,0.00488062363804255
"12156",12845,0.00528244789030696
"12157",12844,0.00589218190254733
"12158",12843,0.00653349033022679
"12159",12842,0.00721470822986774
"12160",12841,0.00793444355831921
"12161",12840,0.00869080917321303
"12162",12839,0.00956972027525884
"12163",12838,0.0104919128608334
"12164",12837,0.0114535142532982
"12165",12836,0.0124499102086314
"12166",12835,0.0134757910180144
"12167",12834,0.0145184078546719
"12168",12833,0.0155835849567413
"12169",12832,0.0166647728260846
"12170",12831,0.0177548942384134
"12171",12830,0.0188464554496834
"12172",12829,0.0196857893656659
"12173",12828,0.0205231800823983
"12174",12827,0.0213547676573094
"12175",12826,0.0221765972049239
"12176",12825,0.0229846691066459
"12177",12824,0.0234697596911372
"12178",12823,0.023946771978624
"12179",12822,0.0244148503797117
"12180",12821,0.024873162611388
"12181",12820,0.025320904172581
"12182",12819,0.0254786704168199
"12183",12818,0.0256346025576875
"12184",12817,0.0257886734681635
"12185",12816,0.0259408569078797
"12186",12815,0.026091127529047
"12187",12814,0.0261407884134003
"12188",12813,0.0261902331548977
"12189",12812,0.0262394608813428
"12190",12811,0.026288470731691
"12191",12810,0.0263372618560632
"12192",12809,0.0263372618560632
"12193",12808,0.0263372618560632
"12194",12807,0.0263372618560632
"12195",12806,0.0263372618560632
"12196",12805,0.0263372618560632
"12197",12804,0.0261902331548977
"12198",12803,0.0260412513851776
"12199",12802,0.0258903403967169
"12200",12801,0.025737524939471
"12201",12800,0.0255828306593504
"12202",12799,0.025320904172581
"12203",12798,0.0250539611093557
"12204",12797,0.0247821364923953
"12205",12796,0.0245055719475938
"12206",12795,0.0242244155619585
"12207",12794,0.0242244155619585
"12208",12793,0.0242244155619585
"12209",12792,0.0242244155619585
"12210",12791,0.0242244155619585
"12211",12790,0.0242244155619585
"12212",12789,0.0242244155619585
"12213",12788,0.0242244155619585
"12214",12787,0.0242244155619585
"12215",12786,0.0242244155619585
"12216",12785,0.0242244155619585
"12217",12784,0.0242810068651454
"12218",12783,0.0243374193955061
"12219",12782,0.0243936519078771
"12220",12781,0.0244497031670018
"12221",12780,0.0245055719475938
"12222",12779,0.0245055719475938
"12223",12778,0.0245055719475938
"12224",12777,0.0245055719475938
"12225",12776,0.0245055719475938
"12226",12775,0.0245055719475938
"12227",12774,0.0246912030507561
"12228",12773,0.024871682077638
"12229",12772,0.025047010850939
"12230",12771,0.0252171955068864
"12231",12770,0.0253822459633002
"12232",12769,0.0258689389792229
"12233",12768,0.0263131780215932
"12234",12767,0.0267153030296305
"12235",12766,0.0270757491964869
"12236",12765,0.0273949991727031
"12237",12764,0.0281492933920195
"12238",12763,0.0287714905821154
"12239",12762,0.0292601610824574
"12240",12761,0.0296150589439413
"12241",12760,0.0298368222327172
"12242",12759,0.0300607268748956
"12243",12758,0.0301288716356548
"12244",12757,0.0300424382967359
"12245",12756,0.029803594188427
"12246",12755,0.0294151436646385
"12247",12754,0.0289662321204679
"12248",12753,0.0283965240048187
"12249",12752,0.0277175129082291
"12250",12751,0.0269324660286052
"12251",12750,0.0260453340331598
"12252",12749,0.0251619925870697
"12253",12748,0.0242157681841934
"12254",12747,0.0232128608215043
"12255",12746,0.0221603862774266
"12256",12745,0.0210663275151745
"12257",12744,0.0199394404912912
"12258",12743,0.0187891180509825
"12259",12742,0.0176252182074328
"12260",12741,0.0164578651965288
"12261",12740,0.0152972331533256
"12262",12739,0.014153323008384
"12263",12738,0.0130357432422624
"12264",12737,0.011953504508304
"12265",12736,0.0109148369253517
"12266",12735,0.00992703717546317
"12267",12734,0.00898904060778345
"12268",12733,0.00812500895339115
"12269",12732,0.00733717688309324
"12270",12731,0.00662644643996659
"12271",12730,0.0059925277611432
"12272",12729,0.00528358703070248
"12273",12728,0.00467214195743589
"12274",12727,0.00417376996313925
"12275",12726,0.00377261469211381
"12276",12725,0.00346310701748451
"12277",12724,0.00318104988248654
"12278",12723,0.00298091616532247
"12279",12722,0.00284722884083702
"12280",12721,0.00277509525150946
"12281",12720,0.0027588820950884
"12282",12719,0.00277903280225688
"12283",12718,0.00281291444354896
"12284",12717,0.00285948997393299
"12285",12716,0.00291773990865084
"12286",12715,0.00298666824291443
"12287",12714,0.00304133631282574
"12288",12713,0.00309783475370553
"12289",12712,0.00315601914915551
"12290",12711,0.00321574748504373
"12291",12710,0.00327688006290842
"12292",12709,0.00336062209182305
"12293",12708,0.00345960207666492
"12294",12707,0.00356169891691561
"12295",12706,0.00366643318314517
"12296",12705,0.00377333373951343
"12297",12704,0.00386990789610056
"12298",12703,0.00396892972515602
"12299",12702,0.00406998916368314
"12300",12701,0.00417268358678215
"12301",12700,0.00427661760312362
"12302",12699,0.00432851557266013
"12303",12698,0.00438029901954447
"12304",12697,0.00443192868080675
"12305",12696,0.00448336563480286
"12306",12695,0.00453457130767426
"12307",12694,0.0046046332903725
"12308",12693,0.00467367629903586
"12309",12692,0.00473195705213573
"12310",12691,0.00479952487583533
"12311",12690,0.00486570706350195
"12312",12689,0.00495872299758074
"12313",12688,0.00504871977698076
"12314",12687,0.00513546416944803
"12315",12686,0.00521873164426457
"12316",12685,0.00529830722474265
"12317",12684,0.00538379849233741
"12318",12683,0.00547445998563196
"12319",12682,0.0055593140711214
"12320",12681,0.00563804540884177
"12321",12680,0.00571035836027466
"12322",12679,0.00577597883574929
"12323",12678,0.00583465602392867
"12324",12677,0.0058861639881195
"12325",12676,0.00593030311519488
"12326",12675,0.00596690140413106
"12327",12674,0.00599909380552969
"12328",12673,0.00602481103933811
"12329",12672,0.00604393111597084
"12330",12671,0.00605635362360339
"12331",12670,0.00606200050437343
"12332",12669,0.00606325698354103
"12333",12668,0.00606085589944971
"12334",12667,0.00605478297594185
"12335",12666,0.00604503093949972
"12336",12665,0.00603159960126016
"12337",12664,0.00602317482020451
"12338",12663,0.00601326505703123
"12339",12662,0.00600187107619417
"12340",12661,0.00598899491053657
"12341",12660,0.00597463986771859
"12342",12659,0.00597068427673031
"12343",12658,0.00596667525289623
"12344",12657,0.0059626129073904
"12345",12656,0.00595849735281402
"12346",12655,0.00595432870319002
"12347",12654,0.00595432870319002
"12348",12653,0.00595432870319002
"12349",12652,0.00595432870319002
"12350",12651,0.00595432870319002
"12351",12650,0.00595432870319002
"12352",12649,0.00596212144922936
"12353",12648,0.00596933522144085
"12354",12647,0.00597597009187381
"12355",12646,0.00598202636045725
"12356",12645,0.00598750455324729
"12357",12644,0.00600761389031999
"12358",12643,0.00602407806561881
"12359",12642,0.0060368845195965
"12360",12641,0.00604602781407839
"12361",12640,0.00605150959178602
"12362",12639,0.00606460376293747
"12363",12638,0.00607314467254857
"12364",12637,0.00607708894901546
"12365",12636,0.00607640390206305
"12366",12635,0.00607106774526271
"12367",12634,0.00606454596547589
"12368",12633,0.00605793237859471
"12369",12632,0.00605122789856978
"12370",12631,0.00604443344541672
"12371",12630,0.00603754994494594
"12372",12629,0.00603001441303065
"12373",12628,0.00601608501932573
"12374",12627,0.0059959398419754
"12375",12626,0.00596978099343924
"12376",12625,0.00593783216434894
"12377",12624,0.00589214475871264
"12378",12623,0.00582423178851444
"12379",12622,0.00573515851228293
"12380",12621,0.00562620881499795
"12381",12620,0.00549885586046561
"12382",12619,0.00534366314053587
"12383",12618,0.00516687220377738
"12384",12617,0.00497093720740807
"12385",12616,0.00475850735122999
"12386",12615,0.00453236755603482
"12387",12614,0.00433084666787176
"12388",12613,0.00411959229311328
"12389",12612,0.00390070021238539
"12390",12611,0.00367631073403783
"12391",12610,0.00345890403426091
"12392",12609,0.00328507807529849
"12393",12608,0.00311082793577556
"12394",12607,0.00293730648111967
"12395",12606,0.00276565262248289
"12396",12605,0.00259698415032011
"12397",12604,0.00253587643974193
"12398",12603,0.00247548379717914
"12399",12602,0.0024158576466585
"12400",12601,0.00235704925272981
"12401",12600,0.0022991097824118
"12402",12599,0.00225661015298402
"12403",12598,0.00221517780676959
"12404",12597,0.0021748554664378
"12405",12596,0.00213568733568498
"12406",12595,0.0020977191355682
"12407",12594,0.00203330385481507
"12408",12593,0.00197335754639516
"12409",12592,0.00191820004210667
"12410",12591,0.00186816741044518
"12411",12590,0.0018236103978304
"12412",12589,0.00174683853705043
"12413",12588,0.00167897654415426
"12414",12587,0.00162078326911363
"12415",12586,0.00157306371398737
"12416",12585,0.00153667187275888
"12417",12584,0.00150967971708204
"12418",12583,0.00148691628595549
"12419",12582,0.00146860400566044
"12420",12581,0.0014549762991069
"12421",12580,0.00144627839878144
"12422",12579,0.00144904648943477
"12423",12578,0.00145220565622578
"12424",12577,0.00145576006923542
"12425",12576,0.00145971390751193
"12426",12575,0.00146407135757914
"12427",12574,0.00146184191916375
"12428",12573,0.00145971390751193
"12429",12572,0.00145768679871495
"12430",12571,0.00145576006923542
"12431",12570,0.00145393319595569
"12432",12569,0.00145393319595569
"12433",12568,0.00145393319595569
"12434",12567,0.00145393319595569
"12435",12566,0.00145393319595569
"12436",12565,0.00145393319595569
"12437",12564,0.00145393319595569
"12438",12563,0.00145393319595569
"12439",12562,0.00145393319595569
"12440",12561,0.00145393319595569
"12441",12560,0.00145393319595569
"12442",12559,0.00146065599783026
"12443",12558,0.00146749108822667
"12444",12557,0.00147443718871143
"12445",12556,0.00148149303170223
"12446",12555,0.00148865735995077
"12447",12554,0.00149844063345701
"12448",12553,0.00151092437134422
"12449",12552,0.00152600129023014
"12450",12551,0.0015435682167455
"12451",12550,0.00156352578818431
"12452",12549,0.00160719591848669
"12453",12548,0.00166506119650037
"12454",12547,0.00173584408081497
"12455",12546,0.00181834891497199
"12456",12545,0.00191144874951489
"12457",12544,0.00201539636857929
"12458",12543,0.00213850291683834
"12459",12542,0.00227845287301894
"12460",12541,0.00243308270670454
"12461",12540,0.00260037242770241
"12462",12539,0.00274928165042655
"12463",12538,0.00290489181899178
"12464",12537,0.00306616404301054
"12465",12536,0.00323209329999659
"12466",12535,0.00339213599992577
"12467",12534,0.0035561970863504
"12468",12533,0.00372122414229123
"12469",12532,0.00388658007766222
"12470",12531,0.00405159083094447
"12471",12530,0.00421554901774319
"12472",12529,0.00431489692873176
"12473",12528,0.00441395004438668
"12474",12527,0.00451253191450509
"12475",12526,0.00461046013298627
"12476",12525,0.0047075467845233
"12477",12524,0.00474860468242345
"12478",12523,0.00478930663318617
"12479",12522,0.00482963739907746
"12480",12521,0.00486958177960441
"12481",12520,0.00490912462092949
"12482",12519,0.00490676903766208
"12483",12518,0.0049043895646339
"12484",12517,0.00490198627739291
"12485",12516,0.00489955925248348
"12486",12515,0.00489710856744527
"12487",12514,0.00487760431635267
"12488",12513,0.00485799823333492
"12489",12512,0.00483829217372646
"12490",12511,0.00481848799643043
"12491",12510,0.00479858756362946
"12492",12509,0.00475634167972543
"12493",12508,0.00471389096785132
"12494",12507,0.00467125272985322
"12495",12506,0.00462844406439835
"12496",12505,0.004585481857414
"12497",12504,0.00447665920907708
"12498",12503,0.00436742411844239
"12499",12502,0.00425802957983318
"12500",12501,0.00414871587532584
"12501",12500,0.00403971006807958
"12502",12499,0.00384680321600916
"12503",12498,0.00366410006248475
"12504",12497,0.00347732001227613
"12505",12496,0.00329464236385766
"12506",12495,0.00311756568251036
"12507",12494,0.0029307337483597
"12508",12493,0.00274983707710404
"12509",12492,0.00257659503058837
"12510",12491,0.00241277242570676
"12511",12490,0.00226019495267957
"12512",12489,0.00213176734141783
"12513",12488,0.00202144890569593
"12514",12487,0.00193160702057111
"12515",12486,0.00186471652248614
"12516",12485,0.00182332669683874
"12517",12484,0.00180927879520062
"12518",12483,0.00183271176563687
"12519",12482,0.00189683741660319
"12520",12481,0.00200450419513724
"12521",12480,0.00215800516877438
"12522",12479,0.00235486114506239
"12523",12478,0.00260406728946801
"12524",12477,0.00290604782287915
"12525",12476,0.00325985874463357
"12526",12475,0.00366296604821458
"12527",12474,0.0040150973567002
"12528",12473,0.00440697212723632
"12529",12472,0.00483684327319478
"12530",12471,0.00530178213408263
"12531",12470,0.00579750810065504
"12532",12469,0.0062073235458604
"12533",12468,0.00662254958840751
"12534",12467,0.00703851591895698
"12535",12466,0.00746113477885531
"12536",12465,0.00786412734038341
"12537",12464,0.00816596648901889
"12538",12463,0.00845170746023722
"12539",12462,0.00871858117415303
"12540",12461,0.00896393953936527
"12541",12460,0.00918529618370957
"12542",12459,0.0093711644187443
"12543",12458,0.00953989767682234
"12544",12457,0.00968996940060361
"12545",12456,0.00983016641478433
"12546",12455,0.00993978738089165
"12547",12454,0.0100048756085014
"12548",12453,0.0100617944417307
"12549",12452,0.0101102454437827
"12550",12451,0.010149949628532
"12551",12450,0.0101806493769381
"12552",12449,0.0101542668156903
"12553",12448,0.0101356489591623
"12554",12447,0.0101051394467847
"12555",12446,0.0100724768372741
"12556",12445,0.010037723736659
"12557",12444,0.0100303273375696
"12558",12443,0.0100219655401275
"12559",12442,0.0100126411450469
"12560",12441,0.0100023572517666
"12561",12440,0.00999111725697591
"12562",12439,0.00994098199252164
"12563",12438,0.00988753057692188
"12564",12437,0.00983089088757187
"12565",12436,0.0097711925238174
"12566",12435,0.00970856646935932
"12567",12434,0.00959813490199274
"12568",12433,0.0094759713213031
"12569",12432,0.00934285917224615
"12570",12431,0.00919961040483696
"12571",12430,0.00904705902195178
"12572",12429,0.00884630402812305
"12573",12428,0.00861103833398843
"12574",12427,0.00836195647732112
"12575",12426,0.00809135709542236
"12576",12425,0.00780182716098516
"12577",12424,0.00756665544637599
"12578",12423,0.00730770310433371
"12579",12422,0.00703652846652031
"12580",12421,0.00675510306989673
"12581",12420,0.00646551238392037
"12582",12419,0.00634566862300088
"12583",12418,0.00622322809644264
"12584",12417,0.00609841428417093
"12585",12416,0.00597146114742898
"12586",12415,0.00584261220535013
"12587",12414,0.00590278361837975
"12588",12413,0.00596315481409436
"12589",12412,0.00602371253915547
"12590",12411,0.00608444336292469
"12591",12410,0.00614533368086474
"12592",12409,0.00633112356452451
"12593",12408,0.00651581441271654
"12594",12407,0.00669891477568877
"12595",12406,0.00687993559461
"12596",12405,0.00705839254307804
"12597",12404,0.00735152634444424
"12598",12403,0.00762716605560632
"12599",12402,0.00790317383314252
"12600",12401,0.00816718520054151
"12601",12400,0.00841734041906161
"12602",12399,0.00870354261474545
"12603",12398,0.00897671487695836
"12604",12397,0.00923424492298459
"12605",12396,0.00947354827061564
"12606",12395,0.00970298473425894
"12607",12394,0.00986956295126711
"12608",12393,0.0100197884584071
"12609",12392,0.0101524070549751
"12610",12391,0.0102662468144912
"12611",12390,0.0103602325226974
"12612",12389,0.0103970871342084
"12613",12388,0.0104329579201877
"12614",12387,0.0104678127774652
"12615",12386,0.0104918176781609
"12616",12385,0.0105248104194186
"12617",12384,0.0105158855246879
"12618",12383,0.0105058306103976
"12619",12382,0.0105047679234355
"12620",12381,0.0104926651894699
"12621",12380,0.0104794477470428
"12622",12379,0.0104651202878575
"12623",12378,0.0104496878779339
"12624",12377,0.0104331559549067
"12625",12376,0.0104155303251253
"12626",12375,0.0103968171605568
"12627",12374,0.0103334299524316
"12628",12373,0.0102663323955502
"12629",12372,0.010195678138737
"12630",12371,0.0101216230537713
"12631",12370,0.01004432479211
"12632",12369,0.0100003496615878
"12633",12368,0.00995424049657309
"12634",12367,0.00990603169931537
"12635",12366,0.00985575910236373
"12636",12365,0.00980345992756122
"12637",12364,0.00982111580759993
"12638",12363,0.00983854934208413
"12639",12362,0.00985575910236373
"12640",12361,0.00987274367623979
"12641",12360,0.00988950166814422
"12642",12359,0.00996482712574218
"12643",12358,0.0100145788838351
"12644",12357,0.0100393501762309
"12645",12356,0.010039959722125
"12646",12355,0.0100174234805619
"12647",12354,0.010009733414742
"12648",12353,0.00993100578209054
"12649",12352,0.00980369434748161
"12650",12351,0.00962183192129626
"12651",12350,0.00938143698229214
"12652",12349,0.0091378937197204
"12653",12348,0.00883129242365873
"12654",12347,0.00846792291925892
"12655",12346,0.00805538818894624
"12656",12345,0.00760235122699655
"12657",12344,0.00724037293746515
"12658",12343,0.00684319960439122
"12659",12342,0.00643535302740044
"12660",12341,0.00601249026001674
"12661",12340,0.00558072236772455
"12662",12339,0.00565372233047142
"12663",12338,0.00572463769208184
"12664",12337,0.00579335516299783
"12665",12336,0.00585977244539779
"12666",12335,0.00592379837828769
"12667",12334,0.00645407725320428
"12668",12333,0.00695598585107842
"12669",12332,0.00739850486083468
"12670",12331,0.00778063489041202
"12671",12330,0.00809532341090723
"12672",12329,0.00858415542172348
"12673",12328,0.00901291269719146
"12674",12327,0.00934219040065934
"12675",12326,0.00957132368619049
"12676",12325,0.00966682722374436
"12677",12324,0.00972867602433047
"12678",12323,0.0097185249758823
"12679",12322,0.00963090218031147
"12680",12321,0.00946241167648749
"12681",12320,0.00920390613374923
"12682",12319,0.00911492580883986
"12683",12318,0.00902324069938129
"12684",12317,0.00892896380588847
"12685",12316,0.00883221041989207
"12686",12315,0.00873309791246037
"12687",12314,0.00889939303511147
"12688",12313,0.00905005800025537
"12689",12312,0.00918457074573411
"12690",12311,0.00931283109279682
"12691",12310,0.00941514789706819
"12692",12309,0.00959490927657816
"12693",12308,0.0097367107359137
"12694",12307,0.00983923584208404
"12695",12306,0.00990171545844081
"12696",12305,0.0099239296879942
"12697",12304,0.00994581432340806
"12698",12303,0.00992538829698004
"12699",12302,0.00985084959926234
"12700",12301,0.00971345860700934
"12701",12300,0.00953437383194101
"12702",12299,0.00939909370756178
"12703",12298,0.0092250315415518
"12704",12297,0.00901295613906211
"12705",12296,0.00876428155585134
"12706",12295,0.00848107204035161
"12707",12294,0.00813918176135534
"12708",12293,0.00778276056189653
"12709",12292,0.00740568132943043
"12710",12291,0.00703153155325328
"12711",12290,0.00665326930060447
"12712",12289,0.00649524009703316
"12713",12288,0.00633730689748277
"12714",12287,0.00617969645835404
"12715",12286,0.00602262967804275
"12716",12285,0.00586632118068886
"12717",12284,0.00592874012247177
"12718",12283,0.00599130056282618
"12719",12282,0.00605398914589819
"12720",12281,0.0061167923433951
"12721",12280,0.00617969645835404
"12722",12279,0.00655845314312733
"12723",12278,0.00693721955898598
"12724",12277,0.00731271579830951
"12725",12276,0.00769179877929635
"12726",12275,0.00805130087818205
"12727",12274,0.00850879677248709
"12728",12273,0.00893373274628222
"12729",12272,0.00931809833245991
"12730",12271,0.00965440632803408
"12731",12270,0.00993592230537538
"12732",12269,0.0100814363209627
"12733",12268,0.0102020848266338
"12734",12267,0.0102968734083416
"12735",12266,0.0103756631605638
"12736",12265,0.0104178586376819
"12737",12264,0.0104116069248606
"12738",12263,0.0104042589731508
"12739",12262,0.0103958171489405
"12740",12261,0.0103862841813098
"12741",12260,0.0103756631605638
"12742",12259,0.0103911868733563
"12743",12258,0.0104042589731508
"12744",12257,0.0104148699448277
"12745",12256,0.0104230121091936
"12746",12255,0.0104286796322902
"12747",12254,0.0104198233140933
"12748",12253,0.0103602325226974
"12749",12252,0.0102310908123975
"12750",12251,0.01004432479211
"12751",12250,0.00980345992756122
"12752",12249,0.00962541722511985
"12753",12248,0.00944086339065077
"12754",12247,0.0092406600576703
"12755",12246,0.00902609907063436
"12756",12245,0.00879854137771466
"12757",12244,0.00895162163522751
"12758",12243,0.00909913196578932
"12759",12242,0.0092406600576703
"12760",12241,0.00937580554702752
"12761",12240,0.00950418172805717
"12762",12239,0.00970209807471112
"12763",12238,0.00988950166814422
"12764",12237,0.01004432479211
"12765",12236,0.0101750846175567
"12766",12235,0.010280685714324
"12767",12234,0.0103667259952852
"12768",12233,0.0104106244234088
"12769",12232,0.0104322613598492
"12770",12231,0.0104205727645044
"12771",12230,0.0103756631605638
"12772",12229,0.010288582414746
"12773",12228,0.0101799949677026
"12774",12227,0.0100403426108952
"12775",12226,0.00987101391220795
"12776",12225,0.00967367143938437
"12777",12224,0.00947156330819248
"12778",12223,0.00924947361954818
"12779",12222,0.00900912591823771
"12780",12221,0.0087523524276728
"12781",12220,0.00848107204035161
"12782",12219,0.00808069202556546
"12783",12218,0.00766133497772397
"12784",12217,0.00721933306197
"12785",12216,0.00677960593999267
"12786",12215,0.00633730689748277
"12787",12214,0.00633730689748277
"12788",12213,0.00633730689748277
"12789",12212,0.00633730689748277
"12790",12211,0.00633730689748277
"12791",12210,0.00633730689748277
"12792",12209,0.0066216668494317
"12793",12208,0.00690573436459658
"12794",12207,0.00718812211349041
"12795",12206,0.00746739975154334
"12796",12205,0.00775251361319415
"12797",12204,0.00790296419781658
"12798",12203,0.00805130087818205
"12799",12202,0.00819726779267789
"12800",12201,0.00834060957411815
"12801",12200,0.00848107204035161
"12802",12199,0.00888267423477077
"12803",12198,0.00924947361954818
"12804",12197,0.00957521795956382
"12805",12196,0.00985420426617221
"12806",12195,0.0100814363209627
"12807",12194,0.0102621164374002
"12808",12193,0.0103862841813098
"12809",12192,0.010431868532493
"12810",12191,0.0104070102762593
"12811",12190,0.0103237637349682
"12812",12189,0.0103237637349682
"12813",12188,0.0103237637349682
"12814",12187,0.0103237637349682
"12815",12186,0.0103237637349682
"12816",12185,0.0103237637349682
"12817",12184,0.0103774547618099
"12818",12183,0.0104271807491364
"12819",12182,0.0104628299134023
"12820",12181,0.0105046840490109
"12821",12180,0.0105421593278172
"12822",12179,0.0105248104194186
"12823",12178,0.0105103999115596
"12824",12177,0.0104794477470428
"12825",12176,0.0104415590012678
"12826",12175,0.0103968171605568
"12827",12174,0.0102770261251584
"12828",12173,0.0101376659990102
"12829",12172,0.0099799767928377
"12830",12171,0.00980528702489387
"12831",12170,0.0096057224518137
"12832",12169,0.00939768189608768
"12833",12168,0.00917066911453457
"12834",12167,0.00892648376575691
"12835",12166,0.00866702425334937
"12836",12165,0.00839426547927887
"12837",12164,0.00831014678017599
"12838",12163,0.00822506899472304
"12839",12162,0.00813908778903902
"12840",12161,0.00805225897466634
"12841",12160,0.00796463845501602
"12842",12159,0.00811023627037424
"12843",12158,0.00825353138901967
"12844",12157,0.00839426547927887
"12845",12156,0.00853218147108029
"12846",12155,0.00866702425334937
"12847",12154,0.00879854137771466
"12848",12153,0.00892648376575691
"12849",12152,0.00905060641696772
"12850",12151,0.00917066911453457
"12851",12150,0.00928643712603308
"12852",12149,0.0092406600576703
"12853",12148,0.00919417369879693
"12854",12147,0.00914699272305828
"12855",12146,0.00909913196578932
"12856",12145,0.00905060641696772
"12857",12144,0.00895162163522751
"12858",12143,0.00885016112026926
"12859",12142,0.00874634963167267
"12860",12141,0.00864031371522009
"12861",12140,0.00853218147108029
"12862",12139,0.00847736962533894
"12863",12138,0.00842208232172354
"12864",12137,0.00836633590662977
"12865",12136,0.00831014678017599
"12866",12135,0.00825353138901967
"12867",12134,0.00831014678017599
"12868",12133,0.00836633590662977
"12869",12132,0.00842208232172354
"12870",12131,0.00847736962533894
"12871",12130,0.00853218147108029
"12872",12129,0.00853218147108029
"12873",12128,0.00853218147108029
"12874",12127,0.00853218147108029
"12875",12126,0.00853218147108029
"12876",12125,0.00853218147108029
"12877",12124,0.00866702425334937
"12878",12123,0.00879854137771466
"12879",12122,0.00892648376575691
"12880",12121,0.00905060641696772
"12881",12120,0.00917066911453457
"12882",12119,0.00941936842353249
"12883",12118,0.00964490375934597
"12884",12117,0.00985575910236373
"12885",12116,0.010029905593746
"12886",12115,0.0101750846175567
"12887",12114,0.0102517043339774
"12888",12113,0.0103156741073744
"12889",12112,0.0103667259952852
"12890",12111,0.0104046438132101
"12891",12110,0.0104198233140933
"12892",12109,0.0103951608772466
"12893",12108,0.0103391490778337
"12894",12107,0.0102616241593765
"12895",12106,0.0101631242271697
"12896",12105,0.01004432479211
"12897",12104,0.00968324575485277
"12898",12103,0.0092406600576703
"12899",12102,0.00872004421353744
"12900",12101,0.00813908778903902
"12901",12100,0.00751661669683998
"12902",12099,0.00706808925945315
"12903",12098,0.0066056779008003
"12904",12097,0.00614533368086474
"12905",12096,0.00569314305934041
"12906",12095,0.00525466896945579
"12907",12094,0.00511243526325286
"12908",12093,0.00497245046273816
"12909",12092,0.00483487434154116
"12910",12091,0.00469985831523841
"12911",12090,0.00456754535840412
"12912",12089,0.0047805525232789
"12913",12088,0.00500025972152893
"12914",12087,0.00522605026295413
"12915",12086,0.00545725287065
"12916",12085,0.00569314305934041
"12917",12084,0.00584261220535013
"12918",12083,0.00599341119575523
"12919",12082,0.00614533368086474
"12920",12081,0.00629816645563006
"12921",12080,0.00645168980812457
"12922",12079,0.0063595054412858
"12923",12078,0.00626753753295632
"12924",12077,0.00617583435204755
"12925",12076,0.00608444336292469
"12926",12075,0.00599341119575523
"12927",12074,0.00599341119575523
"12928",12073,0.00599341119575523
"12929",12072,0.00599341119575523
"12930",12071,0.00599341119575523
"12931",12070,0.00599341119575523
"12932",12069,0.00611486944210403
"12933",12068,0.00623693803106406
"12934",12067,0.0063595054412858
"12935",12066,0.00648245757750844
"12936",12065,0.0066056779008003
"12937",12064,0.00651324211984439
"12938",12063,0.00642094064664034
"12939",12062,0.00632882302102855
"12940",12061,0.00623693803106406
"12941",12060,0.00614533368086474
"12942",12059,0.00590278361837975
"12943",12058,0.00566342646871589
"12944",12057,0.00542808083308419
"12945",12056,0.00519751618828185
"12946",12055,0.00497245046273816
"12947",12054,0.00494473757787942
"12948",12053,0.00491712230520897
"12949",12052,0.00488960586957063
"12950",12051,0.00486218948236905
"12951",12050,0.00483487434154116
"12952",12049,0.0047535481741755
"12953",12048,0.00467317505237508
"12954",12047,0.00459378512652747
"12955",12046,0.00451540744509258
"12956",12045,0.00443806995296484
"12957",12044,0.00416382043976861
"12958",12043,0.00390509802643235
"12959",12042,0.00366290340908041
"12960",12041,0.00343804672340148
"12961",12040,0.00323115567817695
"12962",12039,0.00312604790029135
"12963",12038,0.00302647710434991
"12964",12037,0.00293248324592772
"12965",12036,0.00284409341268749
"12966",12035,0.00276132252060717
"12967",12034,0.00278828804982752
"12968",12033,0.0028158783889034
"12969",12032,0.00284409341268749
"12970",12031,0.00287293285756849
"12971",12030,0.00290239631847998
"12972",12029,0.00297878107142782
"12973",12028,0.00305904941172
"12974",12027,0.00314318262421845
"12975",12026,0.00323115567817695
"12976",12025,0.00332293696030061
"12977",12024,0.00330427779083936
"12978",12023,0.00328576976491482
"12979",12022,0.00326741320109172
"12980",12021,0.00324920840675304
"12981",12020,0.00323115567817695
"12982",12019,0.00326741320109172
"12983",12018,0.00330427779083936
"12984",12017,0.00334174694347364
"12985",12016,0.00337981797489887
"12986",12015,0.00341848801843731
"12987",12014,0.00349761274803684
"12988",12013,0.00357909445846284
"12989",12012,0.00366290340908041
"12990",12011,0.00374900672584986
"12991",12010,0.0038373683394577
"12992",12009,0.0037929076262861
"12993",12008,0.00374900672584986
"12994",12007,0.00370567045044759
"12995",12006,0.00366290340908041
"12996",12005,0.00362071000918713
"12997",12004,0.00334174694347364
"12998",12003,0.00309224016939088
"12999",12002,0.00287293285756849
"13000",12001,0.00268417402989023
"13001",12000,0.00252596636215667
"13002",11999,0.00241446067965497
"13003",11998,0.00232485937728508
"13004",11997,0.00226756431256609
"13005",11996,0.00222128170152004
"13006",11995,0.00219541911248613
"13007",11994,0.00219052080430181
"13008",11993,0.00218901099318573
"13009",11992,0.00219084169216935
"13010",11991,0.00219596447240158
"13011",11990,0.00220433064277175
"13012",11989,0.00220433064277175
"13013",11988,0.00220433064277175
"13014",11987,0.00220433064277175
"13015",11986,0.00220433064277175
"13016",11985,0.00220433064277175
"13017",11984,0.00219352342292679
"13018",11983,0.00218911143670679
"13019",11982,0.00219122786048133
"13020",11981,0.00220000430757004
"13021",11980,0.00221556980078216
"13022",11979,0.00221042236865931
"13023",11978,0.00220583651643892
"13024",11977,0.00220180932519247
"13025",11976,0.00219833784805918
"13026",11975,0.00219541911248613
"13027",11974,0.00218904417147783
"13028",11973,0.00219352342292679
"13029",11972,0.00220857433176457
"13030",11971,0.00223391263722099
"13031",11970,0.00226925530724267
"13032",11969,0.0023088438701738
"13033",11968,0.00235592415324312
"13034",11967,0.00241030864152364
"13035",11966,0.00247181536691965
"13036",11965,0.00254026855338825
"13037",11964,0.00254985828332235
"13038",11963,0.00255956783154163
"13039",11962,0.00256939722847787
"13040",11961,0.00257934648437879
"13041",11960,0.00258941558893282
"13042",11959,0.00253833678663203
"13043",11958,0.00249116645086975
"13044",11957,0.00244797632608379
"13045",11956,0.00240883984209051
"13046",11955,0.00237383197075733
"13047",11954,0.00238503784009857
"13048",11953,0.00239670807331427
"13049",11952,0.00240883984209051
"13050",11951,0.00242143033429739
"13051",11950,0.00243447675477587
"13052",11949,0.00251425861739698
"13053",11948,0.00260729826180405
"13054",11947,0.0027131639148504
"13055",11946,0.00283144533279115
"13056",11945,0.00296175478832413
"13057",11944,0.00321410874857761
"13058",11943,0.00349954055008491
"13059",11942,0.00381649456892977
"13060",11941,0.0041635554246178
"13061",11940,0.00453940671803203
"13062",11939,0.00496475501171297
"13063",11938,0.00541913973777631
"13064",11937,0.00590104782460147
"13065",11936,0.00640886664352894
"13066",11935,0.00693403972155709
"13067",11934,0.007382283715254
"13068",11933,0.00785294116803673
"13069",11932,0.00832599792154559
"13070",11931,0.00880885125179828
"13071",11930,0.00930014586144966
"13072",11929,0.00954707128946753
"13073",11928,0.00979583624428201
"13074",11927,0.0100462617769583
"13075",11926,0.0102981638914018
"13076",11925,0.0105513538708258
"13077",11924,0.0105830835995888
"13078",11923,0.0106148300575967
"13079",11922,0.0106465928621598
"13080",11921,0.0106783716296293
"13081",11920,0.0107101659754115
"13082",11919,0.0106148300575967
"13083",11918,0.0105196412530296
"13084",11917,0.010424609867882
"13085",11916,0.0103297461280023
"13086",11915,0.0102350601762028
"13087",11914,0.0101091061696916
"13088",11913,0.00998350969364784
"13089",11912,0.00985829405181258
"13090",11911,0.00973348224752428
"13091",11910,0.00960909697351501
"13092",11909,0.0094851606020017
"13093",11908,0.00936169517508556
"13094",11907,0.00923872239546276
"13095",11906,0.0091162636174487
"13096",11905,0.00899433983832792
"13097",11904,0.00884271885263143
"13098",11903,0.00869200548700116
"13099",11902,0.00854223828101019
"13100",11901,0.00839345481758278
"13101",11900,0.00824569170233634
"13102",11899,0.00806539689583975
"13103",11898,0.00788639338199504
"13104",11897,0.00769882760043799
"13105",11896,0.00752341069938093
"13106",11895,0.00734946428168983
"13107",11894,0.00732617638327136
"13108",11893,0.00730301678696015
"13109",11892,0.00727998537670518
"13110",11891,0.00725708202302552
"13111",11890,0.00723430658323961
"13112",11889,0.00748094260303399
"13113",11888,0.007742105086708
"13114",11887,0.00799827760915759
"13115",11886,0.00825858745675485
"13116",11885,0.00852286621943324
"13117",11884,0.00886226979912708
"13118",11883,0.00920482224010293
"13119",11882,0.00954995402969361
"13120",11881,0.0098970826580182
"13121",11880,0.0102456156381566
"13122",11879,0.0104636313095532
"13123",11878,0.010683072207524
"13124",11877,0.0109038180987295
"13125",11876,0.0111257447729748
"13126",11875,0.0113487241821304
"13127",11874,0.0114774571419728
"13128",11873,0.0116059535262037
"13129",11872,0.0117341812083514
"13130",11871,0.0118621082987701
"13131",11870,0.0119897031690516
"13132",11869,0.0120214279089551
"13133",11868,0.0120530594800596
"13134",11867,0.012084596516106
"13135",11866,0.0121160376705931
"13136",11865,0.0121473816169431
"13137",11864,0.0120837911420117
"13138",11863,0.0120203610229439
"13139",11862,0.0119570953301467
"13140",11861,0.0118939980570151
"13141",11860,0.0118310731197527
"13142",11859,0.0117683243572351
"13143",11858,0.0117057555309116
"13144",11857,0.0116433703247453
"13145",11856,0.0115811723451931
"13146",11855,0.0115191651212193
"13147",11854,0.0114255918555661
"13148",11853,0.0113320651309264
"13149",11852,0.011238595091288
"13150",11851,0.0111451918327764
"13151",11850,0.0110518654008921
"13152",11849,0.0109909414724757
"13153",11848,0.0109302359655377
"13154",11847,0.01086975181053
"13155",11846,0.010809491860688
"13156",11845,0.01074945889237
"13157",11844,0.0107510618322691
"13158",11843,0.0107526653744898
"13159",11842,0.0107542693275547
"13160",11841,0.0107558735013646
"13161",11840,0.0107574777072234
"13162",11839,0.0108811390351378
"13163",11838,0.011004605773561
"13164",11837,0.0111278489638631
"13165",11836,0.0112508398848416
"13166",11835,0.0113735500727433
"13167",11834,0.0115866498451765
"13168",11833,0.0118005379149507
"13169",11832,0.0120150948194298
"13170",11831,0.0122301981541242
"13171",11830,0.0124457227214546
"13172",11829,0.012846891609012
"13173",11828,0.013248401115472
"13174",11827,0.0136493797876227
"13175",11826,0.0140489333495201
"13176",11825,0.0144461495917924
"13177",11824,0.0149034700170304
"13178",11823,0.0153557766520535
"13179",11822,0.0158015435667912
"13180",11821,0.0162392446138641
"13181",11820,0.0166673683519307
"13182",11819,0.0171229458019159
"13183",11818,0.0175605730348252
"13184",11817,0.0179787918238239
"13185",11816,0.0183762915299594
"13186",11815,0.0187519221259952
"13187",11814,0.0190455903204712
"13188",11813,0.0193233312052547
"13189",11812,0.0195847506132774
"13190",11811,0.0198295416958312
"13191",11810,0.020057485852174
"13192",11809,0.0202159406607757
"13193",11808,0.0203619843508613
"13194",11807,0.0204958595724284
"13195",11806,0.0206286250270294
"13196",11805,0.0207408553510325
"13197",11804,0.0207829723505123
"13198",11803,0.0208232133610739
"13199",11802,0.0208616081417186
"13200",11801,0.0208981869249732
"13201",11800,0.0209329803612157
"13202",11799,0.0209245175358825
"13203",11798,0.0209159798625822
"13204",11797,0.0209073671872239
"13205",11796,0.0208986793570571
"13206",11795,0.0208899162206816
"13207",11794,0.0208449657425318
"13208",11793,0.0207981106939655
"13209",11792,0.0207493337314168
"13210",11791,0.0206986184319265
"13211",11790,0.0206459493236868
"13212",11789,0.020548795892893
"13213",11788,0.0204463297001326
"13214",11787,0.0203385416930003
"13215",11786,0.020216074046605
"13216",11785,0.0200983431881227
"13217",11784,0.0199752697112723
"13218",11783,0.0198468854771359
"13219",11782,0.0197132315118086
"13220",11781,0.0195743579617969
"13221",11780,0.0194303240171308
"13222",11779,0.0193165438188289
"13223",11778,0.0191999333197896
"13224",11777,0.0190805346795443
"13225",11776,0.0189583928449276
"13226",11775,0.0188335554767379
"13227",11774,0.0187849590279439
"13228",11773,0.0187360679925978
"13229",11772,0.0186868873257855
"13230",11771,0.0186374220174535
"13231",11770,0.0185876770904125
"13232",11769,0.0186374220174535
"13233",11768,0.0186868873257855
"13234",11767,0.0187360679925978
"13235",11766,0.0187849590279439
"13236",11765,0.0188335554767379
"13237",11764,0.018977334324334
"13238",11763,0.0191174255603733
"13239",11762,0.0192537614311855
"13240",11761,0.019386279153485
"13241",11760,0.0195149210382575
"13242",11759,0.0196717874056515
"13243",11758,0.0198220892966284
"13244",11757,0.0199657599256041
"13245",11756,0.0201027467232957
"13246",11755,0.0202330113756404
"13247",11754,0.0203795116322247
"13248",11753,0.0205081036456296
"13249",11752,0.0206285097719722
"13250",11751,0.0207407752116054
"13251",11750,0.0208449657425318
"13252",11749,0.0209413684940021
"13253",11748,0.0210287539955561
"13254",11747,0.0211073408828714
"13255",11746,0.0211773651817026
"13256",11745,0.0212390784948974
"13257",11744,0.0212764368370409
"13258",11743,0.0213089291678417
"13259",11742,0.0213367294479678
"13260",11741,0.0213600118978247
"13261",11740,0.021378950306104
"13262",11739,0.0213957190609711
"13263",11738,0.0214097948645309
"13264",11737,0.0214212546754917
"13265",11736,0.0214301757693093
"13266",11735,0.0214366355571141
"13267",11734,0.0214386697554981
"13268",11733,0.0214402721716896
"13269",11732,0.0214414488769753
"13270",11731,0.0214422059305152
"13271",11730,0.0214425493769543
"13272",11729,0.0214477311451176
"13273",11728,0.021452768551629
"13274",11727,0.0214576622302059
"13275",11726,0.0214624128333037
"13276",11725,0.021467021031918
"13277",11724,0.021467021031918
"13278",11723,0.021467021031918
"13279",11722,0.021467021031918
"13280",11721,0.021467021031918
"13281",11720,0.021467021031918
"13282",11719,0.0214624128333037
"13283",11718,0.0214576622302059
"13284",11717,0.021452768551629
"13285",11716,0.0214477311451176
"13286",11715,0.0214425493769543
"13287",11714,0.0214373172277404
"13288",11713,0.02143203665124
"13289",11712,0.0214368025432881
"13290",11711,0.0214315619456571
"13291",11710,0.0214262752794675
"13292",11709,0.0214212382185369
"13293",11708,0.0214161661678768
"13294",11707,0.0214110596484074
"13295",11706,0.0214059191740062
"13296",11705,0.0214007452516603
"13297",11704,0.0214012406479133
"13298",11703,0.021401059035632
"13299",11702,0.0214002145835785
"13300",11701,0.0213987214092102
"13301",11700,0.0213965935708264
"13302",11699,0.0213996691618046
"13303",11698,0.0213993544670879
"13304",11697,0.0213957903884094
"13305",11696,0.02138912048372
"13306",11695,0.0213794903268331
"13307",11694,0.0213593821225698
"13308",11693,0.0213348272378196
"13309",11692,0.0213061669375171
"13310",11691,0.0212737366675946
"13311",11690,0.0212378640312558
"13312",11689,0.0211874887581127
"13313",11688,0.0211343552086558
"13314",11687,0.0210787985709626
"13315",11686,0.0210211299836131
"13316",11685,0.0209616371086687
"13317",11684,0.020927138374739
"13318",11683,0.0208924853235444
"13319",11682,0.0208577046358448
"13320",11681,0.0208333564680135
"13321",11680,0.0207998333231414
"13322",11679,0.0208137244767856
"13323",11678,0.0208275729913977
"13324",11677,0.0208413756649681
"13325",11676,0.0208551292614558
"13326",11675,0.0208589975604232
"13327",11674,0.0209294553551414
"13328",11673,0.0209981830183268
"13329",11672,0.0210648218263604
"13330",11671,0.0211289794368496
"13331",11670,0.0211902268354541
"13332",11669,0.0212600698499827
"13333",11668,0.0213225277692029
"13334",11667,0.0213763427568266
"13335",11666,0.0214201589499981
"13336",11665,0.0214525314960463
"13337",11664,0.0214630067968531
"13338",11663,0.0214661919641529
"13339",11662,0.0214525235885177
"13340",11661,0.0214406582952082
"13341",11660,0.0214197747959465
"13342",11659,0.0214257333914868
"13343",11658,0.0214316407647455
"13344",11657,0.0214374968467808
"13345",11656,0.0214433015708469
"13346",11655,0.0214490548723788
"13347",11654,0.0214618999247577
"13348",11653,0.0214676473066448
"13349",11652,0.0214666955009502
"13350",11651,0.0214705533545893
"13351",11650,0.021458959390342
"13352",11649,0.0214403917637876
"13353",11648,0.0214160598717639
"13354",11647,0.021386445330417
"13355",11646,0.0213520126089762
"13356",11645,0.0213132071211087
"13357",11644,0.0212897280150187
"13358",11643,0.0212645052012934
"13359",11642,0.0212376512545593
"13360",11641,0.0212092757888296
"13361",11640,0.0211794852272286
"13362",11639,0.0211737836787083
"13363",11638,0.0211680737693431
"13364",11637,0.021162355681766
"13365",11636,0.0211566295983069
"13366",11635,0.0211508957011145
"13367",11634,0.0211571218688485
"13368",11633,0.0211631893385414
"13369",11632,0.021169094669996
"13370",11631,0.0211748344149491
"13371",11630,0.021180405118751
"13372",11629,0.021180405118751
"13373",11628,0.021180405118751
"13374",11627,0.021180405118751
"13375",11626,0.021180405118751
"13376",11625,0.021180405118751
"13377",11624,0.0211652282777994
"13378",11623,0.0211497786683496
"13379",11622,0.0211340662628966
"13380",11621,0.0211181008352069
"13381",11620,0.0211018919606888
"13382",11619,0.0210672177009936
"13383",11618,0.0210319084162375
"13384",11617,0.0209960208206619
"13385",11616,0.0209596090576771
"13386",11615,0.0209227248741085
"13387",11614,0.0208777167592323
"13388",11613,0.0208232069550286
"13389",11612,0.0207682649512687
"13390",11611,0.0207130886310221
"13391",11610,0.0206578734206717
"13392",11609,0.0206027924554625
"13393",11608,0.0205473905047248
"13394",11607,0.0204918718499018
"13395",11606,0.0204364344784905
"13396",11605,0.0203812715068065
"13397",11604,0.0203318271544298
"13398",11603,0.0202831776952529
"13399",11602,0.0202354722777767
"13400",11601,0.0201888634435433
"13401",11600,0.0201435077557252
"13402",11599,0.0201168862493052
"13403",11598,0.0200911123167263
"13404",11597,0.0200662388227348
"13405",11596,0.0200423194506862
"13406",11595,0.0200194085829792
"13407",11594,0.0200138662392593
"13408",11593,0.0200083284460325
"13409",11592,0.0200027956174754
"13410",11591,0.0199972681615436
"13411",11590,0.019991746480094
"13412",11589,0.0200022976685124
"13413",11588,0.0200129971636457
"13414",11587,0.0200238412957562
"13415",11586,0.0200348264258001
"13416",11585,0.020045948945447
"13417",11584,0.0200685918735068
"13418",11583,0.0200917418246657
"13419",11582,0.020115371026701
"13420",11581,0.0201394521811752
"13421",11580,0.0201639584507977
"13422",11579,0.0201864083079295
"13423",11578,0.020209623147659
"13424",11577,0.0202335575700457
"13425",11576,0.0202581669282042
"13426",11575,0.020283407477596
"13427",11574,0.0202932530412123
"13428",11573,0.0203030896524972
"13429",11572,0.0203129157918261
"13430",11571,0.0203227299096293
"13431",11570,0.0203325304259253
"13432",11569,0.0203272643954861
"13433",11568,0.0203219894768477
"13434",11567,0.0203167062114097
"13435",11566,0.0203114151314224
"13436",11565,0.0203061167599817
"13437",11564,0.0203015609748869
"13438",11563,0.0202970120475193
"13439",11562,0.0202924700843285
"13440",11561,0.0202879351920272
"13441",11560,0.020283407477596
"13442",11559,0.0202962510588969
"13443",11558,0.0203092365101369
"13444",11557,0.0203223586741552
"13445",11556,0.0203356124724582
"13446",11555,0.0203489929080105
"13447",11554,0.0203682907323973
"13448",11553,0.0203875940467101
"13449",11552,0.0204068952842114
"13450",11551,0.0204261867106144
"13451",11550,0.0204454604143633
"13452",11549,0.020459992351924
"13453",11548,0.0204744909540539
"13454",11547,0.0204889519780342
"13455",11546,0.0205033710843604
"13456",11545,0.0205177438353122
"13457",11544,0.0205078120107299
"13458",11543,0.0204978055158184
"13459",11542,0.0204877296940999
"13460",11541,0.0204775897411705
"13461",11540,0.0204673907019054
"13462",11539,0.0204626071055829
"13463",11538,0.0204578267330865
"13464",11537,0.0204530496816935
"13465",11536,0.0204482760487502
"13466",11535,0.0204435059316786
"13467",11534,0.0204629475608458
"13468",11533,0.0204823616940685
"13469",11532,0.0205017401773839
"13470",11531,0.0205210746456835
"13471",11530,0.0205403565150775
"13472",11529,0.0205881014363685
"13473",11528,0.0206359094833919
"13474",11527,0.020683678244074
"13475",11526,0.0207313034562521
"13476",11525,0.0207786783545092
"13477",11524,0.0208303703477381
"13478",11523,0.0208727444049121
"13479",11522,0.020924308578923
"13480",11521,0.0209748060158575
"13481",11520,0.0210240818503512
"13482",11519,0.0210460317232781
"13483",11518,0.0210676788057892
"13484",11517,0.0210890062925841
"13485",11516,0.021109996885394
"13486",11515,0.0211306327878169
"13487",11514,0.0211115454118609
"13488",11513,0.021091924594471
"13489",11512,0.0210717972650671
"13490",11511,0.021051189750053
"13491",11510,0.0210301277497822
"13492",11509,0.0209708977281831
"13493",11508,0.0209100691288016
"13494",11507,0.0208478887730987
"13495",11506,0.0207948833535158
"13496",11505,0.0207326014624007
"13497",11504,0.0206649989706173
"13498",11503,0.0205975146967768
"13499",11502,0.0205304208035728
"13500",11501,0.0204639923368018
"13501",11500,0.0203985107524184
"13502",11499,0.0203566528086765
"13503",11498,0.020315248478837
"13504",11497,0.0202743740116378
"13505",11496,0.0202341072382327
"13506",11495,0.0201945278767441
"13507",11494,0.0201825910446391
"13508",11493,0.0201708344926601
"13509",11492,0.0201592639666893
"13510",11491,0.0201478852614871
"13511",11490,0.0201367042154417
"13512",11489,0.0201380318050855
"13513",11488,0.0201393759338696
"13514",11487,0.0201407366236832
"13515",11486,0.0201421138927799
"13516",11485,0.0201435077557252
"13517",11484,0.0201461957957073
"13518",11483,0.020148940883207
"13519",11482,0.0201517422860493
"13520",11481,0.0201545992666884
"13521",11480,0.0201575110826515
"13522",11479,0.0201520715960636
"13523",11478,0.0201466316520705
"13524",11477,0.0201411916810916
"13525",11476,0.0201357521056816
"13526",11475,0.0201303133406198
"13527",11474,0.0201219338896765
"13528",11473,0.0201136003894008
"13529",11472,0.0201053138086805
"13530",11471,0.02009707512331
"13531",11470,0.020088885316072
"13532",11469,0.02006863115328
"13533",11468,0.020048704347878
"13534",11467,0.0200291208478498
"13535",11466,0.0200098968912251
"13536",11465,0.0199910490098491
"13537",11464,0.0199817124549084
"13538",11463,0.0199726348063819
"13539",11462,0.0199638224115975
"13540",11461,0.019955281601361
"13541",11460,0.0199470186821485
"13542",11459,0.019943628346865
"13543",11458,0.0199402562086197
"13544",11457,0.0199369024102252
"13545",11456,0.0199335670949082
"13546",11455,0.0199302504063074
"13547",11454,0.0199394904040296
"13548",11453,0.019949373057934
"13549",11452,0.0199598781657698
"13550",11451,0.0199709851650628
"13551",11450,0.0199826732084283
"13552",11449,0.0200057693133106
"13553",11448,0.0200293925735995
"13554",11447,0.0200535146949948
"13555",11446,0.020078108048288
"13556",11445,0.0201031456563633
"13557",11444,0.0201212478402808
"13558",11443,0.0201394442687742
"13559",11442,0.0201577278411463
"13560",11441,0.0201760914317091
"13561",11440,0.0201945278767441
"13562",11439,0.0202076396110303
"13563",11438,0.0202208337420882
"13564",11437,0.0202341072382327
"13565",11436,0.0202474570956282
"13566",11435,0.0202608803372222
"13567",11434,0.0202842141692408
"13568",11433,0.0203076217346986
"13569",11432,0.0203310892066399
"13570",11431,0.0203546025585483
"13571",11430,0.0203781475357675
"13572",11429,0.0204150262174137
"13573",11428,0.0204521885164703
"13574",11427,0.0204895808063202
"13575",11426,0.0205271496986859
"13576",11425,0.0205648418478689
"13577",11424,0.0206025743348053
"13578",11423,0.0206405137186701
"13579",11422,0.0206786052477975
"13580",11421,0.0207167948637062
"13581",11420,0.0207550289828201
"13582",11419,0.0207739552336878
"13583",11418,0.0207928256746847
"13584",11417,0.0208116331361939
"13585",11416,0.0208303703477381
"13586",11415,0.0208394419949895
"13587",11414,0.0208204978894065
"13588",11413,0.0207919422977409
"13589",11412,0.0207633863659694
"13590",11411,0.0207348533860957
"13591",11410,0.020706366794947
"13592",11409,0.020630981801629
"13593",11408,0.0205551118954867
"13594",11407,0.020479205031081
"13595",11406,0.0204036923028527
"13596",11405,0.0203289948433652
"13597",11404,0.0202218102270381
"13598",11403,0.0201203488436004
"13599",11402,0.0200263114631752
"13600",11401,0.0199415475351553
"13601",11400,0.0198680530141115
"13602",11399,0.0198003848691364
"13603",11398,0.0197501605360888
"13604",11397,0.0197202161790043
"13605",11396,0.0197133988823723
"13606",11395,0.0197324519705989
"13607",11394,0.019770643617125
"13608",11393,0.0198304530636102
"13609",11392,0.0199128987977599
"13610",11391,0.0200186429463618
"13611",11390,0.0201479145789566
"13612",11389,0.0202198660377615
"13613",11388,0.0202963662968849
"13614",11387,0.0203772243248442
"13615",11386,0.020462216947869
"13616",11385,0.0205510886718671
"13617",11384,0.0204953170270636
"13618",11383,0.020440810051635
"13619",11382,0.0203876451589549
"13620",11381,0.0203358950717951
"13621",11380,0.0202856277592387
"13622",11379,0.0201805579955712
"13623",11378,0.0200862432434882
"13624",11377,0.0200028380510323
"13625",11376,0.0199303791467581
"13626",11375,0.0198687957532755
"13627",11374,0.0198371737543101
"13628",11373,0.0198140159793004
"13629",11372,0.0197988248611193
"13630",11371,0.019791099198839
"13631",11370,0.0197903400492997
"13632",11369,0.0197948950978484
"13633",11368,0.0198009367606783
"13634",11367,0.0198083999320406
"13635",11366,0.0198172208105197
"13636",11365,0.0198273368767973
"13637",11364,0.0198273368767973
"13638",11363,0.0198273368767973
"13639",11362,0.0198273368767973
"13640",11361,0.0198273368767973
"13641",11360,0.0198273368767973
"13642",11359,0.0198220122567017
"13643",11358,0.0198173888143099
"13644",11357,0.0198134871028678
"13645",11356,0.0198103278528613
"13646",11355,0.0198079319646314
"13647",11354,0.0198130130718476
"13648",11353,0.0198199442405669
"13649",11352,0.0198287643412671
"13650",11351,0.0198395102446321
"13651",11350,0.0198522166239677
"13652",11349,0.0198636063660238
"13653",11348,0.0198774954486465
"13654",11347,0.0198939528642595
"13655",11346,0.0199130453660748
"13656",11345,0.0199348370765379
"13657",11344,0.0199457726658025
"13658",11343,0.0199582789577258
"13659",11342,0.0199724027749784
"13660",11341,0.0199881909020592
"13661",11340,0.0200056899455277
"13662",11339,0.0200089049027626
"13663",11338,0.020013052817264
"13664",11337,0.0200181674847138
"13665",11336,0.0200242831861694
"13666",11335,0.0200314346142078
"13667",11334,0.0200427872231797
"13668",11333,0.0200542110013267
"13669",11332,0.0200657039302444
"13670",11331,0.0200772639596925
"13671",11330,0.0200888890082002
"13672",11329,0.0201194988412298
"13673",11328,0.0201508776253131
"13674",11327,0.0201830056017717
"13675",11326,0.0202158618278848
"13676",11325,0.0202494241855807
"13677",11324,0.020300436063549
"13678",11323,0.0203537203174285
"13679",11322,0.0204092364533641
"13680",11321,0.0204669373112144
"13681",11320,0.0205267689127633
"13682",11319,0.020598070891808
"13683",11318,0.0206706516653691
"13684",11317,0.0207443025480279
"13685",11316,0.0208188056786147
"13686",11315,0.0208939347717458
"13687",11314,0.0209463209384191
"13688",11313,0.0209990105605635
"13689",11312,0.021051932096597
"13690",11311,0.0211050124031565
"13691",11310,0.0211581768395864
"13692",11309,0.0211657013636469
"13693",11308,0.0211733155452991
"13694",11307,0.0211810198803737
"13695",11306,0.0211888148559374
"13696",11305,0.0211967009499016
"13697",11304,0.0211916223440662
"13698",11303,0.0211864549505409
"13699",11302,0.0211812043803382
"13700",11301,0.0211758763345366
"13701",11300,0.0211704765995081
"13702",11299,0.0211623334465484
"13703",11298,0.0211542858621038
"13704",11297,0.0211463333993057
"13705",11296,0.0211384755995945
"13706",11295,0.0211307119931631
"13707",11294,0.0211096246036215
"13708",11293,0.021088635170673
"13709",11292,0.021067746573406
"13710",11291,0.0210469616436769
"13711",11290,0.021026283166008
"13712",11289,0.0210229997704228
"13713",11288,0.0210197016714301
"13714",11287,0.0210163896235283
"13715",11286,0.0210130643857781
"13716",11285,0.0210097267216405
"13717",11284,0.021013621463357
"13718",11283,0.0210176593513754
"13719",11282,0.0210218445140899
"13720",11281,0.0210261810603923
"13721",11280,0.0210306730735696
"13722",11279,0.0210974890946497
"13723",11278,0.0211554623029213
"13724",11277,0.0212249036813049
"13725",11276,0.0212951637212798
"13726",11275,0.0213661524526922
"13727",11274,0.0215086582777358
"13728",11273,0.0216541297080916
"13729",11272,0.0218018198471041
"13730",11271,0.0219509091414341
"13731",11270,0.0221005070644656
"13732",11269,0.0223098647217592
"13733",11268,0.0225068108319021
"13734",11267,0.0226979109788643
"13735",11266,0.0228805198936897
"13736",11265,0.023051903490318
"13737",11264,0.0231664041671579
"13738",11263,0.0232707784418844
"13739",11262,0.023363915709035
"13740",11261,0.0234447453429576
"13741",11260,0.0235122482029026
"13742",11259,0.0235450873147607
"13743",11258,0.0235728863953654
"13744",11257,0.0235954763330842
"13745",11256,0.0236126981192601
"13746",11255,0.0236244035674946
"13747",11254,0.0236084559997678
"13748",11253,0.0235815799866828
"13749",11252,0.0235438321691209
"13750",11251,0.0234953303416223
"13751",11250,0.0234362518482356
"13752",11249,0.0233321095358608
"13753",11248,0.0232007912216839
"13754",11247,0.0230433925564198
"13755",11246,0.0228613327814579
"13756",11245,0.0226470529231317
"13757",11244,0.0223945312567019
"13758",11243,0.0220987492424459
"13759",11242,0.0217626331978273
"13760",11241,0.0213900953708698
"13761",11240,0.020985966396496
"13762",11239,0.0206156969255284
"13763",11238,0.0202256114439215
"13764",11237,0.0198408082946076
"13765",11236,0.0194535342368829
"13766",11235,0.0190674207399011
"13767",11234,0.0188221026421595
"13768",11233,0.018580706635124
"13769",11232,0.0183437234084342
"13770",11231,0.0181115260412713
"13771",11230,0.0178843678838381
"13772",11229,0.0177645874018412
"13773",11228,0.0176568667811052
"13774",11227,0.0175412661887452
"13775",11226,0.0174272795971501
"13776",11225,0.0173148475897457
"13777",11224,0.0172422594615813
"13778",11223,0.0171702879347741
"13779",11222,0.0170988964493792
"13780",11221,0.0170280473814873
"13781",11220,0.0169577021954901
"13782",11219,0.0168607407422659
"13783",11218,0.0167647581984066
"13784",11217,0.0166698003988048
"13785",11216,0.016575908392796
"13786",11215,0.0164831182118077
"13787",11214,0.0163354177630575
"13788",11213,0.0161908857324035
"13789",11212,0.0160496434814653
"13790",11211,0.0159117689087885
"13791",11210,0.0157772939608542
"13792",11209,0.0156063550515169
"13793",11208,0.0154366125957386
"13794",11207,0.0152671794653464
"13795",11206,0.0150971730805052
"13796",11205,0.0149257311152569
"13797",11204,0.0146764770194348
"13798",11203,0.0144160210251654
"13799",11202,0.0141616930782491
"13800",11201,0.0138998551893187
"13801",11200,0.0136280840075981
"13802",11199,0.0133441690461973
"13803",11198,0.0130462059012176
"13804",11197,0.012732681747181
"13805",11196,0.0124025498413813
"13806",11195,0.0120552900914975
"13807",11194,0.0117086533930644
"13808",11193,0.0113487280465757
"13809",11192,0.0109769860052663
"13810",11191,0.0105952881552916
"13811",11190,0.0102178072381305
"13812",11189,0.00996830419330012
"13813",11188,0.00970839301948301
"13814",11187,0.00944851901089199
"13815",11186,0.00918966995986517
"13816",11185,0.00893287141079737
"13817",11184,0.00868766610483229
"13818",11183,0.00845130271122951
"13819",11182,0.00822499167112692
"13820",11181,0.00800990545601786
"13821",11180,0.00780717437825811
"13822",11179,0.00749646457636837
"13823",11178,0.00722240332373352
"13824",11177,0.00697773343706953
"13825",11176,0.00676560799044311
"13826",11175,0.00658898570307211
"13827",11174,0.00646933044328258
"13828",11173,0.00638036911623958
"13829",11172,0.00632353899866595
"13830",11171,0.00630009813779432
"13831",11170,0.00631110830403834
"13832",11169,0.00632245666664019
"13833",11168,0.006350263905983
"13834",11167,0.0063948379945862
"13835",11166,0.0064564406099894
"13836",11165,0.00653528446994228
"13837",11164,0.00657590447590466
"13838",11163,0.00661997342103703
"13839",11162,0.0066674998648784
"13840",11161,0.00670878693087891
"13841",11160,0.00676366798884009
"13842",11159,0.00675546246805079
"13843",11158,0.00674956036280521
"13844",11157,0.00674602383040143
"13845",11156,0.00674491398331685
"13846",11155,0.00674629080483771
"13847",11154,0.00675688201311471
"13848",11153,0.00676852518369724
"13849",11152,0.00678123172173635
"13850",11151,0.0067950128525461
"13851",11150,0.0068098796187996
"13852",11149,0.00689109981184978
"13853",11148,0.00697600820281474
"13854",11147,0.00706459167272125
"13855",11146,0.00715683423519558
"13856",11145,0.00725271697261292
"13857",11144,0.00737443404389838
"13858",11143,0.00749795851651575
"13859",11142,0.0076231421211325
"13860",11141,0.00774983331117575
"13861",11140,0.00787787780712666
"13862",11139,0.00793255215958753
"13863",11138,0.00798804372305853
"13864",11137,0.0080443473893979
"13865",11136,0.00810145785324802
"13866",11135,0.00815936961095661
"13867",11134,0.00817629140188619
"13868",11133,0.00819385920814801
"13869",11132,0.00821205320831065
"13870",11131,0.00823085359596369
"13871",11130,0.00825024059345059
"13872",11129,0.0081722762092
"13873",11128,0.00809475642757087
"13874",11127,0.00801771273154702
"13875",11126,0.00794117641011835
"13876",11125,0.00786517852530744
"13877",11124,0.00776550164899636
"13878",11123,0.00766631296141659
"13879",11122,0.0075677009069557
"13880",11121,0.0074697536632766
"13881",11120,0.00737255888706686
"13882",11119,0.00737255888706686
"13883",11118,0.00737255888706686
"13884",11117,0.00737255888706686
"13885",11116,0.00737255888706686
"13886",11115,0.00737255888706686
"13887",11114,0.0074724869227031
"13888",11113,0.00757845495041152
"13889",11112,0.00769048985923363
"13890",11111,0.00780861248024624
"13891",11110,0.00793283737460615
"13892",11109,0.00817004326804742
"13893",11108,0.00843043815024045
"13894",11107,0.00870356920506193
"13895",11106,0.00898895378411574
"13896",11105,0.00928605033164515
"13897",11104,0.00961141096673042
"13898",11103,0.00994483636887034
"13899",11102,0.0102852836329389
"13900",11101,0.0106316602240038
"13901",11100,0.010982829836916
"13902",11099,0.0112303405970892
"13903",11098,0.0114836885060018
"13904",11097,0.0117425920270745
"13905",11096,0.0120067472781055
"13906",11095,0.0122662843838836
"13907",11094,0.0124100627212849
"13908",11093,0.0125527892212486
"13909",11092,0.0126943706275556
"13910",11091,0.0128347156723286
"13911",11090,0.0129737352069836
"13912",11089,0.0130638362476522
"13913",11088,0.0131548826136107
"13914",11087,0.0132468635431986
"13915",11086,0.0133397676651257
"13916",11085,0.013433582985441
"13917",11084,0.0135741672574818
"13918",11083,0.0137146423091892
"13919",11082,0.0138549431905298
"13920",11081,0.0139950044900315
"13921",11080,0.0141347603808588
"13922",11079,0.0145515321028244
"13923",11078,0.0149631556467919
"13924",11077,0.0153678156592908
"13925",11076,0.0157636961880445
"13926",11075,0.0161489941473853
"13927",11074,0.0170180931163119
"13928",11073,0.0178076589284231
"13929",11072,0.0184961739278398
"13930",11071,0.0190545419577329
"13931",11070,0.0194880137097693
"13932",11069,0.0197818305936247
"13933",11068,0.0198140313738704
"13934",11067,0.0196119463476991
"13935",11066,0.0191856221649754
"13936",11065,0.0185678195971761
"13937",11064,0.018023108673899
"13938",11063,0.0174270247689058
"13939",11062,0.0167947447096236
"13940",11061,0.0161405035482388
"13941",11060,0.0154771776699757
"13942",11059,0.0152324411642559
"13943",11058,0.0149917501435699
"13944",11057,0.0147552750247484
"13945",11056,0.0145231429656437
"13946",11055,0.0142954418099092
"13947",11054,0.0143561199274489
"13948",11053,0.0144174587461418
"13949",11052,0.0144794784940585
"13950",11051,0.0145421995264038
"13951",11050,0.0146056422699405
"13952",11049,0.0147793570624004
"13953",11048,0.014953556594536
"13954",11047,0.0151280564378672
"13955",11046,0.0153026637764857
"13956",11045,0.0154771776699757
"13957",11044,0.0155817546216727
"13958",11043,0.0156861765214239
"13959",11042,0.0157903960264722
"13960",11041,0.0158943648813205
"13961",11040,0.0159980339494066
"13962",11039,0.0162726364855657
"13963",11038,0.0165437737835843
"13964",11037,0.0168104348804696
"13965",11036,0.0170715785159194
"13966",11035,0.0173261392649831
"13967",11034,0.0176779225150264
"13968",11033,0.0180032449559755
"13969",11032,0.0182985783952733
"13970",11031,0.0185606391246783
"13971",11030,0.0187864449561546
"13972",11029,0.0189683699035871
"13973",11028,0.0191248605151174
"13974",11027,0.01925437023444
"13975",11026,0.01935550488472
"13976",11025,0.0194270407168616
"13977",11024,0.0194622546283136
"13978",11023,0.0194884455335454
"13979",11022,0.0194847052153511
"13980",11021,0.0194604843999526
"13981",11020,0.0194156318421869
"13982",11019,0.0193729820468797
"13983",11018,0.0193299805510731
"13984",11017,0.0192866396604799
"13985",11016,0.0192429715815463
"13986",11015,0.0191989884174623
"13987",11014,0.0192084213614236
"13988",11013,0.01920678344547
"13989",11012,0.019194360710572
"13990",11011,0.0191714598549084
"13991",11010,0.0191384060599765
"13992",11009,0.0191457140447077
"13993",11008,0.019100469892544
"13994",11007,0.0190233554240129
"13995",11006,0.0189040098578188
"13996",11005,0.0187439054322082
"13997",11004,0.0184832318763247
"13998",11003,0.0181680110484079
"13999",11002,0.0178037639377307
"14000",11001,0.0173966301237608
"14001",11000,0.0169532065192579
"14002",10999,0.016472561596584
"14003",10998,0.0159757535527254
"14004",10997,0.0154690193572607
"14005",10996,0.0149581473562969
"14006",10995,0.0144483822341011
"14007",10994,0.014082187831663
"14008",10993,0.0137231344529305
"14009",10992,0.0133721084233044
"14010",10991,0.0130298039153683
"14011",10990,0.0126967359230819
"14012",10989,0.0125447906820829
"14013",10988,0.012394620836774
"14014",10987,0.0122462851163584
"14015",10986,0.0120998349475352
"14016",10985,0.0119553146283898
"14017",10984,0.0120618245070286
"14018",10983,0.0121698097543154
"14019",10982,0.0122792996066136
"14020",10981,0.0123903223325826
"14021",10980,0.012502905085213
"14022",10979,0.0128348972834693
"14023",10978,0.0131771356712584
"14024",10977,0.0135292168784724
"14025",10976,0.0138905540144442
"14026",10975,0.0142603613582664
"14027",10974,0.0147813293935235
"14028",10973,0.0153015989834966
"14029",10972,0.0158150724929354
"14030",10971,0.0163152118959084
"14031",10970,0.0167951875172671
"14032",10969,0.0172311124201259
"14033",10968,0.0176437130399599
"14034",10967,0.0180274513974443
"14035",10966,0.018376820994245
"14036",10965,0.0186864647715984
"14037",10964,0.0188890091054411
"14038",10963,0.0190749094055834
"14039",10962,0.019242620348599
"14040",10961,0.0193906229149998
"14041",10960,0.01951744040827
"14042",10959,0.0195675885521782
"14043",10958,0.0196064539923224
"14044",10957,0.0196338134951311
"14045",10956,0.0196494719856584
"14046",10955,0.0196635967439434
"14047",10954,0.0196189800494365
"14048",10953,0.0195575570650376
"14049",10952,0.0194796326732417
"14050",10951,0.0193855734323262
"14051",10950,0.0192758039025933
"14052",10949,0.0192119626907404
"14053",10948,0.0191132902375128
"14054",10947,0.0189789254477539
"14055",10946,0.0188188566319598
"14056",10945,0.0186123495768316
"14057",10944,0.0184040232034385
"14058",10943,0.0181745396400023
"14059",10942,0.0179244902143057
"14060",10941,0.0176545890619404
"14061",10940,0.0173656700407095
"14062",10939,0.017405471097838
"14063",10938,0.0174450467514593
"14064",10937,0.0174843945860254
"14065",10936,0.0175235121995445
"14066",10935,0.0175623972038562
"14067",10934,0.0174567581670209
"14068",10933,0.0173513808851498
"14069",10932,0.0172463561343003
"14070",10931,0.0171417700574002
"14071",10930,0.0170377042570148
"14072",10929,0.0167148263440512
"14073",10928,0.0163921402633762
"14074",10927,0.0160707786055914
"14075",10926,0.0157517906090539
"14076",10925,0.0154361430139234
"14077",10924,0.0151379137826195
"14078",10923,0.0148414452452437
"14079",10922,0.014547470387523
"14080",10921,0.0142566751446207
"14081",10920,0.0139696985598221
"14082",10919,0.0138195267427992
"14083",10918,0.0136666313768258
"14084",10917,0.0135212048273464
"14085",10916,0.0133635340705571
"14086",10915,0.0132035337026115
"14087",10914,0.0130818774687337
"14088",10913,0.0129601999273469
"14089",10912,0.0128385522937977
"14090",10911,0.0127169854239297
"14091",10910,0.0125955497841633
"14092",10909,0.012592894182844
"14093",10908,0.0125901652720492
"14094",10907,0.0125873629214327
"14095",10906,0.0125844870289419
"14096",10905,0.0125815375217775
"14097",10904,0.012620417927717
"14098",10903,0.0126597290016251
"14099",10902,0.0126994709046869
"14100",10901,0.0127396437180682
"14101",10900,0.012780247441784
"14102",10899,0.01289647821719
"14103",10898,0.0130258129172236
"14104",10897,0.0131578586146178
"14105",10896,0.0132925893675012
"14106",10895,0.0134299751117629
"14107",10894,0.0136103919015329
"14108",10893,0.0137884077012329
"14109",10892,0.0139638503971211
"14110",10891,0.0141365536348031
"14111",10890,0.0143063571278007
"14112",10889,0.0144514644196219
"14113",10888,0.014598819505351
"14114",10887,0.0147483624632875
"14115",10886,0.0149000281290013
"14116",10885,0.0150537458995697
"14117",10884,0.0152676832564525
"14118",10883,0.0154763405649208
"14119",10882,0.0156794326203256
"14120",10881,0.0158766902140326
"14121",10880,0.0160678607670837
"14122",10879,0.0165277604539259
"14123",10878,0.0169565944183832
"14124",10877,0.0173512369745198
"14125",10876,0.0177089566193513
"14126",10875,0.0180274496535456
"14127",10874,0.0184306686214515
"14128",10873,0.0187527264856474
"14129",10872,0.0190105619198495
"14130",10871,0.0191903769014955
"14131",10870,0.0192909156647335
"14132",10869,0.0193143536064992
"14133",10868,0.0192938791778713
"14134",10867,0.019221670578787
"14135",10866,0.0191184596247864
"14136",10865,0.0189753906244306
"14137",10864,0.0189337651646839
"14138",10863,0.0188839912917107
"14139",10862,0.0188261280922884
"14140",10861,0.0187602535718331
"14141",10860,0.0186864647715984
"14142",10859,0.0187928140293339
"14143",10858,0.0188968121018337
"14144",10857,0.0189982929997649
"14145",10856,0.0190970873889546
"14146",10855,0.0191930228451032
"14147",10854,0.0193163748496158
"14148",10853,0.0194216176765556
"14149",10852,0.0195080026433729
"14150",10851,0.0195748560162921
"14151",10850,0.019621584850357
"14152",10849,0.0196821887995885
"14153",10848,0.0197227300471025
"14154",10847,0.0197534954059443
"14155",10846,0.0197528206185022
"14156",10845,0.0197300625333039
"14157",10844,0.0196371413146578
"14158",10843,0.0195320037942483
"14159",10842,0.0194150191933184
"14160",10841,0.0192865857615257
"14161",10840,0.0191471282079436
"14162",10839,0.0190230074855938
"14163",10838,0.0188970242315731
"14164",10837,0.0187795659427188
"14165",10836,0.0186507078018979
"14166",10835,0.0185205332726805
"14167",10834,0.0185308859993709
"14168",10833,0.0185406782141136
"14169",10832,0.0185498997080029
"14170",10831,0.0185585402729534
"14171",10830,0.0185665897089967
"14172",10829,0.0185819553619781
"14173",10828,0.0185956044066413
"14174",10827,0.0186075605537191
"14175",10826,0.0186178480606857
"14176",10825,0.0186264916888954
"14177",10824,0.0186196935772803
"14178",10823,0.0186090231802972
"14179",10822,0.0185946199553914
"14180",10821,0.0185766237762902
"14181",10820,0.0185452297203162
"14182",10819,0.0186045017693249
"14183",10818,0.0186593130143074
"14184",10817,0.0187096326881856
"14185",10816,0.0187554348947465
"14186",10815,0.0187966986349664
"14187",10814,0.0188959942698541
"14188",10813,0.0189929444999683
"14189",10812,0.0190873810652803
"14190",10811,0.0191791336995888
"14191",10810,0.0192680304879205
"14192",10809,0.0193264854080601
"14193",10808,0.019376859248431
"14194",10807,0.0194189901394354
"14195",10806,0.0194527317774738
"14196",10805,0.0194779543050562
"14197",10804,0.0194513772783503
"14198",10803,0.0194270407168616
"14199",10802,0.0193950420237657
"14200",10801,0.01935550488472
"14201",10800,0.0193085651213192
"14202",10799,0.0192231038841448
"14203",10798,0.0191319548166879
"14204",10797,0.0190354111663365
"14205",10796,0.0189337651646839
"14206",10795,0.0188273071412982
"14207",10794,0.0187359888377876
"14208",10793,0.0186303661081133
"14209",10792,0.0185108083583073
"14210",10791,0.0183777418818454
"14211",10790,0.0182316480248296
"14212",10789,0.018053610734955
"14213",10788,0.0178668815346699
"14214",10787,0.0176721457626577
"14215",10786,0.0174700948797356
"14216",10785,0.0172614227896538
"14217",10784,0.0170157212759176
"14218",10783,0.0167633025957706
"14219",10782,0.0165051786133406
"14220",10781,0.016242340616546
"14221",10780,0.0159757535527254
"14222",10779,0.0157365919156796
"14223",10778,0.0154983284948247
"14224",10777,0.015261375905798
"14225",10776,0.0150261086865606
"14226",10775,0.0147928641577628
"14227",10774,0.014561943473418
"14228",10773,0.0143336128366324
"14229",10772,0.0141081048559175
"14230",10771,0.0138856200185818
"14231",10770,0.013666328258829
"14232",10769,0.0134503705994682
"14233",10768,0.0132378608475023
"14234",10767,0.0130288873253036
"14235",10766,0.0128235146205733
"14236",10765,0.0126217853397794
"14237",10764,0.0124528612748177
"14238",10763,0.0122867065926129
"14239",10762,0.0121233003072968
"14240",10761,0.0119626138408983
"14241",10760,0.0118046118037864
"14242",10759,0.0116763584585994
"14243",10758,0.0115499391739647
"14244",10757,0.0114253157875742
"14245",10756,0.0113024487271215
"14246",10755,0.0111812972592759
"14247",10754,0.011044937113974
"14248",10753,0.0109214295990478
"14249",10752,0.0107905637925206
"14250",10751,0.0106618559627125
"14251",10750,0.0105352121213466
"14252",10749,0.010444395968912
"14253",10748,0.0103458816040792
"14254",10747,0.010248766126094
"14255",10746,0.0101530210406322
"14256",10745,0.0100586222102969
"14257",10744,0.00998743171292309
"14258",10743,0.00991706012530391
"14259",10742,0.00984750625374434
"14260",10741,0.00977877108537781
"14261",10740,0.00971085769790559
"14262",10739,0.00961462343777066
"14263",10738,0.00951967656597744
"14264",10737,0.00942600792212646
"14265",10736,0.00933360974746468
"14266",10735,0.00924247571048619
"14267",10734,0.00916375392793651
"14268",10733,0.00908582254266868
"14269",10732,0.00901887367668499
"14270",10731,0.00894295253530846
"14271",10730,0.00886783805621717
"14272",10729,0.00877645975420116
"14273",10728,0.00868606901812438
"14274",10727,0.00859672442887277
"14275",10726,0.00850847901958792
"14276",10725,0.00842138006647196
"14277",10724,0.00831982601667064
"14278",10723,0.00822046701360078
"14279",10722,0.00812346343984341
"14280",10721,0.00802894657207266
"14281",10720,0.0079370169166359
"14282",10719,0.00785370819690587
"14283",10718,0.00777233672500524
"14284",10717,0.00769289285037385
"14285",10716,0.00761535231106959
"14286",10715,0.00753967697982854
"14287",10714,0.00745519444086066
"14288",10713,0.0073722809873735
"14289",10712,0.00729085942235802
"14290",10711,0.00721084931645033
"14291",10710,0.00713216799815923
"14292",10709,0.00704738235200747
"14293",10708,0.00696367117771415
"14294",10707,0.00688102758177824
"14295",10706,0.00679944992526439
"14296",10705,0.00671894182021749
"14297",10704,0.00662027730180335
"14298",10703,0.00651382281655137
"14299",10702,0.006409245357272
"14300",10701,0.00630653279343774
"14301",10700,0.00620569246380129
"14302",10699,0.00608331726428775
"14303",10698,0.00596411797041436
"14304",10697,0.00584826636985068
"14305",10696,0.00573597858383036
"14306",10695,0.0056275138355452
"14307",10694,0.00553434994730577
"14308",10693,0.00544754341572504
"14309",10692,0.00536762752157855
"14310",10691,0.00530576740083991
"14311",10690,0.00523354059514002
"14312",10689,0.00518931807698187
"14313",10688,0.00514877640809592
"14314",10687,0.00511211159028709
"14315",10686,0.00509002999243142
"14316",10685,0.00506295695114568
"14317",10684,0.00504954114824088
"14318",10683,0.0050376688558028
"14319",10682,0.00502737963423209
"14320",10681,0.00501871309900548
"14321",10680,0.00501170889356782
"14322",10679,0.00502204403194968
"14323",10678,0.00503272791215161
"14324",10677,0.00504376155980508
"14325",10676,0.00505514593084033
"14326",10675,0.00506688191109608
"14327",10674,0.00505514593084033
"14328",10673,0.00504376155980508
"14329",10672,0.00503272791215161
"14330",10671,0.00502204403194968
"14331",10670,0.00501170889356782
"14332",10669,0.00501330193323898
"14333",10668,0.00501500072701252
"14334",10667,0.00501680465543685
"14335",10666,0.00501871309900548
"14336",10665,0.00502072543818505
"14337",10664,0.00501330193323898
"14338",10663,0.00500757049227184
"14339",10662,0.00500357074010355
"14340",10661,0.00500134225098934
"14341",10660,0.00500092451865445
"14342",10659,0.00499472404973563
"14343",10658,0.00499948804375242
"14344",10657,0.00501586402802988
"14345",10656,0.00504450124100975
"14346",10655,0.00508604771598869
"14347",10654,0.00519815540081844
"14348",10653,0.0053449886304233
"14349",10652,0.00552824706048258
"14350",10651,0.00574945720627922
"14351",10650,0.0060099428334563
"14352",10649,0.00633009532958975
"14353",10648,0.00669208092431059
"14354",10647,0.00709601277360433
"14355",10646,0.00754166323916695
"14356",10645,0.00802845684498453
"14357",10644,0.00831384188397411
"14358",10643,0.00861034804867755
"14359",10642,0.00891769524919487
"14360",10641,0.00923557619257859
"14361",10640,0.00956365750584948
"14362",10639,0.00942753484229789
"14363",10638,0.0092927144766686
"14364",10637,0.00915923128724299
"14365",10636,0.00902711970186
"14366",10635,0.00889641367050517
"14367",10634,0.00858714893477347
"14368",10633,0.00828885381056296
"14369",10632,0.00800181087898217
"14370",10631,0.00772627385368932
"14371",10630,0.00746246666340605
"14372",10629,0.00717392568384578
"14373",10628,0.00690406270025402
"14374",10627,0.00665285157616198
"14375",10626,0.00642020349821601
"14376",10625,0.00620596941981446
"14377",10624,0.00602921255847057
"14378",10623,0.00587314742865501
"14379",10622,0.00573698707316796
"14380",10621,0.00561991139893541
"14381",10620,0.00552107485090473
"14382",10619,0.00536915129202162
"14383",10618,0.0052386977841235
"14384",10617,0.00512927569633547
"14385",10616,0.00504035314966153
"14386",10615,0.0049713117234231
"14387",10614,0.00495852372557912
"14388",10613,0.00494894559642566
"14389",10612,0.00494250008554763
"14390",10611,0.00493910934342198
"14391",10610,0.00493869502732894
"14392",10609,0.00495128187416578
"14393",10608,0.00496640457407941
"14394",10607,0.00498410209423975
"14395",10606,0.00500441190758906
"14396",10605,0.00502736992649414
"14397",10604,0.00506302049200121
"14398",10603,0.00510614689666857
"14399",10602,0.00515692297593606
"14400",10601,0.00521551192684268
"14401",10600,0.00528206558927252
"14402",10599,0.00531368622949039
"14403",10598,0.00535012207753149
"14404",10597,0.00539151582058961
"14405",10596,0.00543800947893613
"14406",10595,0.0054897441163206
"14407",10594,0.00557805389198232
"14408",10593,0.00567446637587341
"14409",10592,0.00577911945857606
"14410",10591,0.00589214117180734
"14411",10590,0.00601364908765071
"14412",10589,0.00622180734741598
"14413",10588,0.00644835915306741
"14414",10587,0.0066933350194949
"14415",10586,0.0069566976086531
"14416",10585,0.00723834088276966
"14417",10584,0.00769341850398846
"14418",10583,0.00819436069890958
"14419",10582,0.00874058207173642
"14420",10581,0.00933108134214763
"14421",10580,0.00996443891024698
"14422",10579,0.0107173359325074
"14423",10578,0.0115291928276593
"14424",10577,0.0123855945157094
"14425",10576,0.0132822029524771
"14426",10575,0.0142141624065338
"14427",10574,0.0150679665044528
"14428",10573,0.015941531715781
"14429",10572,0.0168306802833533
"14430",10571,0.0177310810889599
"14431",10570,0.0186382910560061
"14432",10569,0.0192636031322484
"14433",10568,0.0198885216862518
"14434",10567,0.0205224897768928
"14435",10566,0.0211547091330473
"14436",10565,0.0217728283574305
"14437",10564,0.0222121940842623
"14438",10563,0.0226459499573475
"14439",10562,0.0230735816473798
"14440",10561,0.0234945865907061
"14441",10560,0.0239084745471425
"14442",10559,0.0242858222045943
"14443",10558,0.0246600387446979
"14444",10557,0.0250307401665451
"14445",10556,0.0253975453837013
"14446",10555,0.0257600767904441
"14447",10554,0.0260203653101082
"14448",10553,0.0262783901676853
"14449",10552,0.0265340053066316
"14450",10551,0.0267870659038295
"14451",10550,0.0270374284784387
"14452",10549,0.0270212793802525
"14453",10548,0.0270050212837486
"14454",10547,0.0269886553116867
"14455",10546,0.0269721825958577
"14456",10545,0.0269556042768252
"14457",10544,0.0267393980200586
"14458",10543,0.0265186002388594
"14459",10542,0.0262933025776531
"14460",10541,0.0260636000173749
"14461",10540,0.0258295907494734
"14462",10539,0.025426002432117
"14463",10538,0.0250149313067651
"14464",10537,0.024596861092598
"14465",10536,0.0241722855314668
"14466",10535,0.023741707936863
"14467",10534,0.0233604316068893
"14468",10533,0.0229753008459484
"14469",10532,0.0225866691019611
"14470",10531,0.0221948942815036
"14471",10530,0.0218003384283768
"14472",10529,0.0216923196347906
"14473",10528,0.0215836113894982
"14474",10527,0.0214742252046591
"14475",10526,0.0213641727280885
"14476",10525,0.0212437033739571
"14477",10524,0.0214215282135348
"14478",10523,0.0215884884885184
"14479",10522,0.0217543139382251
"14480",10521,0.0219189723406093
"14481",10520,0.0220824318859537
"14482",10519,0.0224613047483875
"14483",10518,0.0228337033475081
"14484",10517,0.0231992637022365
"14485",10516,0.0235576338580712
"14486",10515,0.0239084745471425
"14487",10514,0.0245449576886469
"14488",10513,0.0251696677117528
"14489",10512,0.0257808290533513
"14490",10511,0.0263767052641391
"14491",10510,0.0269556042768252
"14492",10509,0.0275424122546401
"14493",10508,0.0281029980261172
"14494",10507,0.028635664977279
"14495",10506,0.0291388159139575
"14496",10505,0.0296109601963857
"14497",10504,0.0301268792878024
"14498",10503,0.0305883710709514
"14499",10502,0.0310035020633868
"14500",10501,0.0313709015622641
"14501",10500,0.0316894806660952
"14502",10499,0.0319676043147177
"14503",10498,0.0322021483360334
"14504",10497,0.0323925206844376
"14505",10496,0.0325383797002148
"14506",10495,0.0326396502957854
"14507",10494,0.0326406053639325
"14508",10493,0.0326051211290628
"14509",10492,0.0325247090629573
"14510",10491,0.0324019939962387
"14511",10490,0.0322399344919898
"14512",10489,0.0320733281630129
"14513",10488,0.0318752546624501
"14514",10487,0.031648395392608
"14515",10486,0.0313956210674574
"14516",10485,0.031119961388631
"14517",10484,0.0308678558812001
"14518",10483,0.0306032943138863
"14519",10482,0.030328348646917
"14520",10481,0.0300451038973068
"14521",10480,0.0297556399715449
"14522",10479,0.0296092199201313
"14523",10478,0.0294620135165219
"14524",10477,0.029314271273495
"14525",10476,0.02916624004183
"14526",10475,0.0290181624836403
"14527",10474,0.0291169580738805
"14528",10473,0.0292146931226829
"14529",10472,0.0293112736018069
"14530",10471,0.0294066068233347
"14531",10470,0.029500601541892
"14532",10469,0.0298170330995282
"14533",10468,0.0301347648304374
"14534",10467,0.0304513286505331
"14535",10466,0.0307640804181062
"14536",10465,0.0310702245719356
"14537",10464,0.0314292758681825
"14538",10463,0.0317456826521071
"14539",10462,0.0320132952849089
"14540",10461,0.0322265863935766
"14541",10460,0.0323807261727977
"14542",10459,0.032496989759931
"14543",10458,0.0325768509307588
"14544",10457,0.0326181170383872
"14545",10456,0.0326292761586613
"14546",10455,0.0325894750947184
"14547",10454,0.0325251968764602
"14548",10453,0.0324426554113628
"14549",10452,0.0323417585110903
"14550",10451,0.0322224631232049
"14551",10450,0.0320847741372848
"14552",10449,0.0320597886328299
"14553",10448,0.0320346617846502
"14554",10447,0.0320093955869095
"14555",10446,0.0319839920373149
"14556",10445,0.0319584531367341
"14557",10444,0.0320958186577244
"14558",10443,0.0322151107268122
"14559",10442,0.0323163332688011
"14560",10441,0.0323995369851115
"14561",10440,0.0324648203623474
"14562",10439,0.0324491798030609
"14563",10438,0.0324045910095131
"14564",10437,0.0323232808450143
"14565",10436,0.0322275484783845
"14566",10435,0.0321089267922432
"14567",10434,0.0320283002668847
"14568",10433,0.0319321295963947
"14569",10432,0.031821369129507
"14570",10431,0.0316970080534141
"14571",10430,0.0315600641003768
"14572",10429,0.0315502906720774
"14573",10428,0.031532889901517
"14574",10427,0.0315078598661873
"14575",10426,0.0314752132293378
"14576",10425,0.0314349779938895
"14577",10424,0.0314056719661744
"14578",10423,0.0313707064157989
"14579",10422,0.0313301112979769
"14580",10421,0.0312839273838494
"14581",10420,0.0312322067912348
"14582",10419,0.0311443422802226
"14583",10418,0.0310549031749113
"14584",10417,0.0309639703670333
"14585",10416,0.0308716252626895
"14586",10415,0.0307779497010801
"14587",10414,0.0305869362354644
"14588",10413,0.0303915902133688
"14589",10412,0.0301925735029842
"14590",10411,0.0299905469184415
"14591",10410,0.0297861675445105
"14592",10409,0.029574654536334
"14593",10408,0.0293678937628955
"14594",10407,0.0291663622629053
"14595",10406,0.0289704653717044
"14596",10405,0.0287805382624361
"14597",10404,0.0286868868362145
"14598",10403,0.0285944114024642
"14599",10402,0.0285031486024078
"14600",10401,0.0284131321833202
"14601",10400,0.0283243930268387
"14602",10399,0.0283401107952364
"14603",10398,0.0283561054286153
"14604",10397,0.028372386411048
"14605",10396,0.0283889630287141
"14606",10395,0.0284058443531177
"14607",10394,0.0284509390371838
"14608",10393,0.0284965631425495
"14609",10392,0.0285427154071096
"14610",10391,0.0285893942108465
"14611",10390,0.0286365975694488
"14612",10389,0.0286392223181943
"14613",10388,0.0286418074571149
"14614",10387,0.0286443519210786
"14615",10386,0.028646854654
"14616",10385,0.028649314608927
"14617",10384,0.0285486901327394
"14618",10383,0.0284475170709426
"14619",10382,0.0283458932059754
"14620",10381,0.0282439167707907
"14621",10380,0.0281416863117672
"14622",10379,0.0280204069953294
"14623",10378,0.027900344169157
"14624",10377,0.0277816094262775
"14625",10376,0.0276643101541143
"14626",10375,0.0275485494026201
"14627",10374,0.0273970237625211
"14628",10373,0.0272500097647986
"14629",10372,0.0271076250544968
"14630",10371,0.0269699649333827
"14631",10370,0.0268371027908632
"14632",10369,0.0267381373584035
"14633",10368,0.0266413128545837
"14634",10367,0.0265466832546783
"14635",10366,0.026454297599572
"14636",10365,0.0263744063235819
"14637",10364,0.026360940832172
"14638",10363,0.0263480594018004
"14639",10362,0.0263357355007984
"14640",10361,0.0263239425797764
"14641",10360,0.0263126541093353
"14642",10359,0.0263852714191764
"14643",10358,0.0264603719634777
"14644",10357,0.0265379854954827
"14645",10356,0.026608291110491
"14646",10355,0.026691559441132
"14647",10354,0.0268066103333195
"14648",10353,0.0269271127721995
"14649",10352,0.0270531493114465
"14650",10351,0.0271847784814559
"14651",10350,0.0273220332486183
"14652",10349,0.0273970237625211
"14653",10348,0.0274721446038121
"14654",10347,0.0275473492652296
"14655",10346,0.027622591167767
"14656",10345,0.0276978237087915
"14657",10344,0.0275319937791554
"14658",10343,0.0273680764707137
"14659",10342,0.027206447302469
"14660",10341,0.0270474688281908
"14661",10340,0.0268914892511056
"14662",10339,0.0266195264358738
"14663",10338,0.0263619275787139
"14664",10337,0.0261303165502518
"14665",10336,0.0259063955726364
"14666",10335,0.0257001727274685
"14667",10334,0.0256141357805975
"14668",10333,0.0255333005103021
"14669",10332,0.0254575251152901
"14670",10331,0.025386653476612
"14671",10330,0.0253205162189758
"14672",10329,0.025375222166327
"14673",10328,0.0254324557289452
"14674",10327,0.0254922401701768
"14675",10326,0.025554594340844
"14676",10325,0.0256195325787307
"14677",10324,0.0257829736895469
"14678",10323,0.025958820754134
"14679",10322,0.0261466513940393
"14680",10321,0.0263459179832146
"14681",10320,0.0265466832546783
"14682",10319,0.0267577987950682
"14683",10318,0.0269751041194434
"14684",10317,0.0271975262763147
"14685",10316,0.0274239367055965
"14686",10315,0.0276531613206015
"14687",10314,0.0276901082756476
"14688",10313,0.0277275836207151
"14689",10312,0.0277655908647277
"14690",10311,0.0278041332570734
"14691",10310,0.0278432137801038
"14692",10309,0.027733720968065
"14693",10308,0.027622591167767
"14694",10307,0.0275100595675193
"14695",10306,0.0273963682145884
"14696",10305,0.0272817652255984
"14697",10304,0.0270942074856418
"14698",10303,0.0269108941795981
"14699",10302,0.0267323188003653
"14700",10301,0.0265589435741821
"14701",10300,0.0263911973072469
"14702",10299,0.0262323015543694
"14703",10298,0.0260825000426534
"14704",10297,0.0259525221669808
"14705",10296,0.0258218661048256
"14706",10295,0.0257001727274685
"14707",10294,0.0256006493095671
"14708",10293,0.0255079087182176
"14709",10292,0.0254217557538909
"14710",10291,0.0253419705102844
"14711",10290,0.0252683103175791
"14712",10289,0.0252302990251435
"14713",10288,0.0251949931349517
"14714",10287,0.0251621774537461
"14715",10286,0.0251316364002839
"14716",10285,0.0251031547722412
"14717",10284,0.0250627063839089
"14718",10283,0.0250239663589016
"14719",10282,0.0249869376836716
"14720",10281,0.0249516204354931
"14721",10280,0.0249180117842757
"14722",10279,0.0248890345141906
"14723",10278,0.0248609323532665
"14724",10277,0.0248337235259387
"14725",10276,0.0248074248141658
"14726",10275,0.0247820515163248
"14727",10274,0.0247774416116992
"14728",10273,0.024772905436379
"14729",10272,0.0247684423737301
"14730",10271,0.0247640518033991
"14731",10270,0.0247597331013654
"14732",10269,0.0247565217903125
"14733",10268,0.0247532845183354
"14734",10267,0.0247500243359463
"14735",10266,0.0247467443339052
"14736",10265,0.0247434476428374
"14737",10264,0.024739158776538
"14738",10263,0.0247349455787392
"14739",10262,0.024730807405503
"14740",10261,0.0247267436091512
"14741",10260,0.0247227535383187
"14742",10259,0.0246968318933922
"14743",10258,0.0246742606548417
"14744",10257,0.0246548028008206
"14745",10256,0.0246382145505691
"14746",10255,0.0246348908169389
"14747",10254,0.0246301887328332
"14748",10253,0.0246270399213849
"14749",10252,0.0246288953055895
"14750",10251,0.0246330633837155
"14751",10250,0.0246370074900941
"14752",10249,0.0246416311601415
"14753",10248,0.0246375561856219
"14754",10247,0.0246157527470958
"14755",10246,0.0245690171607745
"14756",10245,0.0244923289954547
"14757",10244,0.0243786831526976
"14758",10243,0.0242480773847985
"14759",10242,0.0240879633351456
"14760",10241,0.0239122931015434
"14761",10240,0.0237227406127131
"14762",10239,0.0235648724307941
"14763",10238,0.0234132070520011
"14764",10237,0.0232865686071225
"14765",10236,0.0231751870468998
"14766",10235,0.0230958022475974
"14767",10234,0.0230595890256962
"14768",10233,0.0230589791210026
"14769",10232,0.0230989954139105
"14770",10231,0.0231842259400289
"14771",10230,0.0233187041791015
"14772",10229,0.0235068571762953
"14773",10228,0.0237283410514028
"14774",10227,0.024014264955803
"14775",10226,0.0243547057667081
"14776",10225,0.0247507114954526
"14777",10224,0.0249767974586337
"14778",10223,0.0252204105631857
"14779",10222,0.0254816660689645
"14780",10221,0.0257606188699764
"14781",10220,0.0260572643110943
"14782",10219,0.0261547951660261
"14783",10218,0.0262538562802823
"14784",10217,0.0263544413194256
"14785",10216,0.0264565436414903
"14786",10215,0.0265601563057141
"14787",10214,0.0266117682584666
"14788",10213,0.0266636226766124
"14789",10212,0.0267157173008033
"14790",10211,0.0267680498134262
"14791",10210,0.0268206178335025
"14792",10209,0.0270171639247668
"14793",10208,0.0272175843417265
"14794",10207,0.0274218151132409
"14795",10206,0.0276297903590891
"14796",10205,0.027841442055958
"14797",10204,0.028216536704793
"14798",10203,0.0286177164959532
"14799",10202,0.0290345273719715
"14800",10201,0.0294666432757313
"14801",10200,0.0299041621112426
"14802",10199,0.0305392223824966
"14803",10198,0.0311944563811836
"14804",10197,0.0318684805295191
"14805",10196,0.0325597386478691
"14806",10195,0.0332664657829917
"14807",10194,0.0339315254684412
"14808",10193,0.0346060647063283
"14809",10192,0.0352880125894397
"14810",10191,0.0359750412674724
"14811",10190,0.03666455058106
"14812",10189,0.037409608101239
"14813",10188,0.0381602051201782
"14814",10187,0.0389134708354931
"14815",10186,0.039666203321318
"14816",10185,0.0404249058970551
"14817",10184,0.0412220301596968
"14818",10183,0.0420038687434028
"14819",10182,0.0427643076979003
"14820",10181,0.0434966502864102
"14821",10180,0.0441936342393503
"14822",10179,0.0448474735617161
"14823",10178,0.0454606458281968
"14824",10177,0.0460048196701563
"14825",10176,0.0464804471065169
"14826",10175,0.0468786824350394
"14827",10174,0.0469979918132776
"14828",10173,0.0470826660966228
"14829",10172,0.0471211515302713
"14830",10171,0.0471127090908927
"14831",10170,0.0470568904740783
"14832",10169,0.0469840786113603
"14833",10168,0.04690126047274
"14834",10167,0.0468085701962982
"14835",10166,0.0467061546681172
"14836",10165,0.046594172799228
"14837",10164,0.0466717050352202
"14838",10163,0.0467441334257148
"14839",10162,0.0468112228595964
"14840",10161,0.0468727324969409
"14841",10160,0.0469284161187648
"14842",10159,0.0466976179761267
"14843",10158,0.0464380506149006
"14844",10157,0.046150519275989
"14845",10156,0.0458359205606694
"14846",10155,0.0454952339265464
"14847",10154,0.0448935557788826
"14848",10153,0.0442313788810543
"14849",10152,0.0434938594307521
"14850",10151,0.0426959471339405
"14851",10150,0.0418436179921217
"14852",10149,0.0411624134094976
"14853",10148,0.0404583864794083
"14854",10147,0.0397343330835318
"14855",10146,0.0389930207770178
"14856",10145,0.0382371684890217
"14857",10144,0.0381504670120758
"14858",10143,0.0380563250480552
"14859",10142,0.0379546516764513
"14860",10141,0.0378453745745318
"14861",10140,0.0377284420418101
"14862",10139,0.037818316020419
"14863",10138,0.0379079886444973
"14864",10137,0.0379974558067952
"14865",10136,0.0380867133987443
"14866",10135,0.0381757573109034
"14867",10134,0.0380652367275263
"14868",10133,0.0379551075763023
"14869",10132,0.0378453745745318
"14870",10131,0.0377360422145297
"14871",10130,0.0376271147713038
"14872",10129,0.0372546002371389
"14873",10128,0.0368822090396563
"14874",10127,0.0365101661380864
"14875",10126,0.0361386869050796
"14876",10125,0.0357679772540077
"14877",10124,0.0350512993440582
"14878",10123,0.0343284413134642
"14879",10122,0.0336011974997629
"14880",10121,0.032871313982148
"14881",10120,0.0321404800529867
"14882",10119,0.0310459823050451
"14883",10118,0.0299581636181844
"14884",10117,0.0288818021434949
"14885",10116,0.0278317551683265
"14886",10115,0.026793120896327
"14887",10114,0.0256113955028498
"14888",10113,0.0244665383175505
"14889",10112,0.0233625524246719
"14890",10111,0.0223026880940993
"14891",10110,0.0212804777769537
"14892",10109,0.0206832176448823
"14893",10108,0.0200981826487166
"14894",10107,0.0195445947754646
"14895",10106,0.0190124660818783
"14896",10105,0.0185018013070413
"14897",10104,0.0184135885592121
"14898",10103,0.0183268529134925
"14899",10102,0.0182416919255681
"14900",10101,0.0181582008886807
"14901",10100,0.0180764723424016
"14902",10099,0.018374783009843
"14903",10098,0.0186798295927308
"14904",10097,0.018991609083229
"14905",10096,0.0193101134636567
"14906",10095,0.019635329163766
"14907",10094,0.0199270832916337
"14908",10093,0.0202230378952531
"14909",10092,0.0205230872099889
"14910",10091,0.0208271157748836
"14911",10090,0.021145300965093
"14912",10089,0.0211721585348154
"14913",10088,0.0211991092052199
"14914",10087,0.0212261487627339
"14915",10086,0.0212532730118087
"14916",10085,0.0212804777769537
"14917",10084,0.0212804777769537
"14918",10083,0.0212804777769537
"14919",10082,0.0212804777769537
"14920",10081,0.0212804777769537
"14921",10080,0.0212804777769537
"14922",10079,0.0213240393338636
"14923",10078,0.0213680587495661
"14924",10077,0.0214125369902773
"14925",10076,0.0214574750587427
"14926",10075,0.0215028739958742
"14927",10074,0.0219402882633818
"14928",10073,0.0223967194851723
"14929",10072,0.0228524052007813
"14930",10071,0.0233167285225967
"14931",10070,0.0237894859198204
"14932",10069,0.02490195131496
"14933",10068,0.0260600735633294
"14934",10067,0.0272516243891566
"14935",10066,0.0284934622865181
"14936",10065,0.0297691005757484
"14937",10064,0.0314569112985707
"14938",10063,0.0331619435130787
"14939",10062,0.0348646872829413
"14940",10061,0.036543620787978
"14941",10060,0.0381757573109034
"14942",10059,0.0394829825003311
"14943",10058,0.0407274200123535
"14944",10057,0.0418956328264504
"14945",10056,0.0429748837158508
"14946",10055,0.0439534795081525
"14947",10054,0.0441256448971324
"14948",10053,0.0442967381274981
"14949",10052,0.0444666938556834
"14950",10051,0.0446256265755293
"14951",10050,0.0447934388492155
"14952",10049,0.0441348960556014
"14953",10048,0.0434055182061551
"14954",10047,0.0426190856595487
"14955",10046,0.0417803320353139
"14956",10045,0.0408943577172035
"14957",10044,0.0396520637120152
"14958",10043,0.0383756797168303
"14959",10042,0.0370770613662633
"14960",10041,0.0357671747471535
"14961",10040,0.0344559847945137
"14962",10039,0.0337102008759034
"14963",10038,0.0329676543059499
"14964",10037,0.0322297764005807
"14965",10036,0.0314978893325138
"14966",10035,0.03077320771865
"14967",10034,0.0306886779039569
"14968",10033,0.0306046394939397
"14969",10032,0.0305210910291872
"14970",10031,0.030438031044199
"14971",10030,0.0303554580688986
"14972",10029,0.0309752756924143
"14973",10028,0.0316013872684227
"14974",10027,0.0322330813986013
"14975",10026,0.0328695869026301
"14976",10025,0.03351007119633
"14977",10024,0.0344344761940899
"14978",10023,0.0353663412606831
"14979",10022,0.0363027363824867
"14980",10021,0.037240404789295
"14981",10020,0.0381757573109034
"14982",10019,0.0382645834333944
"14983",10018,0.0383531876563477
"14984",10017,0.0384415658703506
"14985",10016,0.0385297139668883
"14986",10015,0.0386176278387999
"14987",10014,0.0373304062912052
"14988",10013,0.0360295398854991
"14989",10012,0.034725086846192
"14990",10011,0.0334260760361552
"14991",10010,0.0321404800529867
"14992",10009,0.0310510157566878
"14993",10008,0.029975375889541
"14994",10007,0.028917410631736
"14995",10006,0.0278921735491299
"14996",10005,0.0268820223971411
"14997",10004,0.0265925524288189
"14998",10003,0.0263016457253443
"14999",10002,0.0260095830226648
"15000",10001,0.0257166493937385
"15001",10000,0.0254231331185408
"15002",9999,0.0257393745798884
"15003",9998,0.0260600735633294
"15004",9997,0.0263852121761564
"15005",9996,0.0267048082179265
"15006",9995,0.0270396301072702
"15007",9994,0.0281306977138835
"15008",9993,0.0292375748026578
"15009",9992,0.0303549301504954
"15010",9991,0.0314769792615832
"15011",9990,0.0325975566183097
"15012",9989,0.0341837977066339
"15013",9988,0.0357671747471535
"15014",9987,0.0373304062912052
"15015",9986,0.0388547531442348
"15016",9985,0.0403204243846945
"15017",9984,0.0415922980097352
"15018",9983,0.0427667294820768
"15019",9982,0.0438292026460574
"15020",9981,0.044757276624329
"15021",9980,0.0455610435816029
"15022",9979,0.0459093025649691
"15023",9978,0.0462207014452118
"15024",9977,0.0464946204565249
"15025",9976,0.0467306147504637
"15026",9975,0.0469284161187648
"15027",9974,0.0468170806621309
"15028",9973,0.0466756781263879
"15029",9972,0.0465037312841829
"15030",9971,0.0463008651096848
"15031",9970,0.0460668145261238
"15032",9969,0.0452393958429419
"15033",9968,0.0442610371495011
"15034",9967,0.0431259039035759
"15035",9966,0.0418586125820499
"15036",9965,0.040477480917915
"15037",9964,0.0388896061130755
"15038",9963,0.0372360060260063
"15039",9962,0.0355413041808451
"15040",9961,0.0338286112769198
"15041",9960,0.0321189564487433
"15042",9959,0.0311047973616929
"15043",9958,0.0301220608958053
"15044",9957,0.0291718607985645
"15045",9956,0.0282664965302519
"15046",9955,0.0273869639122297
"15047",9954,0.0271516574992146
"15048",9953,0.0269188530521524
"15049",9952,0.026688558448703
"15050",9951,0.0264607807621965
"15051",9950,0.0262355263199685
"15052",9949,0.0263975251215514
"15053",9948,0.0265601039075324
"15054",9947,0.0267232483263652
"15055",9946,0.0268869437559911
"15056",9945,0.0270511753038207
"15057",9944,0.0273964229075014
"15058",9943,0.0277414614516708
"15059",9942,0.0280860431019163
"15060",9941,0.0284299197645351
"15061",9940,0.0287728436659992
"15062",9939,0.0291055665509481
"15063",9938,0.0294394076190557
"15064",9937,0.0297742202428574
"15065",9936,0.0301098542043603
"15066",9935,0.0304461557853124
"15067",9934,0.0306071313422775
"15068",9933,0.0307602712634136
"15069",9932,0.030926020136334
"15070",9931,0.0310936874024209
"15071",9930,0.0312632823104526
"15072",9929,0.0312632823104526
"15073",9928,0.0312632823104526
"15074",9927,0.0312632823104526
"15075",9926,0.0312632823104526
"15076",9925,0.0312632823104526
"15077",9924,0.0309121918975901
"15078",9923,0.0305616142406883
"15079",9922,0.0302117195354334
"15080",9921,0.0298626738115726
"15081",9920,0.02952496796834
"15082",9919,0.02900617127217
"15083",9918,0.0284906057757965
"15084",9917,0.0279787676815773
"15085",9916,0.0274711299355551
"15086",9915,0.0269681419186272
"15087",9914,0.0260010664021135
"15088",9913,0.0250402695814329
"15089",9912,0.0240910433752343
"15090",9911,0.0231583601630839
"15091",9910,0.022236880780662
"15092",9909,0.0212875679535548
"15093",9908,0.0203720423872348
"15094",9907,0.0195108182242453
"15095",9906,0.0186940397609293
"15096",9905,0.0179220825364756
"15097",9904,0.0170872318329098
"15098",9903,0.0163121605970497
"15099",9902,0.0155965774951395
"15100",9901,0.0149315437743331
"15101",9900,0.0143349585652696
"15102",9899,0.013762395967254
"15103",9898,0.0132551678052179
"15104",9897,0.0128128024752991
"15105",9896,0.012434895490331
"15106",9895,0.01211151111858
"15107",9894,0.0118773070853375
"15108",9893,0.011698523620518
"15109",9892,0.0115749557299545
"15110",9891,0.0115063241998883
"15111",9890,0.011492241299971
"15112",9889,0.0115237532728139
"15113",9888,0.0115953866908539
"15114",9887,0.0117065689815738
"15115",9886,0.0118565925156967
"15116",9885,0.0120362577181515
"15117",9884,0.0121717345406431
"15118",9883,0.012320737785988
"15119",9882,0.0124829977936451
"15120",9881,0.0126582137779225
"15121",9880,0.0128460534105206
"15122",9879,0.012939605351072
"15123",9878,0.0130245945920345
"15124",9877,0.0131209315844995
"15125",9876,0.0132184641425713
"15126",9875,0.0133171380822788
"15127",9874,0.013192260182705
"15128",9873,0.0130696037905579
"15129",9872,0.0129596367761094
"15130",9871,0.0128421429326007
"15131",9870,0.0127271931697445
"15132",9869,0.0126341251510874
"15133",9868,0.0125468183989796
"15134",9867,0.012465301623005
"15135",9866,0.0123895986410134
"15136",9865,0.0123197284868349
"15137",9864,0.0122440600076911
"15138",9863,0.0121700668915704
"15139",9862,0.0120977917940668
"15140",9861,0.0120272763315973
"15141",9860,0.0119585610567236
"15142",9859,0.0119208913378549
"15143",9858,0.0118834984361131
"15144",9857,0.0118463888428032
"15145",9856,0.0118095689852648
"15146",9855,0.0117730452246038
"15147",9854,0.0117677359410988
"15148",9853,0.0117636054591835
"15149",9852,0.0117714173990731
"15150",9851,0.0117706046665547
"15151",9850,0.0117710324634388
"15152",9849,0.0117271410675009
"15153",9848,0.0116869165053411
"15154",9847,0.011650381480106
"15155",9846,0.011617557364277
"15156",9845,0.0115884642421077
"15157",9844,0.0115271751867353
"15158",9843,0.0114742707597324
"15159",9842,0.0114298647459933
"15160",9841,0.011394060568154
"15161",9840,0.0113669515575229
"15162",9839,0.011395713620625
"15163",9838,0.0114308933798032
"15164",9837,0.0114724922744084
"15165",9836,0.0115205122231464
"15166",9835,0.0115749557299545
"15167",9834,0.011614022022662
"15168",9833,0.0116543271100148
"15169",9832,0.0116958720174987
"15170",9831,0.0117386578190997
"15171",9830,0.0117826856236029
"15172",9829,0.0117471779822657
"15173",9828,0.0117121585907925
"15174",9827,0.01167762699632
"15175",9826,0.0116435827281842
"15176",9825,0.0116100253027275
"15177",9824,0.011614022022662
"15178",9823,0.0116203756495166
"15179",9822,0.0116290708987287
"15180",9821,0.0116400915011548
"15181",9820,0.011653420191992
"15182",9819,0.0116993569481044
"15183",9818,0.0117469397231731
"15184",9817,0.0117961344001508
"15185",9816,0.0118469055196421
"15186",9815,0.0118992163130637
"15187",9814,0.0119530287399841
"15188",9813,0.0120083035295172
"15189",9812,0.0120650002256209
"15190",9811,0.0121230772361296
"15191",9810,0.0121824918853248
"15192",9809,0.012153008864023
"15193",9808,0.0121240027360286
"15194",9807,0.0120954735908581
"15195",9806,0.01206742148482
"15196",9805,0.0120398464449488
"15197",9804,0.0119825319307564
"15198",9803,0.0119259213443842
"15199",9802,0.0118700251526917
"15200",9801,0.011814853557973
"15201",9800,0.0117604165110534
"15202",9799,0.011733476487155
"15203",9798,0.0117067237245606
"15204",9797,0.0116801594023132
"15205",9796,0.0116537846862258
"15206",9795,0.0116276007292901
"15207",9794,0.0116296721222755
"15208",9793,0.0116319804543174
"15209",9792,0.0116345254955799
"15210",9791,0.0116373070123989
"15211",9790,0.011640324767239
"15212",9789,0.0116250087685188
"15213",9788,0.0116121650258763
"15214",9787,0.0116017931748203
"15215",9786,0.0115938929634064
"15216",9785,0.0115884642421077
"15217",9784,0.0115931620404389
"15218",9783,0.01160202905885
"15219",9782,0.0116150624845275
"15220",9781,0.0116322592137868
"15221",9780,0.0116536157713644
"15222",9779,0.011683007809059
"15223",9778,0.0117287840956379
"15224",9777,0.0117806639116104
"15225",9776,0.0118386483420117
"15226",9775,0.0119027340461279
"15227",9774,0.0119935496919737
"15228",9773,0.0120898151898465
"15229",9772,0.0121914663642906
"15230",9771,0.0122984341440581
"15231",9770,0.0124011734395445
"15232",9769,0.0125384570668274
"15233",9768,0.0126802290721505
"15234",9767,0.0128263288686546
"15235",9766,0.0129765894834624
"15236",9765,0.0131308377368562
"15237",9764,0.0132144538209813
"15238",9763,0.0132996831999041
"15239",9762,0.0133865023500884
"15240",9761,0.0134748870632013
"15241",9760,0.0135648124471324
"15242",9759,0.0136562529273517
"15243",9758,0.0137491822486097
"15244",9757,0.0138435734769944
"15245",9756,0.0139393990023546
"15246",9755,0.0140366305410971
"15247",9754,0.0140693485163017
"15248",9753,0.0141022184147507
"15249",9752,0.0141352391393718
"15250",9751,0.0141684095848924
"15251",9750,0.0142017286378587
"15252",9749,0.0142645942062103
"15253",9748,0.014327389021882
"15254",9747,0.0143900814012634
"15255",9746,0.0144526400877369
"15256",9745,0.0145150342898393
"15257",9744,0.0145625989020561
"15258",9743,0.0146100815936957
"15259",9742,0.0146574745926989
"15260",9741,0.0147047701890674
"15261",9740,0.0147519607378243
"15262",9739,0.014770834803574
"15263",9738,0.0147901316928728
"15264",9737,0.0148098518390402
"15265",9736,0.0148299956141355
"15266",9735,0.0148505633285069
"15267",9734,0.0148715552303318
"15268",9733,0.0148929715051586
"15269",9732,0.0149148122754436
"15270",9731,0.0149370776000811
"15271",9730,0.0149597674739332
"15272",9729,0.0149952798373087
"15273",9728,0.0150309104586127
"15274",9727,0.0150666580588049
"15275",9726,0.0151025213515733
"15276",9725,0.0151384990433711
"15277",9724,0.0152224082550895
"15278",9723,0.0153062296873767
"15279",9722,0.015389937034823
"15280",9721,0.0154735041426523
"15281",9720,0.0155569050235754
"15282",9719,0.0156298284467475
"15283",9718,0.0157031255862666
"15284",9717,0.0157767854756044
"15285",9716,0.0158507970478104
"15286",9715,0.0159251491369587
"15287",9714,0.0160287097495617
"15288",9713,0.0161339268019705
"15289",9712,0.0162407718647264
"15290",9711,0.016349215326002
"15291",9710,0.0164592263826536
"15292",9709,0.0165769403498313
"15293",9708,0.0166951829023476
"15294",9707,0.0168139120983811
"15295",9706,0.0169330855761153
"15296",9705,0.0170526605689514
"15297",9704,0.0172626532077088
"15298",9703,0.0174680536942458
"15299",9702,0.017668452095637
"15300",9701,0.0178634639912007
"15301",9700,0.0180527317718367
"15302",9699,0.0183120371215256
"15303",9698,0.0185650479815842
"15304",9697,0.0188111629067128
"15305",9696,0.0190498137174106
"15306",9695,0.0192804673767408
"15307",9694,0.0196666835643792
"15308",9693,0.0200478276221942
"15309",9692,0.0204218263366312
"15310",9691,0.0207865940297156
"15311",9690,0.0211400454571269
"15312",9689,0.0214889274610863
"15313",9688,0.0218152264126388
"15314",9687,0.0221167930069661
"15315",9686,0.022391629757595
"15316",9685,0.0226379082413137
"15317",9684,0.0227654363978587
"15318",9683,0.0228671843116835
"15319",9682,0.0229432046430961
"15320",9681,0.0229936867121671
"15321",9680,0.0230189483412958
"15322",9679,0.023084148895434
"15323",9678,0.0231439373542225
"15324",9677,0.023198169974217
"15325",9676,0.0232467088024237
"15326",9675,0.0232894220298145
"15327",9674,0.0233533444521041
"15328",9673,0.0234168156131192
"15329",9672,0.0234798040508461
"15330",9671,0.0235422779618221
"15331",9670,0.023594393546111
"15332",9669,0.023625553957887
"15333",9668,0.0236563669940111
"15334",9667,0.0236868251987414
"15335",9666,0.0237169211166577
"15336",9665,0.0237466472953137
"15337",9664,0.0237701155057091
"15338",9663,0.0237867441050496
"15339",9662,0.0237964430579244
"15340",9661,0.0237991316314641
"15341",9660,0.0237947387048076
"15342",9659,0.0237077467202383
"15343",9658,0.0236086441666086
"15344",9657,0.0234977918960402
"15345",9656,0.023375569398242
"15346",9655,0.0232423727925971
"15347",9654,0.0232101241404787
"15348",9653,0.0231769306154875
"15349",9652,0.0231427983775342
"15350",9651,0.0231077337374802
"15351",9650,0.0230717431548773
"15352",9649,0.0231868242132683
"15353",9648,0.0232968273506967
"15354",9647,0.0234015729440865
"15355",9646,0.0235008835658462
"15356",9645,0.0235945844276816
"15357",9644,0.0236764165072995
"15358",9643,0.0237456139250188
"15359",9642,0.023802004695358
"15360",9641,0.0238454452759803
"15361",9640,0.0238758213278764
"15362",9639,0.0238551769961058
"15363",9638,0.0238319053942096
"15364",9637,0.023806044824948
"15365",9636,0.0237776348980775
"15366",9635,0.0237467164707814
"15367",9634,0.0237172026079503
"15368",9633,0.023686558838244
"15369",9632,0.0236548043019805
"15370",9631,0.0236219582166848
"15371",9630,0.0235880398629476
"15372",9629,0.0236057816014107
"15373",9628,0.0236168288493432
"15374",9627,0.0236210982730207
"15375",9626,0.0236185155458896
"15376",9625,0.0236090156375245
"15377",9624,0.0235622574049651
"15378",9623,0.0235145886293727
"15379",9622,0.0234660299692254
"15380",9621,0.0234166020053675
"15381",9620,0.0233663252301412
"15382",9619,0.0234267400005538
"15383",9618,0.0234851781486053
"15384",9617,0.0235415917144514
"15385",9616,0.0235959329192816
"15386",9615,0.0236481542179251
"15387",9614,0.0236322915396806
"15388",9613,0.0236151450276203
"15389",9612,0.0235967319749227
"15390",9611,0.0235770700096104
"15391",9610,0.0235561770785107
"15392",9609,0.0235910691337382
"15393",9608,0.0236185155458896
"15394",9607,0.0236383236171826
"15395",9606,0.0236503130555368
"15396",9605,0.023654316946076
"15397",9604,0.0235556942834403
"15398",9603,0.0234409531535839
"15399",9602,0.0233104503681433
"15400",9601,0.0231645851970841
"15401",9600,0.0229942090753435
"15402",9599,0.0228182190353038
"15403",9598,0.0226329575878394
"15404",9597,0.0224389083121501
"15405",9596,0.022236558652747
"15406",9595,0.0220263980831895
"15407",9594,0.0219148857380483
"15408",9593,0.0218004813058192
"15409",9592,0.0216832615935998
"15410",9591,0.0215633045329681
"15411",9590,0.0214406890873828
"15412",9589,0.0214096291976071
"15413",9588,0.0213784094056284
"15414",9587,0.0213470309717415
"15415",9586,0.021315495159366
"15416",9585,0.0212838032349539
"15417",9584,0.0213784094056284
"15418",9583,0.0214715878178749
"15419",9582,0.0215633045329681
"15420",9581,0.0216535258872667
"15421",9580,0.021742218514256
"15422",9579,0.0218865527829639
"15423",9578,0.0220263980831895
"15424",9577,0.0221616064831993
"15425",9576,0.0222920332454809
"15426",9575,0.0224175371041667
"15427",9574,0.022679107523963
"15428",9573,0.0229271359826219
"15429",9572,0.0231707871012328
"15430",9571,0.023389122383094
"15431",9570,0.0235904910598127
"15432",9569,0.0236788592673225
"15433",9568,0.0237579697911314
"15434",9567,0.0238276787259525
"15435",9566,0.0238878572831451
"15436",9565,0.0239383922590394
"15437",9564,0.0238878572831451
"15438",9563,0.0238276787259525
"15439",9562,0.0237579697911314
"15440",9561,0.0236788592673225
"15441",9560,0.0235904910598127
"15442",9559,0.0232562659003795
"15443",9558,0.0228685823836782
"15444",9557,0.0224209863064249
"15445",9556,0.0219197232745625
"15446",9555,0.0213616260873776
"15447",9554,0.0205321987801863
"15448",9553,0.0196425534700156
"15449",9552,0.0186994382765221
"15450",9551,0.0177212776470754
"15451",9550,0.0167253908869008
"15452",9549,0.0153969026303462
"15453",9548,0.0140965561396155
"15454",9547,0.0128612586528272
"15455",9546,0.0116914646584989
"15456",9545,0.0106072417043763
"15457",9544,0.00942985163890473
"15458",9543,0.00838679117241483
"15459",9542,0.00747667525378829
"15460",9541,0.00669413718598282
"15461",9540,0.00603217709790256
"15462",9539,0.00549168597543339
"15463",9538,0.00505868025941929
"15464",9537,0.00472962176717935
"15465",9536,0.00450250696990129
"15466",9535,0.00437629204736703
"15467",9534,0.00434712542391666
"15468",9533,0.004402943454101
"15469",9532,0.00453870654410865
"15470",9531,0.00473743358456758
"15471",9530,0.00499998733991485
"15472",9529,0.0052332802423105
"15473",9528,0.00549679931192972
"15474",9527,0.00577906678265517
"15475",9526,0.00609283825735177
"15476",9525,0.00642352579443858
"15477",9524,0.00661437641328049
"15478",9523,0.00680826999075055
"15479",9522,0.0070044118911843
"15480",9521,0.00720203473615091
"15481",9520,0.00740040898465277
"15482",9519,0.00740045448967069
"15483",9518,0.00740051840908735
"15484",9517,0.00740060097169818
"15485",9516,0.00740070239864844
"15486",9515,0.00740082290331834
"15487",9514,0.00723239866455894
"15488",9513,0.00706455200021243
"15489",9512,0.00689771994780689
"15490",9511,0.00673236025182804
"15491",9510,0.00656894698015046
"15492",9509,0.00644573009754563
"15493",9508,0.00632351792334378
"15494",9507,0.00620252064096265
"15495",9506,0.00608295509631691
"15496",9505,0.00596504355131886
"15497",9504,0.00594321147539245
"15498",9503,0.00592165202589435
"15499",9502,0.00590036700426424
"15500",9501,0.00587935812864436
"15501",9500,0.00585862703499703
"15502",9499,0.00592343127535421
"15503",9498,0.00598871560762539
"15504",9497,0.0060544402126005
"15505",9496,0.00612056612344025
"15506",9495,0.00618705529431356
"15507",9494,0.0063258211915782
"15508",9493,0.00646803533487197
"15509",9492,0.00661332239969335
"15510",9491,0.00676129824903572
"15511",9490,0.0069115728167379
"15512",9489,0.00712041020235725
"15513",9488,0.00733060299647598
"15514",9487,0.00754131936858706
"15515",9486,0.00775179311184826
"15516",9485,0.00796133352243408
"15517",9484,0.00817039721679913
"15518",9483,0.00837784933218682
"15519",9482,0.00857430487060657
"15520",9481,0.00877838772163837
"15521",9480,0.00897919172392067
"15522",9479,0.00916355011218229
"15523",9478,0.00934470533144325
"15524",9477,0.00952258808372335
"15525",9476,0.00969718794941847
"15526",9475,0.00987889971758902
"15527",9474,0.0100220284473069
"15528",9473,0.0101631936911201
"15529",9472,0.0103023648508261
"15530",9471,0.0104394579962829
"15531",9470,0.0105743292607657
"15532",9469,0.0106881162406985
"15533",9468,0.0108004672466904
"15534",9467,0.0109113609992922
"15535",9466,0.0110207570682495
"15536",9465,0.0111285919655556
"15537",9464,0.0112197845490557
"15538",9463,0.0113086201781137
"15539",9462,0.0113948150681554
"15540",9461,0.0114780658475544
"15541",9460,0.0115580523650255
"15542",9459,0.0116038383540497
"15543",9458,0.0116469998085674
"15544",9457,0.0116873911641464
"15545",9456,0.0117248746639946
"15546",9455,0.011759321461397
"15547",9454,0.0117835508114707
"15548",9453,0.0118052832955669
"15549",9452,0.0118244626400954
"15550",9451,0.0118410405175075
"15551",9450,0.0118549767452327
"15552",9449,0.0118738259016492
"15553",9448,0.0118925641404099
"15554",9447,0.0119111897656397
"15555",9446,0.0119297009821896
"15556",9445,0.0119480958904037
"15557",9444,0.011971493508999
"15558",9443,0.0119945463298126
"15559",9442,0.0120172448897383
"15560",9441,0.0120395792728025
"15561",9440,0.0120615390978073
"15562",9439,0.0120745092670667
"15563",9438,0.0120851545951995
"15564",9437,0.0120934409883151
"15565",9436,0.0120993387202233
"15566",9435,0.0121028225475378
"15567",9434,0.0121330680985231
"15568",9433,0.0121559235264861
"15569",9432,0.012170977416763
"15570",9431,0.0121778243740742
"15571",9430,0.0121760703658517
"15572",9429,0.0121684459395784
"15573",9428,0.0121451099947004
"15574",9427,0.0121051750426362
"15575",9426,0.0120478369792002
"15576",9425,0.0119724038897408
"15577",9424,0.011853894830643
"15578",9423,0.0117211966218068
"15579",9422,0.0115751098292091
"15580",9421,0.0114165705563927
"15581",9420,0.0112466378279325
"15582",9419,0.0111656906059682
"15583",9418,0.0110790331155555
"15584",9417,0.0109866808892685
"15585",9416,0.010888675697856
"15586",9415,0.010785087233744
"15587",9414,0.0106986793329471
"15588",9413,0.0106107613803916
"15589",9412,0.010521435219873
"15590",9411,0.0104308053595076
"15591",9410,0.0103389787509669
"15592",9409,0.0101109297026155
"15593",9408,0.00988049848610187
"15594",9407,0.00964934179402615
"15595",9406,0.00941908300340735
"15596",9405,0.00919129238707347
"15597",9404,0.00889306326589826
"15598",9403,0.00860421361646278
"15599",9402,0.00832781477357413
"15600",9401,0.00806658698851216
"15601",9400,0.00782285660235179
"15602",9399,0.00764378264370317
"15603",9398,0.00748327192268409
"15604",9397,0.00734112422181781
"15605",9396,0.00721685331679623
"15606",9395,0.00710972084280714
"15607",9394,0.00708232201433428
"15608",9393,0.00705563256684542
"15609",9392,0.00702965419417321
"15610",9391,0.00700438812429364
"15611",9390,0.00697983512125221
"15612",9389,0.00700904175683593
"15613",9388,0.00704119662072725
"15614",9387,0.00707644844744267
"15615",9386,0.00711494123871089
"15616",9385,0.00715681338263908
"15617",9384,0.00724459829160077
"15618",9383,0.00733766897047899
"15619",9382,0.00743589441236284
"15620",9381,0.00753911752205126
"15621",9380,0.00764715554536532
"15622",9379,0.00766634942775107
"15623",9378,0.00768602992498411
"15624",9377,0.00770620259778119
"15625",9376,0.00772687282120393
"15626",9375,0.00774804577652024
"15627",9374,0.00767270245044177
"15628",9373,0.00759763901501764
"15629",9372,0.00752297077201388
"15630",9371,0.00744881481133451
"15631",9370,0.00737528961832399
"15632",9369,0.0074308135272013
"15633",9368,0.00748770800024694
"15634",9367,0.00754594454508305
"15635",9366,0.00760549284978932
"15636",9365,0.00766632081009338
"15637",9364,0.00783890792162364
"15638",9363,0.0080160005178837
"15639",9362,0.00819656524982093
"15640",9361,0.00837956031518748
"15641",9360,0.00856394740561921
"15642",9359,0.0087236571176759
"15643",9358,0.0088859473382471
"15644",9357,0.00905023541767008
"15645",9356,0.00921592179871695
"15646",9355,0.00938239396458617
"15647",9354,0.00951108917819874
"15648",9353,0.00963679706953022
"15649",9352,0.00975924325414555
"15650",9351,0.00987817874008294
"15651",9350,0.00999338008290029
"15652",9349,0.0101373061150741
"15653",9348,0.0102821458469178
"15654",9347,0.0104274103823659
"15655",9346,0.0105725866523073
"15656",9345,0.0107171402615435
"15657",9344,0.0108211663204573
"15658",9343,0.0109238331525031
"15659",9342,0.0110249323347157
"15660",9341,0.0111242563513268
"15661",9340,0.0112215993976508
"15662",9339,0.011241393070899
"15663",9338,0.0112605994623071
"15664",9337,0.0112792228677989
"15665",9336,0.0112972677757363
"15666",9335,0.0113147388554414
"15667",9334,0.0112372940352497
"15668",9333,0.0111584459094734
"15669",9332,0.0110783139050111
"15670",9331,0.0109970181471607
"15671",9330,0.0109146791171964
"15672",9329,0.0107627653700579
"15673",9328,0.0106088548187481
"15674",9327,0.0104536589870292
"15675",9326,0.0102978694331974
"15676",9325,0.0101421525712123
"15677",9324,0.00997071216649204
"15678",9323,0.00980055381037734
"15679",9322,0.0096324441458902
"15680",9321,0.00946709549238469
"15681",9320,0.00930516171631447
"15682",9319,0.00917530180033195
"15683",9318,0.00904452714002894
"15684",9317,0.0089132050250845
"15685",9316,0.00878171108502467
"15686",9315,0.0086504274072779
"15687",9314,0.00854648873588872
"15688",9313,0.0084417606823008
"15689",9312,0.00833646394995604
"15690",9311,0.00823082884639067
"15691",9310,0.00812509449904699
"15692",9309,0.00802665724354805
"15693",9308,0.00792946265298357
"15694",9307,0.00783369399726613
"15695",9306,0.00773953228238889
"15696",9305,0.00764715554536532
"15697",9304,0.00758796250250421
"15698",9303,0.00753106968245521
"15699",9302,0.00747647000858521
"15700",9301,0.00742415176599458
"15701",9300,0.00737409877179689
"15702",9299,0.00729539722745956
"15703",9298,0.00721918807822034
"15704",9297,0.00714560421348093
"15705",9296,0.00707477137815052
"15706",9295,0.00700680762753792
"15707",9294,0.00693302212695671
"15708",9293,0.00685394615014729
"15709",9292,0.00678923025142555
"15710",9291,0.00672893222314091
"15711",9290,0.00667313894649393
"15712",9289,0.00664092783984223
"15713",9288,0.00661483783055182
"15714",9287,0.00659440176280066
"15715",9286,0.00657913953281433
"15716",9285,0.00656856226066505
"15717",9284,0.00655145548213762
"15718",9283,0.00654004706758096
"15719",9282,0.00653380742956928
"15720",9281,0.00653219180746391
"15721",9280,0.00653464483121989
"15722",9279,0.00652988443921337
"15723",9278,0.00653169626296006
"15724",9277,0.00653946616012962
"15725",9276,0.00655253064621284
"15726",9275,0.0065701839227357
"15727",9274,0.00659481286919529
"15728",9273,0.00661943018459605
"15729",9272,0.00664332623409781
"15730",9271,0.00666582532409317
"15731",9270,0.00668628930800617
"15732",9269,0.00669859373090697
"15733",9268,0.00670592812797085
"15734",9267,0.00670808149076072
"15735",9266,0.0067048954755127
"15736",9265,0.00669626176365381
"15737",9264,0.00668284426987298
"15738",9263,0.00666552219392008
"15739",9262,0.00664434602377783
"15740",9261,0.00661938321679421
"15741",9260,0.00660108162361438
"15742",9259,0.00659382882146501
"15743",9258,0.00658604442083832
"15744",9257,0.00657771510155096
"15745",9256,0.00656882816363629
"15746",9255,0.00655937153328047
"15747",9254,0.00655780526679458
"15748",9253,0.00654651329320759
"15749",9252,0.00654517883934577
"15750",9251,0.00654363407315257
"15751",9250,0.00654186368706401
"15752",9249,0.00654556631061785
"15753",9248,0.00654928310285985
"15754",9247,0.00655301193114547
"15755",9246,0.006556750631618
"15756",9245,0.00656049701028718
"15757",9244,0.00657671984184094
"15758",9243,0.00659288829323571
"15759",9242,0.00660899618327308
"15760",9241,0.00662503721579908
"15761",9240,0.00664100498310317
"15762",9239,0.00664593159380781
"15763",9238,0.00665066757057682
"15764",9237,0.00665521400604711
"15765",9236,0.00665957204002645
"15766",9235,0.006663742859453
"15767",9234,0.0066677276983421
"15768",9233,0.0066715278377203
"15769",9232,0.00667514460554654
"15770",9231,0.00666867805520801
"15771",9230,0.00667209507412484
"15772",9229,0.00668315947785659
"15773",9228,0.00669366102314039
"15774",9227,0.00670359471372047
"15775",9226,0.00671295583824849
"15776",9225,0.00672173998105401
"15777",9224,0.00672994303293395
"15778",9223,0.00673756120194966
"15779",9222,0.00674459102422031
"15780",9221,0.00675102937470056
"15781",9220,0.00675687347793051
"15782",9219,0.00676766629723594
"15783",9218,0.00677801354301405
"15784",9217,0.00678790629677293
"15785",9216,0.00679733583564618
"15786",9215,0.00680629365089102
"15787",9214,0.00681144846082792
"15788",9213,0.00681660545977162
"15789",9212,0.00682176395050239
"15790",9211,0.00682692322590032
"15791",9210,0.00683208256915188
"15792",9209,0.00682430321972774
"15793",9208,0.00681565940899084
"15794",9207,0.00680616311000581
"15795",9206,0.00679582702952141
"15796",9205,0.00678466456132247
"15797",9204,0.00678868079433129
"15798",9203,0.00679012476075092
"15799",9202,0.00678879000654725
"15800",9201,0.00678448240115169
"15801",9200,0.00677702098376566
"15802",9199,0.00676454429574546
"15803",9198,0.0067370481561788
"15804",9197,0.006703779125527
"15805",9196,0.00666468080260415
"15806",9195,0.00661973032098899
"15807",9194,0.00658295873157094
"15808",9193,0.00654415476907297
"15809",9192,0.00650336827471032
"15810",9191,0.00646065186419988
"15811",9190,0.00641606072911859
"15812",9189,0.00642884595690589
"15813",9188,0.00644141192984597
"15814",9187,0.00645375785757276
"15815",9186,0.00646588299414977
"15816",9185,0.00647778663849464
"15817",9184,0.00654798672834248
"15818",9183,0.00661271015499839
"15819",9182,0.00667170081822297
"15820",9181,0.00672472566053733
"15821",9180,0.00677157756673784
"15822",9179,0.00679143133825894
"15823",9178,0.00681082419969495
"15824",9177,0.00681978258237578
"15825",9176,0.00681910499726236
"15826",9175,0.00680971946526715
"15827",9174,0.00678790299187801
"15828",9173,0.00677298890933502
"15829",9172,0.00674515103530583
"15830",9171,0.00671570666917197
"15831",9170,0.00668628930800617
"15832",9169,0.0066698544412407
"15833",9168,0.00665176888784423
"15834",9167,0.00663236920730803
"15835",9166,0.00661201131422698
"15836",9165,0.00659106938631428
"15837",9164,0.00658464066016146
"15838",9163,0.00657834491521791
"15839",9162,0.00657219746742564
"15840",9161,0.00656621364850437
"15841",9160,0.00656040879658477
"15842",9159,0.0065642580552003
"15843",9158,0.00656818912705596
"15844",9157,0.00657219746742564
"15845",9156,0.0065762785316058
"15846",9155,0.00658042777616131
"15847",9154,0.00659393819169468
"15848",9153,0.00660903882469991
"15849",9152,0.00662552231595233
"15850",9151,0.00664317619600773
"15851",9150,0.00666178382398112
"15852",9149,0.00669427717003667
"15853",9148,0.00672978861634558
"15854",9147,0.006767261166334
"15855",9146,0.00680560574542755
"15856",9145,0.00683495211892714
"15857",9144,0.00686364030245033
"15858",9143,0.00688486386970653
"15859",9142,0.00689780486430833
"15860",9141,0.00690174985258048
"15861",9140,0.00689609319767541
"15862",9139,0.00688991336219512
"15863",9138,0.00687655548972966
"15864",9137,0.00685568588174979
"15865",9136,0.00683742453919095
"15866",9135,0.00680171253352595
"15867",9134,0.006739815445588
"15868",9133,0.00666862577319016
"15869",9132,0.00658842477638681
"15870",9131,0.00649955211412812
"15871",9130,0.00640240038008794
"15872",9129,0.00626517926330539
"15873",9128,0.00611141642115453
"15874",9127,0.00594220816981415
"15875",9126,0.00575134950945283
"15876",9125,0.0055573736201331
"15877",9124,0.00537097652952294
"15878",9123,0.00517904523207202
"15879",9122,0.00498289572425673
"15880",9121,0.00478382168821087
"15881",9120,0.00458308305362251
"15882",9119,0.00455699891475144
"15883",9118,0.0045307245364465
"15884",9117,0.00450426516590053
"15885",9116,0.00447762611818915
"15886",9115,0.00445081277380917
"15887",9114,0.00450472804774037
"15888",9113,0.00455826308554388
"15889",9112,0.00461138792716207
"15890",9111,0.00466407286654651
"15891",9110,0.00471628848416621
"15892",9109,0.00479572242699391
"15893",9108,0.00487469139139595
"15894",9107,0.00495311452365564
"15895",9106,0.00503091052270663
"15896",9105,0.00510799776207391
"15897",9104,0.00514625003027082
"15898",9103,0.00518429441462467
"15899",9102,0.00522212067627655
"15900",9101,0.00525971857986444
"15901",9100,0.00529707789762125
"15902",9099,0.00527219870009725
"15903",9098,0.00524721194999844
"15904",9097,0.00522212067627655
"15905",9096,0.00519692790992554
"15906",9095,0.00517163668343927
"15907",9094,0.00506735039191008
"15908",9093,0.0049623481064939
"15909",9092,0.00485682353041016
"15910",9091,0.00475096605556921
"15911",9090,0.00464496037106449
"15912",9089,0.00446090710595348
"15913",9088,0.00427496309212569
"15914",9087,0.0040881427157555
"15915",9086,0.00390143871265554
"15916",9085,0.00371581406806899
"15917",9084,0.00356371291974074
"15918",9083,0.00341560734038022
"15919",9082,0.00327185232339685
"15920",9081,0.00313276362901394
"15921",9080,0.00299861887722988
"15922",9079,0.00293812417472708
"15923",9078,0.00287814619486343
"15924",9077,0.00281872509965
"15925",9076,0.00275990006692588
"15926",9075,0.0027017092454862
"15927",9074,0.0027017092454862
"15928",9073,0.0027017092454862
"15929",9072,0.0027017092454862
"15930",9071,0.0027017092454862
"15931",9070,0.0027017092454862
"15932",9069,0.00273074248181753
"15933",9068,0.0027601989336905
"15934",9067,0.00279007744326364
"15935",9066,0.00282037669366489
"15936",9065,0.00285109520469693
"15937",9064,0.00288549525200502
"15938",9063,0.00292017562544069
"15939",9062,0.00295513105433163
"15940",9061,0.00299035613641816
"15941",9060,0.00302584533806059
"15942",9059,0.0031515621782528
"15943",9058,0.00327895396473574
"15944",9057,0.00340765880697891
"15945",9056,0.00353730268761947
"15946",9055,0.00366750146148781
"15947",9054,0.00384656982927031
"15948",9053,0.00402771318336356
"15949",9052,0.0042100904540171
"15950",9051,0.00439281991321825
"15951",9050,0.00457498464485297
"15952",9049,0.00474280546001963
"15953",9048,0.00490854909605354
"15954",9047,0.00507142918453416
"15955",9046,0.00523065314142525
"15956",9045,0.00538542776954107
"15957",9044,0.00545108946350186
"15958",9043,0.00551663135286145
"15959",9042,0.00558198954410587
"15960",9041,0.0056470983862191
"15961",9040,0.00571189053370527
"15962",9039,0.00562484290292289
"15963",9038,0.00553473343484708
"15964",9037,0.00544174473303498
"15965",9036,0.00534606568331337
"15966",9035,0.00524789080917381
"15967",9034,0.00501472926618077
"15968",9033,0.00477546589877412
"15969",9032,0.00453233599619049
"15970",9031,0.00428752220220913
"15971",9030,0.00404312694651984
"15972",9029,0.0037331361934354
"15973",9028,0.00342964022572307
"15974",9027,0.00313637105556427
"15975",9026,0.00285664424675018
"15976",9025,0.00259331868774796
"15977",9024,0.00240314912053658
"15978",9023,0.00222569757794284
"15979",9022,0.00206159947936545
"15980",9021,0.00191132624420859
"15981",9020,0.00177519551993039
"15982",9019,0.0016857786793125
"15983",9018,0.00160385682211253
"15984",9017,0.00152942143116425
"15985",9016,0.00146243443562797
"15986",9015,0.00140283101813536
"15987",9014,0.00132881063684511
"15988",9013,0.00127001210009762
"15989",9012,0.00122599988019411
"15990",9011,0.00119627561905186
"15991",9010,0.00118029310907743
"15992",9009,0.00117716665266916
"15993",9008,0.00118414462938769
"15994",9007,0.00120078592645776
"15995",9006,0.00122664489578567
"15996",9005,0.00126127502048335
"15997",9004,0.00129075912972638
"15998",9003,0.00132423672635589
"15999",9002,0.00136155370394313
"16000",9001,0.00140255727715641
"16001",9000,0.00145852964600232
"16002",8999,0.00155569555531788
"16003",8998,0.00166473389354556
"16004",8997,0.00178527933850927
"16005",8996,0.00191709893862579
"16006",8995,0.00207377506524986
"16007",8994,0.00225830275192641
"16008",8993,0.002460458099688
"16009",8992,0.00268184601039169
"16010",8991,0.00292455620074232
"16011",8990,0.00320351529233504
"16012",8989,0.00339258449640644
"16013",8988,0.00360722564720745
"16014",8987,0.00383609099297225
"16015",8986,0.00408050458571547
"16016",8985,0.00434188456512275
"16017",8984,0.00457930761619759
"16018",8983,0.00483110272670969
"16019",8982,0.00509816344714199
"16020",8981,0.00538136230456735
"16021",8980,0.0056815323673332
"16022",8979,0.00594747007766137
"16023",8978,0.00622675286110666
"16024",8977,0.00651989915912169
"16025",8976,0.00682738542645805
"16026",8975,0.00714963439124959
"16027",8974,0.00737879375153119
"16028",8973,0.00761531582795871
"16029",8972,0.0078593049885568
"16030",8971,0.00811084523398654
"16031",8970,0.00836999782760607
"16032",8969,0.00846961979892117
"16033",8968,0.00857001654016326
"16034",8967,0.00867116521782564
"16035",8966,0.00877304208886513
"16036",8965,0.00887562251814356
"16037",8964,0.00867985157262811
"16038",8963,0.00848706640007807
"16039",8962,0.00829736740705602
"16040",8961,0.00811084523398654
"16041",8960,0.00792758076016895
"16042",8959,0.00773707647284611
"16043",8958,0.00755117163494729
"16044",8957,0.00736981037110944
"16045",8956,0.00719293021753657
"16046",8955,0.007020462814786
"16047",8954,0.00702947090739942
"16048",8953,0.00703853232812052
"16049",8952,0.00704764604811857
"16050",8951,0.0070568110330178
"16051",8950,0.00706602624312089
"16052",8949,0.00710098856585754
"16053",8948,0.00713609884072639
"16054",8947,0.00717135401457667
"16055",8946,0.00720675097286577
"16056",8945,0.0072422865409155
"16057",8944,0.00725896217011345
"16058",8943,0.00727576091124657
"16059",8942,0.00729268411404358
"16060",8941,0.00730973313970298
"16061",8940,0.00732690936075487
"16062",8939,0.00744305841327486
"16063",8938,0.00756066962039119
"16064",8937,0.00767971724551652
"16065",8936,0.0078001733551222
"16066",8935,0.00792200782594637
"16067",8934,0.00806441337304405
"16068",8933,0.00820895550643522
"16069",8932,0.00835562138834432
"16070",8931,0.00850439529591506
"16071",8930,0.00865525854460031
"16072",8929,0.00876488087356753
"16073",8928,0.00887503067116049
"16074",8927,0.00898564488932752
"16075",8926,0.00909665926912171
"16076",8925,0.0092080084849687
"16077",8924,0.0089727643769814
"16078",8923,0.00874049999421964
"16079",8922,0.00851150797561274
"16080",8921,0.00828606152471256
"16081",8920,0.00806441337304405
"16082",8919,0.00762472186916966
"16083",8918,0.00720465773272045
"16084",8917,0.00680481307691489
"16085",8916,0.00642548652970224
"16086",8915,0.00606670364907623
"16087",8914,0.005786206259493
"16088",8913,0.00551944495703087
"16089",8912,0.00526590816756924
"16090",8911,0.00502504530190253
"16091",8910,0.00479627753985577
"16092",8909,0.00472822871749716
"16093",8908,0.00466125090909046
"16094",8907,0.0045953264350219
"16095",8906,0.00453043758154138
"16096",8905,0.0044665666226945
"16097",8904,0.00455298520089488
"16098",8903,0.00464134260254359
"16099",8902,0.00473167318814727
"16100",8901,0.00482400969880678
"16101",8900,0.00491838309894977
"16102",8899,0.00515348481794108
"16103",8898,0.00540083672852727
"16104",8897,0.00566097714555921
"16105",8896,0.00593440991794133
"16106",8895,0.00622159371179109
"16107",8894,0.00650825855275684
"16108",8893,0.00680760085563802
"16109",8892,0.00711967289219687
"16110",8891,0.00744443509737123
"16111",8890,0.0077817488976419
"16112",8889,0.00768915344774476
"16113",8888,0.00759735503670131
"16114",8887,0.00750637083469087
"16115",8886,0.00741621713794579
"16116",8885,0.00732690936075487
"16117",8884,0.00701490741350838
"16118",8883,0.00671555157043293
"16119",8882,0.00642868266850841
"16120",8881,0.00615407795814177
"16121",8880,0.00589145918789993
"16122",8879,0.00567327910639927
"16123",8878,0.00546352593741288
"16124",8877,0.00526201705251902
"16125",8876,0.00506854305799987
"16126",8875,0.00488287152100421
"16127",8874,0.00485494638649564
"16128",8873,0.00482725162393743
"16129",8872,0.00479978411886428
"16130",8871,0.00477254081310247
"16131",8870,0.00474551870422014
"16132",8869,0.00494336678533744
"16133",8868,0.00515026961115484
"16134",8867,0.00536653399596877
"16135",8866,0.00559243733415483
"16136",8865,0.00582822205176104
"16137",8864,0.00614045375254205
"16138",8863,0.00646916692688367
"16139",8862,0.0068145850449723
"16140",8861,0.00717678855720858
"16141",8860,0.00755569912529967
"16142",8859,0.00784778459416627
"16143",8858,0.00815024820308403
"16144",8857,0.00846314092147353
"16145",8856,0.00878646158269698
"16146",8855,0.00912015155742287
"16147",8854,0.009334754317717
"16148",8853,0.00955364596817745
"16149",8852,0.00977679637581927
"16150",8851,0.0100041636812535
"16151",8850,0.0102356936551867
"16152",8849,0.0103320677706514
"16153",8848,0.0104293621820196
"16154",8847,0.0105275772996597
"16155",8846,0.0106267130145534
"16156",8845,0.0107267686770074
"16157",8844,0.0106555185419355
"16158",8843,0.010584534987745
"16159",8842,0.0105138221956635
"16160",8841,0.0104433842483143
"16161",8840,0.0103732251298038
"16162",8839,0.0100342685898266
"16163",8838,0.00970362394196387
"16164",8837,0.0093815142372152
"16165",8836,0.00906810822767983
"16166",8835,0.00876352365334345
"16167",8834,0.00825971483211907
"16168",8833,0.00778137187634121
"16169",8832,0.00732848728582359
"16170",8831,0.00690075105971424
"16171",8830,0.00649759753696202
"16172",8829,0.0061447634164189
"16173",8828,0.00581095552209009
"16174",8827,0.00549570990219033
"16175",8826,0.00519842424038368
"16176",8825,0.00491838309894977
"16177",8824,0.0047795508568601
"16178",8823,0.0046450106138408
"16179",8822,0.00451462665548007
"16180",8821,0.00438826257739936
"16181",8820,0.00426578194899386
"16182",8819,0.00432654534278173
"16183",8818,0.00438826257739936
"16184",8817,0.00445095066514613
"16185",8816,0.00451462665548007
"16186",8815,0.00457930761619759
"16187",8814,0.00472573992727269
"16188",8813,0.00487753453646759
"16189",8812,0.00503480328029275
"16190",8811,0.00519764013191167
"16191",8810,0.00536611938417024
"16192",8809,0.00542439662699482
"16193",8808,0.00548333675180633
"16194",8807,0.00554294544089849
"16195",8806,0.00560322826784084
"16196",8805,0.00566419069106051
"16197",8804,0.0056437940406172
"16198",8803,0.00562347329877262
"16199",8802,0.00560322826784084
"16200",8801,0.0055830587486077
"16201",8800,0.00556296454035715
"16202",8799,0.00553161978930159
"16203",8798,0.00550053473754508
"16204",8797,0.0054697060799888
"16205",8796,0.0054391305622444
"16206",8795,0.00540880498039151
"16207",8794,0.00541960739725364
"16208",8793,0.00543048886180872
"16209",8792,0.00544145021803319
"16210",8791,0.00545249232100762
"16211",8790,0.00546361603704695
"16212",8789,0.00554580228345681
"16213",8788,0.00562963114723094
"16214",8787,0.0057151505173839
"16215",8786,0.00580240965926669
"16216",8785,0.00589145918789993
"16217",8784,0.00610948405805852
"16218",8783,0.00633579775326348
"16219",8782,0.00657056877829045
"16220",8781,0.00681394016752628
"16221",8780,0.00706602624312089
"16222",8779,0.00748768298802883
"16223",8778,0.00793199325859461
"16224",8777,0.00839883828130768
"16225",8776,0.00888780459663908
"16226",8775,0.00939815586904487
"16227",8774,0.00983570012769873
"16228",8773,0.0102847444499147
"16229",8772,0.010744030544953
"16230",8771,0.0112121297708072
"16231",8770,0.011687450067888
"16232",8769,0.0119391318868437
"16233",8768,0.0121938365963983
"16234",8767,0.0124513865176131
"16235",8766,0.0127115880720005
"16236",8765,0.0129742315346125
"16237",8764,0.0130122206686774
"16238",8763,0.0130502285966942
"16239",8762,0.0130882544350233
"16240",8761,0.0131262972951428
"16241",8760,0.0131643562836834
"16242",8759,0.0131627384812973
"16243",8758,0.0131610841178596
"16244",8757,0.0131593941181073
"16245",8756,0.0131576694187819
"16246",8755,0.0131559109683941
"16247",8754,0.0131961186259219
"16248",8753,0.01323612248949
"16249",8752,0.0132759175501517
"16250",8751,0.0133154988631416
"16251",8750,0.013354861549663
"16252",8749,0.0133929982807683
"16253",8748,0.0134311447538492
"16254",8747,0.0134693000380068
"16255",8746,0.0135074631978153
"16256",8745,0.0135456332933615
"16257",8744,0.0134320492718315
"16258",8743,0.0133190892344435
"16259",8742,0.0132067687505082
"16260",8741,0.0130951025622589
"16261",8740,0.0129841046005937
"16262",8739,0.012756909063784
"16263",8738,0.0125294040146837
"16264",8737,0.0123018354145763
"16265",8736,0.0120744453506256
"16266",8735,0.0118474714053473
"16267",8734,0.0117366163562625
"16268",8733,0.0116261728490643
"16269",8732,0.0115161595193046
"16270",8731,0.0114065945365632
"16271",8730,0.0112974956014864
"16272",8729,0.0115527817005303
"16273",8728,0.0118104751648632
"16274",8727,0.0120703392775057
"16275",8726,0.0123321236885996
"16276",8725,0.0125955647077913
"16277",8724,0.0130483301722885
"16278",8723,0.0135059234832268
"16279",8722,0.0139669489973819
"16280",8721,0.0144298891240349
"16281",8720,0.0148931097645455
"16282",8719,0.0152368241352788
"16283",8718,0.0155774507628763
"16284",8717,0.0159141615491408
"16285",8716,0.016246116349315
"16286",8715,0.0165724668801308
"16287",8714,0.016536508951778
"16288",8713,0.0165004724824761
"16289",8712,0.0164643586427432
"16290",8711,0.0164281686029712
"16291",8710,0.0163919035333524
"16292",8709,0.0162529970582659
"16293",8708,0.0161119788589761
"16294",8707,0.0159689339311102
"16295",8706,0.0158239492050484
"16296",8705,0.0156771134229435
"16297",8704,0.0157103304061503
"16298",8703,0.0157432028168603
"16299",8702,0.0157757271630807
"16300",8701,0.0158079000551016
"16301",8700,0.0158397182061756
"16302",8699,0.0161294400357377
"16303",8698,0.0164130073638719
"16304",8697,0.016689807122033
"16305",8696,0.0169592411811768
"16306",8695,0.0172207290858452
"16307",8694,0.0174312893319117
"16308",8693,0.0176392242440909
"16309",8692,0.0178442626234114
"16310",8691,0.018046129979664
"16311",8690,0.0182548459425655
"16312",8689,0.0183618973953693
"16313",8688,0.018465759207392
"16314",8687,0.01856638243861
"16315",8686,0.0186637215205822
"16316",8685,0.0187577342870569
"16317",8684,0.018714380491877
"16318",8683,0.0186709776826627
"16319",8682,0.0186275302358953
"16320",8681,0.0185840424627785
"16321",8680,0.018540518608991
"16322",8679,0.0183736431826417
"16323",8678,0.0182016844012128
"16324",8677,0.018024853552538
"16325",8676,0.0178433668247955
"16326",8675,0.0176477282850764
"16327",8674,0.0173292836728628
"16328",8673,0.0170001593979048
"16329",8672,0.016661435432575
"16330",8671,0.0163142037974157
"16331",8670,0.0159595618554923
"16332",8669,0.0156099618395257
"16333",8668,0.0152501605884711
"16334",8667,0.0148814161978941
"16335",8666,0.0145050245017718
"16336",8665,0.0141223084615736
"16337",8664,0.01392868092469
"16338",8663,0.0137359753781161
"16339",8662,0.0135442908611794
"16340",8661,0.0133537214488202
"16341",8660,0.0131643562836834
"16342",8659,0.013354861549663
"16343",8658,0.0135456332933615
"16344",8657,0.0137365546009809
"16345",8656,0.0139275058039637
"16346",8655,0.0141183646066889
"16347",8654,0.0145373103084116
"16348",8653,0.0149538339868083
"16349",8652,0.0153665214845144
"16350",8651,0.0157739204041105
"16351",8650,0.0161745495217921
"16352",8649,0.0167161612465345
"16353",8648,0.0172420301807902
"16354",8647,0.0177482347574806
"16355",8646,0.0182411763210124
"16356",8645,0.0186973626207258
"16357",8644,0.0191235500701064
"16358",8643,0.019494812713941
"16359",8642,0.019808104511694
"16360",8641,0.0200611915068368
"16361",8640,0.0202526769033826
"16362",8639,0.0204449936156815
"16363",8638,0.0205616430387726
"16364",8637,0.0206018791830731
"16365",8636,0.020566123787148
"16366",8635,0.0204559502532876
"16367",8634,0.0203390284157726
"16368",8633,0.0201896409609828
"16369",8632,0.0200091400262249
"16370",8631,0.0197990729110148
"16371",8630,0.0195611631792093
"16372",8629,0.0195388697842505
"16373",8628,0.0195154745242002
"16374",8627,0.0194909786241848
"16375",8626,0.0194653837562567
"16376",8625,0.0194386920431639
"16377",8624,0.0195843253432456
"16378",8623,0.0197224401785643
"16379",8622,0.0198527212478431
"16380",8621,0.0199748653874026
"16381",8620,0.0200885826209369
"16382",8619,0.0202025484598502
"16383",8618,0.0203001631080195
"16384",8617,0.0203811075109436
"16385",8616,0.0204451259608983
"16386",8615,0.0204920269479919
"16387",8614,0.0205006652633756
"16388",8613,0.0205037177225377
"16389",8612,0.0205012097554354
"16390",8611,0.0204931736835345
"16391",8610,0.0204796485487257
"16392",8609,0.0204672622624238
"16393",8608,0.0204475655055442
"16394",8607,0.0204206192351427
"16395",8606,0.0203864949841489
"16396",8605,0.0203452746632845
"16397",8604,0.0202113282037348
"16398",8603,0.0200047097211177
"16399",8602,0.0197283866057416
"16400",8601,0.0193864688442453
"16401",8600,0.0189841206097588
"16402",8599,0.0183019022977459
"16403",8598,0.0175420688679788
"16404",8597,0.0167262504558262
"16405",8596,0.0158761551165106
"16406",8595,0.015012635889314
"16407",8594,0.0141691015667245
"16408",8593,0.0133431147308816
"16409",8592,0.0125562476657918
"16410",8591,0.0118181491623624
"16411",8590,0.0111353956434873
"16412",8589,0.0106984870022228
"16413",8588,0.010291342246497
"16414",8587,0.00991346280407481
"16415",8586,0.00956392536140543
"16416",8585,0.00924146277122812
"16417",8584,0.00916774605278447
"16418",8583,0.00909541818380815
"16419",8582,0.00902447622476467
"16420",8581,0.00895491559442547
"16421",8580,0.0088867301155231
"16422",8579,0.00895491559442547
"16423",8578,0.00902447622476467
"16424",8577,0.00909541818380815
"16425",8576,0.00916774605278447
"16426",8575,0.00924146277122812
"16427",8574,0.00936790817963969
"16428",8573,0.00949830968954566
"16429",8572,0.00963268609938223
"16430",8571,0.00977104471808816
"16431",8570,0.00991338086499692
"16432",8569,0.0100227101587657
"16433",8568,0.0101347733710403
"16434",8567,0.0102496225230788
"16435",8566,0.0103673073880497
"16436",8565,0.0104878752008051
"16437",8564,0.0105450397377278
"16438",8563,0.010602971206857
"16439",8562,0.0106616795019446
"16440",8561,0.0107211743984256
"16441",8560,0.0107814655380785
"16442",8559,0.0107356719751505
"16443",8558,0.0106902085407421
"16444",8557,0.0106450754834207
"16445",8556,0.0106002729806598
"16446",8555,0.0105558011397422
"16447",8554,0.0103729868335091
"16448",8553,0.0101955791709698
"16449",8552,0.0100236323120131
"16450",8551,0.00985717716541959
"16451",8550,0.00969622226171709
"16452",8549,0.00937055030185976
"16453",8548,0.00907003193216009
"16454",8547,0.00879332296173581
"16455",8546,0.00853888639164694
"16456",8545,0.00830505221178706
"16457",8544,0.00800492015654282
"16458",8543,0.00774856150566679
"16459",8542,0.00751485904632631
"16460",8541,0.00730723442418911
"16461",8540,0.00712296990141414
"16462",8539,0.00706424717614422
"16463",8538,0.00699944100376483
"16464",8537,0.00693851716019455
"16465",8536,0.00688154592134026
"16466",8535,0.00682863724406091
"16467",8534,0.00683013345078204
"16468",8533,0.00683173349091033
"16469",8532,0.00683343574894283
"16470",8531,0.0068352386130952
"16471",8530,0.00683714047637409
"16472",8529,0.00685789167048894
"16473",8528,0.00687914856408542
"16474",8527,0.00690090969550412
"16475",8526,0.00692317427101082
"16476",8525,0.00694594216228546
"16477",8524,0.00691756094761293
"16478",8523,0.00688996616530353
"16479",8522,0.00686315855309235
"16480",8521,0.00683714047637409
"16481",8520,0.00681191593465978
"16482",8519,0.00675340608614355
"16483",8518,0.00670078318776261
"16484",8517,0.00665440692109613
"16485",8516,0.00661470617255716
"16486",8515,0.00658217411400829
"16487",8514,0.00656137872298526
"16488",8513,0.00653747159296002
"16489",8512,0.00653028348216546
"16490",8511,0.00654224646387053
"16491",8510,0.00655277963661884
"16492",8509,0.00653869390270109
"16493",8508,0.00652521972594999
"16494",8507,0.00651234378582992
"16495",8506,0.00650005278005176
"16496",8505,0.00647894968858912
"16497",8504,0.00647815547619636
"16498",8503,0.00648202609823426
"16499",8502,0.00649029430172606
"16500",8501,0.00650269856669964
"16501",8500,0.00651898490299591
"16502",8499,0.00656317224819785
"16503",8498,0.00660161629459922
"16504",8497,0.00664334875031234
"16505",8496,0.00668834320154326
"16506",8495,0.00673660571359425
"16507",8494,0.00674594518123946
"16508",8493,0.00675571406468737
"16509",8492,0.00676590159421399
"16510",8491,0.00677649720767776
"16511",8490,0.00678749056561067
"16512",8489,0.00677473622237323
"16513",8488,0.00676214059246016
"16514",8487,0.00674970087762997
"16515",8486,0.00673741435671244
"16516",8485,0.00672527838863555
"16517",8484,0.00672247560622464
"16518",8483,0.00672010735333742
"16519",8482,0.0067181873388409
"16520",8481,0.00671672926143316
"16521",8480,0.00671574677119038
"16522",8479,0.00670798605673458
"16523",8478,0.00670029837761666
"16524",8477,0.00669268270157247
"16525",8476,0.0066851380085203
"16526",8475,0.00667766329125727
"16527",8474,0.00667822604495967
"16528",8473,0.00667890792701024
"16529",8472,0.00667970719410266
"16530",8471,0.00668062209964324
"16531",8470,0.0066816508949818
"16532",8469,0.0066816508949818
"16533",8468,0.0066816508949818
"16534",8467,0.0066816508949818
"16535",8466,0.0066816508949818
"16536",8465,0.0066816508949818
"16537",8464,0.00667237617024561
"16538",8463,0.00666353260172249
"16539",8462,0.006655131911392
"16540",8461,0.00664718600957356
"16541",8460,0.00663970697787193
"16542",8459,0.00660161629459922
"16543",8458,0.00656698644144668
"16544",8457,0.00652646064303538
"16545",8456,0.00650067988421967
"16546",8455,0.00647858955536156
"16547",8454,0.006466314518626
"16548",8453,0.00646308260999801
"16549",8452,0.00648139414109917
"16550",8451,0.0065032235085354
"16551",8450,0.00653807773106258
"16552",8449,0.00657782809718395
"16553",8448,0.00662493313502004
"16554",8447,0.00667983128508451
"16555",8446,0.00674296959619522
"16556",8445,0.00681480097604086
"16557",8444,0.00680372975494718
"16558",8443,0.00679278654760369
"16559",8442,0.00678197096589023
"16560",8441,0.00677128259981311
"16561",8440,0.00676072101845653
"16562",8439,0.0067418888155085
"16563",8438,0.00672393988388897
"16564",8437,0.00670685781710613
"16565",8436,0.00669062640657964
"16566",8435,0.00667522964356134
"16567",8434,0.00668540219839241
"16568",8433,0.00669594335171945
"16569",8432,0.00670685781710613
"16570",8431,0.00671815034782793
"16571",8430,0.00672982573663612
"16572",8429,0.00677957513254274
"16573",8428,0.00683945835970872
"16574",8427,0.00691023203583361
"16575",8426,0.00699270044703626
"16576",8425,0.0070877155592505
"16577",8424,0.00730694274269635
"16578",8423,0.00758277079817901
"16579",8422,0.0079067318728125
"16580",8421,0.0083046774250464
"16581",8420,0.00874472050684833
"16582",8419,0.00919490608911183
"16583",8418,0.00970062826023164
"16584",8417,0.0102649132339409
"16585",8416,0.0108903888825038
"16586",8415,0.0115791340110414
"16587",8414,0.0123220776006771
"16588",8413,0.0131038523123794
"16589",8412,0.0139523445728314
"16590",8411,0.0148544583521635
"16591",8410,0.0158064193970534
"16592",8409,0.0166745105466378
"16593",8408,0.0175905436504753
"16594",8407,0.0185525914815094
"16595",8406,0.0195578072075582
"16596",8405,0.0206023222577957
"16597",8404,0.0213968725864472
"16598",8403,0.0221850664420617
"16599",8402,0.0229717304724102
"16600",8401,0.0237535663067502
"16601",8400,0.0245273775372123
"16602",8399,0.0247651253917093
"16603",8398,0.02500413772499
"16604",8397,0.0252443325027003
"16605",8396,0.0254856235801909
"16606",8395,0.025727920642238
"16607",8394,0.0261815622249907
"16608",8393,0.0266274168053604
"16609",8392,0.0270649985139434
"16610",8391,0.027493887015905
"16611",8390,0.0279137295185655
"16612",8389,0.0289055237839458
"16613",8388,0.0298668578652787
"16614",8387,0.0307747627690924
"16615",8386,0.0316334856703379
"16616",8385,0.0324408642056175
"16617",8384,0.0332744724899465
"16618",8383,0.0340464055657343
"16619",8382,0.0347647380032556
"16620",8381,0.0354397587134816
"16621",8380,0.0360834150246989
"16622",8379,0.0366444958057736
"16623",8378,0.0371828678786129
"16624",8377,0.0377175160558437
"16625",8376,0.0382377520522015
"16626",8375,0.0387627105089224
"16627",8374,0.0393185955059198
"16628",8373,0.0399060905775012
"16629",8372,0.0405320007457213
"16630",8371,0.0412015623059174
"16631",8370,0.0419181950747501
"16632",8369,0.0426586861980593
"16633",8368,0.0434495696747968
"16634",8367,0.0442912839164647
"16635",8366,0.0451819590887169
"16636",8365,0.0461173187674486
"16637",8364,0.0467355108365769
"16638",8363,0.0473697485349261
"16639",8362,0.048017686189785
"16640",8361,0.0486765457390853
"16641",8360,0.0493431335814879
"16642",8359,0.0494168210880538
"16643",8358,0.0494904381492372
"16644",8357,0.0495639787558703
"16645",8356,0.0496374368737995
"16646",8355,0.0497108064446039
"16647",8354,0.0497108064446039
"16648",8353,0.0497108064446039
"16649",8352,0.0497108064446039
"16650",8351,0.0497108064446039
"16651",8350,0.0497108064446039
"16652",8349,0.0505820993893221
"16653",8348,0.0514290057765061
"16654",8347,0.0522405152806588
"16655",8346,0.0530055147522742
"16656",8345,0.0537035344831996
"16657",8344,0.0545401652415262
"16658",8343,0.0552310591028539
"16659",8342,0.0557541895756621
"16660",8341,0.0560903051734707
"16661",8340,0.0562234939809227
"16662",8339,0.0562147137916684
"16663",8338,0.0561639529880192
"16664",8337,0.0560706008443784
"16665",8336,0.0559342074436839
"16666",8335,0.0557544862359054
"16667",8334,0.0555995128378855
"16668",8333,0.0554223754380698
"16669",8332,0.0552231246745009
"16670",8331,0.05500185420794
"16671",8330,0.0547587004674484
"16672",8329,0.0540713127322859
"16673",8328,0.0532865417115557
"16674",8327,0.0524099672910112
"16675",8326,0.0514478886717886
"16676",8325,0.0504072233030227
"16677",8324,0.0494526387827905
"16678",8323,0.0484363483629729
"16679",8322,0.0473635433657385
"16680",8321,0.0462397545420001
"16681",8320,0.0450707935390443
"16682",8319,0.0440973914593409
"16683",8318,0.0431134978105894
"16684",8317,0.0421106636829115
"16685",8316,0.0410921594469576
"16686",8315,0.0400612538952098
"16687",8314,0.0395193335737567
"16688",8313,0.0389841508948351
"16689",8312,0.0384560232924779
"16690",8311,0.0379352343817673
"16691",8310,0.0374220352252825
"16692",8309,0.0370458586813672
"16693",8308,0.036669490074887
"16694",8307,0.0362930768674794
"16695",8306,0.0359167649499175
"16696",8305,0.0355510260916574
"16697",8304,0.0352948612766688
"16698",8303,0.0350365396875617
"16699",8302,0.0347761439708145
"16700",8301,0.0345137587878415
"16701",8300,0.0342494707596474
"16702",8299,0.0342494707596474
"16703",8298,0.0342494707596474
"16704",8297,0.0342494707596474
"16705",8296,0.0342494707596474
"16706",8295,0.0342494707596474
"16707",8294,0.0342494707596474
"16708",8293,0.0342494707596474
"16709",8292,0.0342494707596474
"16710",8291,0.0342494707596474
"16711",8290,0.0342494707596474
"16712",8289,0.0335035822990741
"16713",8288,0.032768592589978
"16714",8287,0.0320452469394612
"16715",8286,0.0313342264607643
"16716",8285,0.0306361492488463
"16717",8284,0.0294261706076468
"16718",8283,0.0282360348834137
"16719",8282,0.0270610109646555
"16720",8281,0.0259264075024849
"16721",8280,0.0248353283485708
"16722",8279,0.0242178916377824
"16723",8278,0.0236158103149422
"16724",8277,0.0230294898442365
"16725",8276,0.0224592837239104
"16726",8275,0.0219054944341163
"16727",8274,0.0221803200333284
"16728",8273,0.0224592837239104
"16729",8272,0.022742352401928
"16730",8271,0.0230294898442365
"16731",8270,0.0233206566716583
"16732",8269,0.0243797693011881
"16733",8268,0.0254851631355654
"16734",8267,0.0266556926728186
"16735",8266,0.0278783701612006
"16736",8265,0.0291614965857178
"16737",8264,0.0306555225064207
"16738",8263,0.032176724219379
"16739",8262,0.0337155420906305
"16740",8261,0.0352527975994407
"16741",8260,0.0367977090743091
"16742",8259,0.0376955868340312
"16743",8258,0.0385914807017881
"16744",8257,0.0394833781607604
"16745",8256,0.0403692327383295
"16746",8255,0.0412469725577474
"16747",8254,0.0414959729045324
"16748",8253,0.0417440915140217
"16749",8252,0.0419912794830964
"16750",8251,0.0422374878940401
"16751",8250,0.0424826678322945
"16752",8249,0.0428013929919606
"16753",8248,0.0431000972477176
"16754",8247,0.0433880709100033
"16755",8246,0.0436652457740908
"16756",8245,0.0439315783130897
"16757",8244,0.0445275663074309
"16758",8243,0.0451199174088561
"16759",8242,0.0457078432101878
"16760",8241,0.0462905377680233
"16761",8240,0.046867179266053
"16762",8239,0.0474854490481182
"16763",8238,0.0480852442223747
"16764",8237,0.0486655131357101
"16765",8236,0.0492252458019296
"16766",8235,0.0497634776719465
"16767",8234,0.0499078890460226
"16768",8233,0.0500310478299311
"16769",8232,0.0501336844226368
"16770",8231,0.0502165780621012
"16771",8230,0.0502805482369605
"16772",8229,0.0501424094485104
"16773",8228,0.0499966144682728
"16774",8227,0.0498430957317878
"16775",8226,0.0496817923286008
"16776",8225,0.0495126502683641
"16777",8224,0.0489794770402163
"16778",8223,0.0483949009946397
"16779",8222,0.0477593367252501
"16780",8221,0.0470735423376031
"16781",8220,0.0463386268195429
"16782",8219,0.0453588863550944
"16783",8218,0.0443460337112695
"16784",8217,0.0433040870468199
"16785",8216,0.0422371541769214
"16786",8215,0.0411398872684716
"16787",8214,0.0401432126501469
"16788",8213,0.0391455633726994
"16789",8212,0.0381496941755086
"16790",8211,0.0371582209089243
"16791",8210,0.0361844999458281
"16792",8209,0.035450132742868
"16793",8208,0.0347171756725976
"16794",8207,0.0339867068867156
"16795",8206,0.0332597746989652
"16796",8205,0.0325373950535111
"16797",8204,0.0318006543082234
"16798",8203,0.0310646964356368
"16799",8202,0.0303308350313258
"16800",8201,0.029600367936279
"16801",8200,0.028874572000354
"16802",8199,0.0279947817495581
"16803",8198,0.027140662798179
"16804",8197,0.0263135117048825
"16805",8196,0.0255148463679679
"16806",8195,0.024743968613407
"16807",8194,0.0236183117432171
"16808",8193,0.0225550694570465
"16809",8192,0.0215552398415498
"16810",8191,0.0206192246310498
"16811",8190,0.0197468913044211
"16812",8189,0.0184152995687675
"16813",8188,0.0172398002870594
"16814",8187,0.016217444724774
"16815",8186,0.0153428505532583
"16816",8185,0.0146087618647143
"16817",8184,0.0138464836865625
"16818",8183,0.0132622450214719
"16819",8182,0.0128404943356876
"16820",8181,0.0125645568260475
"16821",8180,0.0124176960063683
"16822",8179,0.0124265200815386
"16823",8178,0.0125388978519294
"16824",8177,0.0127404656509402
"16825",8176,0.0130182539957544
"16826",8175,0.0133365336176587
"16827",8174,0.0137287287824274
"16828",8173,0.0141653208717497
"16829",8172,0.0146042508365658
"16830",8171,0.0150645011648869
"16831",8170,0.0155213100090747
"16832",8169,0.0158392160221761
"16833",8168,0.0161534881082393
"16834",8167,0.0164584646632821
"16835",8166,0.0167314270999109
"16836",8165,0.0169867343842352
"16837",8164,0.0171485395197751
"16838",8163,0.017302757032886
"16839",8162,0.0174482661629037
"16840",8161,0.0175839349310667
"16841",8160,0.0177086324542331
"16842",8159,0.0177665172432012
"16843",8158,0.0178212426520218
"16844",8157,0.0178726739502055
"16845",8156,0.0179206792794139
"16846",8155,0.017965130188109
"16847",8154,0.017959626155453
"16848",8153,0.0179539673555865
"16849",8152,0.0179481540233852
"16850",8151,0.0179421864071384
"16851",8150,0.0179360647684632
"16852",8149,0.0179014824487076
"16853",8148,0.0178657036959576
"16854",8147,0.0178287692246776
"16855",8146,0.0177907197548636
"16856",8145,0.017751595955612
"16857",8144,0.0177322420475116
"16858",8143,0.0177102076401162
"16859",8142,0.0176854612037434
"16860",8141,0.0176579772719451
"16861",8140,0.0176277364871293
"16862",8139,0.0175947256278307
"16863",8138,0.0175589376177345
"16864",8137,0.0175203715166137
"16865",8136,0.0174790324933935
"16866",8135,0.017434931781607
"16867",8134,0.017394323721083
"16868",8133,0.0173535191589338
"16869",8132,0.017312533701128
"16870",8131,0.0172713826476345
"16871",8130,0.0172300809891196
"16872",8129,0.0172075132620867
"16873",8128,0.0171847500574098
"16874",8127,0.0171618059389372
"16875",8126,0.0171386956113283
"16876",8125,0.0171154338998652
"16877",8124,0.017155390309925
"16878",8123,0.0171952250169467
"16879",8122,0.0172349244756158
"16880",8121,0.0172744748428455
"16881",8120,0.0173138619794428
"16882",8119,0.0173537764297156
"16883",8118,0.017392612520537
"16884",8117,0.0174303498433944
"16885",8116,0.0174669686200529
"16886",8115,0.0175024497295454
"16887",8114,0.0174955635227558
"16888",8113,0.0174861377420143
"16889",8112,0.0174743505979582
"16890",8111,0.0174603896923352
"16891",8110,0.0174444505510887
"16892",8109,0.0174154741664472
"16893",8108,0.0173865702124904
"16894",8107,0.0173577567276925
"16895",8106,0.0173290513477271
"16896",8105,0.017300471281524
"16897",8104,0.0172833095688703
"16898",8103,0.0172657115799528
"16899",8102,0.0172476798052506
"16900",8101,0.0172292168684785
"16901",8100,0.017210325524428
"16902",8099,0.0172086019510032
"16903",8098,0.0172053661601624
"16904",8097,0.0172005313388933
"16905",8096,0.0171940140875888
"16906",8095,0.0171857348103314
"16907",8094,0.0171382556599972
"16908",8093,0.0170873543560977
"16909",8092,0.0170330418826073
"16910",8091,0.0169753396596191
"16911",8090,0.0169142794196506
"16912",8089,0.0168401609793073
"16913",8088,0.0167729357255024
"16914",8087,0.016702491359507
"16915",8086,0.0166288993952943
"16916",8085,0.0165522404346165
"16917",8084,0.0164490830856492
"16918",8083,0.0163460476530375
"16919",8082,0.0162432672713651
"16920",8081,0.016140866333248
"16921",8080,0.0160491450802847
"16922",8079,0.0159498319735774
"16923",8078,0.0158416147898195
"16924",8077,0.015744609321656
"16925",8076,0.015648892066138
"16926",8075,0.0155545907861003
"16927",8074,0.0154960704079359
"16928",8073,0.015448837391285
"16929",8072,0.0154034066492475
"16930",8071,0.0153497605644787
"16931",8070,0.0152974208935714
"16932",8069,0.0152646464299324
"16933",8068,0.0152318424819469
"16934",8067,0.0151990158052806
"16935",8066,0.015156513224915
"16936",8065,0.0151240057049711
"16937",8064,0.015140865582951
"16938",8063,0.0151579591157322
"16939",8062,0.0151752835805675
"16940",8061,0.0151928362563935
"16941",8060,0.0152106144255497
"16942",8059,0.0152455759341355
"16943",8058,0.015280974052966
"16944",8057,0.0153167991534245
"16945",8056,0.0153435593477281
"16946",8055,0.0153808076169063
"16947",8054,0.0154710233602757
"16948",8053,0.0155618047877538
"16949",8052,0.0156530386455514
"16950",8051,0.015744609321656
"16951",8050,0.0158467619268253
"16952",8049,0.0159628279980177
"16953",8048,0.016075145485163
"16954",8047,0.0161834531582676
"16955",8046,0.0162875090693975
"16956",8045,0.0163774512304833
"16957",8044,0.0165123592060478
"16958",8043,0.0166517119399208
"16959",8042,0.0167745385811878
"16960",8041,0.0168902932208755
"16961",8040,0.016998544974316
"16962",8039,0.0171274161758286
"16963",8038,0.0172375820784567
"16964",8037,0.017328809356533
"16965",8036,0.0174011709358742
"16966",8035,0.0174550538578222
"16967",8034,0.0175286185846807
"16968",8033,0.0175741322971651
"16969",8032,0.0175918289870215
"16970",8031,0.0175826218652564
"16971",8030,0.0175583677386783
"16972",8029,0.0174885247131506
"16973",8028,0.0173931802617473
"16974",8027,0.0172793716801792
"16975",8026,0.0171554061957827
"16976",8025,0.0170306642558727
"16977",8024,0.0168954940466005
"16978",8023,0.0167794418850781
"16979",8022,0.0166979311908812
"16980",8021,0.0166664593559633
"16981",8020,0.0166901565887518
"16982",8019,0.0168726173584314
"16983",8018,0.0171435930396648
"16984",8017,0.0174993694659746
"16985",8016,0.0179316805217657
"16986",8015,0.0184280531352268
"16987",8014,0.0188680951846016
"16988",8013,0.019328145744888
"16989",8012,0.0197972502404395
"16990",8011,0.0202640970251825
"16991",8010,0.0207174151628072
"16992",8009,0.0210045608792835
"16993",8008,0.0212824996246912
"16994",8007,0.0215483888503015
"16995",8006,0.0217994950270623
"16996",8005,0.0220332318817967
"16997",8004,0.0221572119660939
"16998",8003,0.0222840731451885
"16999",8002,0.0224136441062072
"17000",8001,0.0225457260891888
"17001",8000,0.0226800920425638
"17002",7999,0.0226650688394681
"17003",7998,0.0226457245786422
"17004",7997,0.0226219320181402
"17005",7996,0.0225935692100528
"17006",7995,0.022560520395595
"17007",7994,0.0224542626256652
"17008",7993,0.0223447231542727
"17009",7992,0.0222320647694286
"17010",7991,0.022116455347943
"17011",7990,0.0219980675096248
"17012",7989,0.0219680570740944
"17013",7988,0.021937886837048
"17014",7987,0.0219075596201374
"17015",7986,0.0218770782599832
"17016",7985,0.0218464456078038
"17017",7984,0.0219221854624354
"17018",7983,0.0219948290981722
"17019",7982,0.0220643543072266
"17020",7981,0.0221307439871431
"17021",7980,0.0221939860037819
"17022",7979,0.0224746406867909
"17023",7978,0.0227394872265275
"17024",7977,0.0229856461390038
"17025",7976,0.0232103635027753
"17026",7975,0.0234110535771462
"17027",7974,0.0235851649376072
"17028",7973,0.0236886078652748
"17029",7972,0.0237215899893689
"17030",7971,0.0236858758346927
"17031",7970,0.0235846284572545
"17032",7969,0.0233831214000263
"17033",7968,0.0231230347884359
"17034",7967,0.0228130092270588
"17035",7966,0.0224618843947672
"17036",7965,0.0220784004679432
"17037",7964,0.0217575861278531
"17038",7963,0.0214218642888862
"17039",7962,0.0210752858010614
"17040",7961,0.0207216732853583
"17041",7960,0.0203645760877282
"17042",7959,0.0202006554739144
"17043",7958,0.0200359898624127
"17044",7957,0.0198709116305131
"17045",7956,0.0197057418221943
"17046",7955,0.0195407893297749
"17047",7954,0.0195648746541835
"17048",7953,0.0195890791523508
"17049",7952,0.0196134087592863
"17050",7951,0.0196378698097732
"17051",7950,0.0196624690493783
"17052",7949,0.0196624690493783
"17053",7948,0.0196624690493783
"17054",7947,0.0196624690493783
"17055",7946,0.0196624690493783
"17056",7945,0.0196624690493783
"17057",7944,0.0194009684209192
"17058",7943,0.0191421582019299
"17059",7942,0.0188971070725683
"17060",7941,0.0186476187822618
"17061",7940,0.0184035379372377
"17062",7939,0.0178139556361001
"17063",7938,0.0172704885353339
"17064",7937,0.0167847680539273
"17065",7936,0.0163505880464772
"17066",7935,0.0159692211684148
"17067",7934,0.015604370422597
"17068",7933,0.0153051540642655
"17069",7932,0.0150633049285066
"17070",7931,0.0148706875771172
"17071",7930,0.0147196571871976
"17072",7929,0.0146138690655592
"17073",7928,0.0145214268629557
"17074",7927,0.0144576260880633
"17075",7926,0.014420290368298
"17076",7925,0.0143890514110297
"17077",7924,0.0143696815339561
"17078",7923,0.0143470034033318
"17079",7922,0.014351413628866
"17080",7921,0.0143406915697206
"17081",7920,0.01434694661369
"17082",7919,0.0143529912957895
"17083",7918,0.0143708373645214
"17084",7917,0.0143807408680266
"17085",7916,0.0143920051719572
"17086",7915,0.0144046669776632
"17087",7914,0.0144139742919023
"17088",7913,0.0144238972994159
"17089",7912,0.0144344646662953
"17090",7911,0.0144457078829757
"17091",7910,0.0144576613352815
"17092",7909,0.0144556579605406
"17093",7908,0.0144537101283411
"17094",7907,0.0144518182585687
"17095",7906,0.0144499827828652
"17096",7905,0.0144482041414543
"17097",7904,0.0144230110074485
"17098",7903,0.0144013841989995
"17099",7902,0.0143830005653835
"17100",7901,0.0143676092458137
"17101",7900,0.01434694661369
"17102",7899,0.0143433996402656
"17103",7898,0.0143326427065505
"17104",7897,0.0143537237286343
"17105",7896,0.0143697783027183
"17106",7895,0.0144103367297629
"17107",7894,0.0144662802117332
"17108",7893,0.0145391839509114
"17109",7892,0.0146430119689181
"17110",7891,0.0147608076215818
"17111",7890,0.0149054000335444
"17112",7889,0.014981075258597
"17113",7888,0.0150637553488622
"17114",7887,0.0151538468498992
"17115",7886,0.0152517555741902
"17116",7885,0.0153578822333299
"17117",7884,0.0153563503845014
"17118",7883,0.015354885790019
"17119",7882,0.0153534871583061
"17120",7881,0.0153521532078936
"17121",7880,0.0153508826674492
"17122",7879,0.0152368014705098
"17123",7878,0.0151323133825787
"17124",7877,0.0150369150135678
"17125",7876,0.0149500947438627
"17126",7875,0.0148713392256735
"17127",7874,0.0147578936001608
"17128",7873,0.0146621233170344
"17129",7872,0.0145723897055201
"17130",7871,0.0145075338287791
"17131",7870,0.014454802082496
"17132",7869,0.0144136381129008
"17133",7868,0.0143925256335116
"17134",7867,0.0143716260475236
"17135",7866,0.0143581184796792
"17136",7865,0.0143533659994043
"17137",7864,0.0143537478603549
"17138",7863,0.0143561463320762
"17139",7862,0.0143519810165042
"17140",7861,0.0143705457373387
"17141",7860,0.0143819600353789
"17142",7859,0.014382003574961
"17143",7858,0.0143822243586739
"17144",7857,0.0143826204649084
"17145",7856,0.0143831895275366
"17146",7855,0.0143839287714785
"17147",7854,0.0143839287714785
"17148",7853,0.0143839287714785
"17149",7852,0.0143839287714785
"17150",7851,0.0143839287714785
"17151",7850,0.0143839287714785
"17152",7849,0.0143933654210371
"17153",7848,0.0144035179459984
"17154",7847,0.0144144347597074
"17155",7846,0.0144261680388501
"17156",7845,0.0144387736905551
"17157",7844,0.0144559532655319
"17158",7843,0.0144749041071927
"17159",7842,0.0144957451835279
"17160",7841,0.01451861643153
"17161",7840,0.0145436801624918
"17162",7839,0.0145872242328846
"17163",7838,0.014637078238059
"17164",7837,0.0146940529056685
"17165",7836,0.014769660198154
"17166",7835,0.0148446099318179
"17167",7834,0.0149234600859301
"17168",7833,0.0150120109711686
"17169",7832,0.0151222350250017
"17170",7831,0.0152356170751638
"17171",7830,0.0153621590585783
"17172",7829,0.0154704370590547
"17173",7828,0.0155770236746254
"17174",7827,0.0156921904053873
"17175",7826,0.0158164773253345
"17176",7825,0.0159504333626149
"17177",7824,0.016022764516017
"17178",7823,0.0160974001218743
"17179",7822,0.016174360358516
"17180",7821,0.0162536629000503
"17181",7820,0.0163353228265642
"17182",7819,0.0162152534037072
"17183",7818,0.0161008971567643
"17184",7817,0.0159920959060801
"17185",7816,0.0158886865156193
"17186",7815,0.0157905017222643
"17187",7814,0.0156237012918943
"17188",7813,0.015472260729925
"17189",7812,0.015325902284815
"17190",7811,0.0152036061901122
"17191",7810,0.0150839274109779
"17192",7809,0.0150147647012636
"17193",7808,0.0149511926135806
"17194",7807,0.0148927962739828
"17195",7806,0.0148391836011158
"17196",7805,0.0147899862354938
"17197",7804,0.0147899862354938
"17198",7803,0.0147899862354938
"17199",7802,0.0147899862354938
"17200",7801,0.0147899862354938
"17201",7800,0.0147899862354938
"17202",7799,0.0148564397039125
"17203",7798,0.0149308294084432
"17204",7797,0.0150140055939919
"17205",7796,0.015117342708204
"17206",7795,0.0152230317348166
"17207",7794,0.0154298382079512
"17208",7793,0.015661359463727
"17209",7792,0.0159290364976629
"17210",7791,0.0162355590544251
"17211",7790,0.0165831871890223
"17212",7789,0.0168574300791807
"17213",7788,0.0171468160501579
"17214",7787,0.0174614822479559
"17215",7786,0.0178024138672178
"17216",7785,0.0181807637629571
"17217",7784,0.0183977584952865
"17218",7783,0.0186240084537967
"17219",7782,0.0188596389110424
"17220",7781,0.0190950055163928
"17221",7780,0.0193508271375088
"17222",7779,0.019517523598996
"17223",7778,0.0196861680895855
"17224",7777,0.0198566058770535
"17225",7776,0.0200286774613203
"17226",7775,0.020202219081155
"17227",7774,0.0201517944730988
"17228",7773,0.0201014232363015
"17229",7772,0.0200511127211251
"17230",7771,0.0200008702666043
"17231",7770,0.0199507031968593
"17232",7769,0.0198784915853165
"17233",7768,0.0198068120391204
"17234",7767,0.0197356673993936
"17235",7766,0.019665060361411
"17236",7765,0.0195949934753815
"17237",7764,0.0195397896463405
"17238",7763,0.0194852801541637
"17239",7762,0.0194414783022365
"17240",7761,0.0193887887155333
"17241",7760,0.0193367890825388
"17242",7759,0.0193701265817712
"17243",7758,0.0194035991339255
"17244",7757,0.0194372064869266
"17245",7756,0.0194709483804366
"17246",7755,0.0195048245458254
"17247",7754,0.0196522350910019
"17248",7753,0.0198135476494637
"17249",7752,0.019978539093805
"17250",7751,0.0201472291063481
"17251",7750,0.0203196324961711
"17252",7749,0.0205602914912348
"17253",7748,0.0208047522919192
"17254",7747,0.0210527720561202
"17255",7746,0.021304095274226
"17256",7745,0.0215584544238256
"17257",7744,0.0218568590800906
"17258",7743,0.0221587811403198
"17259",7742,0.0224637714347388
"17260",7741,0.0227713638674488
"17261",7740,0.0230810770719807
"17262",7739,0.023247265854709
"17263",7738,0.0234154353654901
"17264",7737,0.0235956949669866
"17265",7736,0.0237679951609285
"17266",7735,0.0239421744911662
"17267",7734,0.0241181901666555
"17268",7733,0.0242959960090289
"17269",7732,0.0244755423940795
"17270",7731,0.0246567761972688
"17271",7730,0.0248396407435996
"17272",7729,0.0249356524983915
"17273",7728,0.0250311293550448
"17274",7727,0.0251260479555788
"17275",7726,0.0252203853092012
"17276",7725,0.0253141188052668
"17277",7724,0.0253602259686212
"17278",7723,0.0254063428208717
"17279",7722,0.0254524679513165
"17280",7721,0.0254985999440895
"17281",7720,0.0255447373782385
"17282",7719,0.025590878827803
"17283",7718,0.0256370228618931
"17284",7717,0.0256831680447696
"17285",7716,0.0257293129359231
"17286",7715,0.0257754560901558
"17287",7714,0.0257750765036933
"17288",7713,0.0257746382837999
"17289",7712,0.0257741407572799
"17290",7711,0.0257735832678843
"17291",7710,0.0257729651763629
"17292",7709,0.0258626234846164
"17293",7708,0.0259515312765505
"17294",7707,0.0260396693822431
"17295",7706,0.0261270191033725
"17296",7705,0.0262135622205755
"17297",7704,0.026397323437536
"17298",7703,0.0265830842504551
"17299",7702,0.0267707723113915
"17300",7701,0.0269603084355563
"17301",7700,0.0271516064260227
"17302",7699,0.0274292436844802
"17303",7698,0.0277067860453001
"17304",7697,0.0279838974204723
"17305",7696,0.0282602312773014
"17306",7695,0.02853543124403
"17307",7694,0.028916394963926
"17308",7693,0.0292853265964543
"17309",7692,0.0296411401071355
"17310",7691,0.0299828047890099
"17311",7690,0.0303093507939033
"17312",7689,0.030781251583222
"17313",7688,0.0312227147215238
"17314",7687,0.0316309576956725
"17315",7686,0.0320034306469234
"17316",7685,0.0323378460055687
"17317",7684,0.0326189334989502
"17318",7683,0.0328398751604661
"17319",7682,0.0330005145479374
"17320",7681,0.0331013824685359
"17321",7680,0.0331436620591469
"17322",7679,0.0331310965554762
"17323",7678,0.0330487779380976
"17324",7677,0.0329006830593133
"17325",7676,0.0326915138039646
"17326",7675,0.0324265856185932
"17327",7674,0.0321711872027732
"17328",7673,0.0318398218996525
"17329",7672,0.0314382291430495
"17330",7671,0.0309733851456295
"17331",7670,0.0304533574372206
"17332",7669,0.029918749608522
"17333",7668,0.0293502497211707
"17334",7667,0.0287565562195315
"17335",7666,0.0281466530364985
"17336",7665,0.0275296415760525
"17337",7664,0.0270936307326749
"17338",7663,0.0266670776773034
"17339",7662,0.0262526980062168
"17340",7661,0.0258530340515767
"17341",7660,0.0254704389313558
"17342",7659,0.0252311207462207
"17343",7658,0.0250084146998277
"17344",7657,0.0247936049752818
"17345",7656,0.0245765540207065
"17346",7655,0.0243676665730155
"17347",7654,0.0242975883534029
"17348",7653,0.0242288918839007
"17349",7652,0.0241615933420467
"17350",7651,0.0240957082157084
"17351",7650,0.0240312513012236
"17352",7649,0.0241076277292478
"17353",7648,0.0241844259646423
"17354",7647,0.0242615914647177
"17355",7646,0.0243390695064083
"17356",7645,0.0244168052591828
"17357",7644,0.0245066547776937
"17358",7643,0.0245987961512956
"17359",7642,0.0246931888586263
"17360",7641,0.0247897903485252
"17361",7640,0.0248885560535387
"17362",7639,0.0250113302637642
"17363",7638,0.025131250610648
"17364",7637,0.025259054586941
"17365",7636,0.0254040224458204
"17366",7635,0.0255557204349133
"17367",7634,0.0256643705938897
"17368",7633,0.0257756551287907
"17369",7632,0.0258895388415671
"17370",7631,0.0260059832493355
"17371",7630,0.0261249465646221
"17372",7629,0.0261345101953867
"17373",7628,0.0261440965530685
"17374",7627,0.0261537039245169
"17375",7626,0.0261633306006701
"17376",7625,0.0261729748770451
"17377",7624,0.0259211715426041
"17378",7623,0.0256758138154394
"17379",7622,0.0254374367207077
"17380",7621,0.025206544618783
"17381",7620,0.0249836101532928
"17382",7619,0.024621053630142
"17383",7618,0.024265468946064
"17384",7617,0.0239385916767139
"17385",7616,0.0236424850843866
"17386",7615,0.0233788770992125
"17387",7614,0.0231620534447904
"17388",7613,0.0229956847738766
"17389",7612,0.0228600521006218
"17390",7611,0.0227742281852212
"17391",7610,0.0227264176883156
"17392",7609,0.0227207276586842
"17393",7608,0.0227305887392496
"17394",7607,0.0227553980550869
"17395",7606,0.0227945108040158
"17396",7605,0.0228472457233366
"17397",7604,0.0228257094636509
"17398",7603,0.0228056099194592
"17399",7602,0.0227869622009665
"17400",7601,0.0227697799062956
"17401",7600,0.0227540751025352
"17402",7599,0.0227555802779412
"17403",7598,0.0227580094016892
"17404",7597,0.0227613621672974
"17405",7596,0.0227656378603859
"17406",7595,0.0227708353588215
"17407",7594,0.0227805168580722
"17408",7593,0.0227907669585997
"17409",7592,0.0228015807304371
"17410",7591,0.0228129531745028
"17411",7590,0.0228248792241589
"17412",7589,0.0228642198287008
"17413",7588,0.0229132464568998
"17414",7587,0.0229716673217036
"17415",7586,0.0230391651486971
"17416",7585,0.0231153989011939
"17417",7584,0.0233085429878915
"17418",7583,0.0235212315829717
"17419",7582,0.0237506301921496
"17420",7581,0.0239939348712551
"17421",7580,0.0242484009073275
"17422",7579,0.0246524514351622
"17423",7578,0.0250692772900715
"17424",7577,0.0255022407213834
"17425",7576,0.0259166779949725
"17426",7575,0.0263342394994772
"17427",7574,0.0268520889969655
"17428",7573,0.02734519296769
"17429",7572,0.0277908505805767
"17430",7571,0.028216962882433
"17431",7570,0.0285989735825936
"17432",7569,0.028927670862422
"17433",7568,0.0292170728896165
"17434",7567,0.0294720732683808
"17435",7566,0.0296928250276634
"17436",7565,0.0299078750176564
"17437",7564,0.0300663655422772
"17438",7563,0.0302201743093321
"17439",7562,0.0303836172500354
"17440",7561,0.0305394599140177
"17441",7560,0.0307109615240624
"17442",7559,0.0308034835005816
"17443",7558,0.030897375515672
"17444",7557,0.0309928093633712
"17445",7556,0.0310898574082032
"17446",7555,0.0311884872887641
"17447",7554,0.0312110109074541
"17448",7553,0.0312336678903953
"17449",7552,0.0312564627657001
"17450",7551,0.0312793996057776
"17451",7550,0.0313024820097599
"17452",7549,0.0312486658511374
"17453",7548,0.0311955674416238
"17454",7547,0.0311431485367958
"17455",7546,0.0310913587668472
"17456",7545,0.0310401365967837
"17457",7544,0.0309285981086664
"17458",7543,0.030818855929847
"17459",7542,0.0307109615240624
"17460",7541,0.0306047943838176
"17461",7540,0.0304921428540759
"17462",7539,0.0303498085559989
"17463",7538,0.0301995364854185
"17464",7537,0.0300583822568728
"17465",7536,0.0299132327217415
"17466",7535,0.029761619409209
"17467",7534,0.0296066307960234
"17468",7533,0.0294554726905354
"17469",7532,0.0292815629217652
"17470",7531,0.0290919171737422
"17471",7530,0.0288847636289687
"17472",7529,0.0287805176050679
"17473",7528,0.0286720425633884
"17474",7527,0.028559303571509
"17475",7526,0.0284422870932075
"17476",7525,0.0283210013937203
"17477",7524,0.0284115698230967
"17478",7523,0.0284996551007745
"17479",7522,0.0285852822498767
"17480",7521,0.0286684825643877
"17481",7520,0.0287492933757356
"17482",7519,0.029003197514983
"17483",7518,0.0292327411373816
"17484",7517,0.029440137671658
"17485",7516,0.0296294794837933
"17486",7515,0.0297989831062065
"17487",7514,0.0299822197804554
"17488",7513,0.0301584243380112
"17489",7512,0.0303427447301175
"17490",7511,0.0305198715572159
"17491",7510,0.0307146523613442
"17492",7509,0.030837353845664
"17493",7508,0.0309619154317102
"17494",7507,0.0310882162808979
"17495",7506,0.0312158738826674
"17496",7505,0.0313442584034593
"17497",7504,0.0313822879728863
"17498",7503,0.0314206477395182
"17499",7502,0.0314593556575723
"17500",7501,0.031498425454996
"17501",7500,0.0315378663595159
"17502",7499,0.0315292764501865
"17503",7498,0.0315207044580398
"17504",7497,0.0315121472279803
"17505",7496,0.0315036015532201
"17506",7495,0.0314950641796283
"17507",7494,0.0314875533148451
"17508",7493,0.0314800380186821
"17509",7492,0.031472518520808
"17510",7491,0.0314649950492894
"17511",7490,0.0314574678305524
"17512",7489,0.0314809151532121
"17513",7488,0.0315045409346535
"17514",7487,0.031528356093867
"17515",7486,0.0315523705716101
"17516",7485,0.0315765932617844
"17517",7484,0.031629779783865
"17518",7483,0.0316821400121956
"17519",7482,0.0317335623907172
"17520",7481,0.0317839422746032
"17521",7480,0.031833183200892
"17522",7479,0.0318932609592965
"17523",7478,0.0319507874395763
"17524",7477,0.0320056930379921
"17525",7476,0.032057957127964
"17526",7475,0.0321076078454858
"17527",7474,0.0321635414941379
"17528",7473,0.0322176434342764
"17529",7472,0.0322697472998529
"17530",7471,0.0323196965787192
"17531",7470,0.0323673482119528
"17532",7469,0.0324113901915449
"17533",7468,0.0324534252443088
"17534",7467,0.0324932867351806
"17535",7466,0.0325308163549637
"17536",7465,0.0325658678764882
"17537",7464,0.0325858247034104
"17538",7463,0.0326046801010727
"17539",7462,0.0326224921145751
"17540",7461,0.0326393266060367
"17541",7460,0.0326552570436162
"17542",7459,0.0326529842294268
"17543",7458,0.0326507428111475
"17544",7457,0.0326485329850397
"17545",7456,0.0326463549092668
"17546",7455,0.032644208704141
"17547",7454,0.0326295301127511
"17548",7453,0.0326144847064311
"17549",7452,0.0325989432993382
"17550",7451,0.0325827788844106
"17551",7450,0.0325658678764882
"17552",7449,0.0325368477857205
"17553",7448,0.032505019186476
"17554",7447,0.0324698511883363
"17555",7446,0.0324308823706047
"17556",7445,0.0323877338366156
"17557",7444,0.0323309378077318
"17558",7443,0.0322690460395938
"17559",7442,0.0322021935036739
"17560",7441,0.0321306175672659
"17561",7440,0.0320546485057737
"17562",7439,0.0320465778737586
"17563",7438,0.0320378605118068
"17564",7437,0.0320284736328492
"17565",7436,0.0320183994928639
"17566",7435,0.0320076256345919
"17567",7434,0.0322511247280054
"17568",7433,0.0324547718977663
"17569",7432,0.0326072748030047
"17570",7431,0.0327046540368439
"17571",7430,0.032752607279901
"17572",7429,0.0327722295531514
"17573",7428,0.0328524492964183
"17574",7427,0.0331621807091308
"17575",7426,0.0337360538669348
"17576",7425,0.0343821981194726
"17577",7424,0.034704041901224
"17578",7423,0.0344796914262023
"17579",7422,0.0334894795870082
"17580",7421,0.0316634512502879
"17581",7420,0.0291423909208586
"17582",7419,0.0279698447185165
"17583",7418,0.0267374470826618
"17584",7417,0.0254753227725967
"17585",7416,0.0241870320973063
"17586",7415,0.0228996452287569
"17587",7414,0.0222321974616084
"17588",7413,0.0215730524925389
"17589",7412,0.0209248845213758
"17590",7411,0.0202903206308886
"17591",7410,0.019671942004505
"17592",7409,0.0195283270692421
"17593",7408,0.0193772972628407
"17594",7407,0.0192287679404584
"17595",7406,0.0190828010941929
"17596",7405,0.0189394576902997
"17597",7404,0.0194144336886667
"17598",7403,0.0199030251228112
"17599",7402,0.0203949762814243
"17600",7401,0.0209078655602113
"17601",7400,0.021429928556495
"17602",7399,0.0219655808410351
"17603",7398,0.0225048101895933
"17604",7397,0.0230460356066638
"17605",7396,0.0235876633448141
"17606",7395,0.0241280919599506
"17607",7394,0.0245473240926066
"17608",7393,0.0249659668892777
"17609",7392,0.025383299050186
"17610",7391,0.0257985974471197
"17611",7390,0.0262111384294617
"17612",7389,0.026501048038103
"17613",7388,0.0268006143302707
"17614",7387,0.0270993452212376
"17615",7386,0.0273969507343215
"17616",7385,0.0276931381991701
"17617",7384,0.0283028188030571
"17618",7383,0.0288910686720719
"17619",7382,0.029455402223624
"17620",7381,0.0299935189522647
"17621",7380,0.030503335576889
"17622",7379,0.0310463770568138
"17623",7378,0.0315464065286901
"17624",7377,0.0320191607814243
"17625",7376,0.0324523887347394
"17626",7375,0.0328558869551015
"17627",7374,0.0329778242265899
"17628",7373,0.0330950903568145
"17629",7372,0.0332076649190111
"17630",7371,0.0333155330083093
"17631",7370,0.0334186853115868
"17632",7369,0.0332350736330122
"17633",7368,0.0330370425895505
"17634",7367,0.0328246756844275
"17635",7366,0.0325981078020574
"17636",7365,0.0323478704021536
"17637",7364,0.0319971048090616
"17638",7363,0.0316253779552192
"17639",7362,0.0312439931744103
"17640",7361,0.0308362272270044
"17641",7360,0.0304114528100499
"17642",7359,0.0301890179807058
"17643",7358,0.0299648158544258
"17644",7357,0.0297390829892583
"17645",7356,0.029512053464892
"17646",7355,0.0292839587883733
"17647",7354,0.0292839587883733
"17648",7353,0.0292839587883733
"17649",7352,0.0292839587883733
"17650",7351,0.0292839587883733
"17651",7350,0.0292839587883733
"17652",7349,0.0293981249044487
"17653",7348,0.029512053464892
"17654",7347,0.0296257157789193
"17655",7346,0.0297390829892583
"17656",7345,0.0298521260749995
"17657",7344,0.0297866908247702
"17658",7343,0.0297212325108004
"17659",7342,0.0296557594975352
"17660",7341,0.0295902801013462
"17661",7340,0.0295248025902981
"17662",7339,0.0292668849008491
"17663",7338,0.0290059224986011
"17664",7337,0.0287421885413202
"17665",7336,0.0284759564316015
"17666",7335,0.0282074994770685
"17667",7334,0.0275973299837194
"17668",7333,0.0269771065890532
"17669",7332,0.0263283188634612
"17670",7331,0.02566408247626
"17671",7330,0.0249877085654007
"17672",7329,0.0241304321461819
"17673",7328,0.0232678089068505
"17674",7327,0.0224067444870328
"17675",7326,0.0215541544712669
"17676",7325,0.0207286418908024
"17677",7324,0.0198780531813601
"17678",7323,0.0190669890628773
"17679",7322,0.0183030655229136
"17680",7321,0.017593604322968
"17681",7320,0.0169455668333894
"17682",7319,0.0164834676128533
"17683",7318,0.016062711941308
"17684",7317,0.015705632919993
"17685",7316,0.0154054565779025
"17686",7315,0.0151939018602227
"17687",7314,0.0150672235816694
"17688",7313,0.0149590547601273
"17689",7312,0.014890647730768
"17690",7311,0.0148508253531311
"17691",7310,0.0148396464686774
"17692",7309,0.0148008374221858
"17693",7308,0.0147781292492839
"17694",7307,0.01476151851345
"17695",7306,0.0147510755374916
"17696",7305,0.0147468653546462
"17697",7304,0.0147468653546462
"17698",7303,0.0147468653546462
"17699",7302,0.0147468653546462
"17700",7301,0.0147468653546462
"17701",7300,0.0147468653546462
"17702",7299,0.0147713655983767
"17703",7298,0.0147964893785669
"17704",7297,0.014822229003779
"17705",7296,0.0148485767440263
"17706",7295,0.0148755248313839
"17707",7294,0.014897953782008
"17708",7293,0.0149220952997949
"17709",7292,0.0149479277303136
"17710",7291,0.0149754290799622
"17711",7290,0.0150045770264456
"17712",7289,0.0150045770264456
"17713",7288,0.0150045770264456
"17714",7287,0.0150045770264456
"17715",7286,0.0150045770264456
"17716",7285,0.0150045770264456
"17717",7284,0.0149783511961799
"17718",7283,0.0149555621961307
"17719",7282,0.0149362538214097
"17720",7281,0.0149204682706241
"17721",7280,0.0149082460798569
"17722",7279,0.0149266734835079
"17723",7278,0.0149584153684052
"17724",7277,0.015003509511687
"17725",7276,0.0150619623577181
"17726",7275,0.0151239788632351
"17727",7274,0.0153112050511515
"17728",7273,0.0155393398718446
"17729",7272,0.0157965776877212
"17730",7271,0.0160810515588936
"17731",7270,0.0163907071167867
"17732",7269,0.0168451792477681
"17733",7268,0.0173274241794982
"17734",7267,0.0178316095027789
"17735",7266,0.0183644741029136
"17736",7265,0.0188998888613125
"17737",7264,0.0196018715262276
"17738",7263,0.0203206729710193
"17739",7262,0.0210362536150064
"17740",7261,0.021748314119709
"17741",7260,0.0224687412254339
"17742",7259,0.0232363518863222
"17743",7258,0.0239732921825894
"17744",7257,0.024676970521503
"17745",7256,0.0253467823692467
"17746",7255,0.0259876329112508
"17747",7254,0.0266043244458994
"17748",7253,0.0272281547954476
"17749",7252,0.0278836419249478
"17750",7251,0.0285713374221797
"17751",7250,0.0292911527673558
"17752",7249,0.0299255438499949
"17753",7248,0.0305941240034894
"17754",7247,0.0312987816400483
"17755",7246,0.032039991309469
"17756",7245,0.0328388885862318
"17757",7244,0.0333726116320408
"17758",7243,0.0339350961920771
"17759",7242,0.0345051928102834
"17760",7241,0.0350922156509953
"17761",7240,0.0356953549156217
"17762",7239,0.0360746935741052
"17763",7238,0.0364707631919229
"17764",7237,0.0368728564786261
"17765",7236,0.0372805819857705
"17766",7235,0.0376934866493383
"17767",7234,0.0378733042376811
"17768",7233,0.038053446367931
"17769",7232,0.0382338542936337
"17770",7231,0.0384144682027352
"17771",7230,0.0385952272680167
"17772",7229,0.0385368797407024
"17773",7228,0.0384790315377563
"17774",7227,0.0384216686898341
"17775",7226,0.0383647760879762
"17776",7225,0.0383083375580502
"17777",7224,0.0380775506361876
"17778",7223,0.0378485360691086
"17779",7222,0.0376213604079545
"17780",7221,0.0373960821969555
"17781",7220,0.0371727520445429
"17782",7219,0.0367771992006312
"17783",7218,0.0363948104637264
"17784",7217,0.0360059962009889
"17785",7216,0.0356208949725153
"17786",7215,0.0352399737826115
"17787",7214,0.0347679080099231
"17788",7213,0.0343059211101874
"17789",7212,0.033854213963049
"17790",7211,0.0334128531592156
"17791",7210,0.0329817770463554
"17792",7209,0.0325036928122417
"17793",7208,0.0320384448286038
"17794",7207,0.0315857204844215
"17795",7206,0.0311540638606447
"17796",7205,0.0307323316841837
"17797",7204,0.0303306840076604
"17798",7203,0.0299355988989157
"17799",7202,0.0295458330723599
"17800",7201,0.0291602089245789
"17801",7200,0.0287776418186808
"17802",7199,0.0284364342019489
"17803",7198,0.0280959710175349
"17804",7197,0.0277557674235565
"17805",7196,0.0274154573530587
"17806",7195,0.0270648838186222
"17807",7194,0.0268339413737336
"17808",7193,0.0266037815943676
"17809",7192,0.0263742845445573
"17810",7191,0.0261453353170384
"17811",7190,0.0259168250868256
"17812",7189,0.0258000321133596
"17813",7188,0.0256855861301605
"17814",7187,0.0255640653384406
"17815",7186,0.0254552993675353
"17816",7185,0.0253488663391174
"17817",7184,0.0254265647623088
"17818",7183,0.025504131443507
"17819",7182,0.0255814951533242
"17820",7181,0.0256585846432884
"17821",7180,0.025735328945282
"17822",7179,0.0260941137872964
"17823",7178,0.026451736333299
"17824",7177,0.0268201572947599
"17825",7176,0.0271800939131939
"17826",7175,0.0275422746098945
"17827",7174,0.028257625421209
"17828",7173,0.0289890687626417
"17829",7172,0.0297516892869656
"17830",7171,0.0305501280279151
"17831",7170,0.0313870777531709
"17832",7169,0.0327911116088373
"17833",7168,0.0342707008470726
"17834",7167,0.0358425828469997
"17835",7166,0.0374749472432842
"17836",7165,0.0391532338803936
"17837",7164,0.0413138527558746
"17838",7163,0.0433344375864912
"17839",7162,0.0451072836796516
"17840",7161,0.0465196240353735
"17841",7160,0.047476288253287
"17842",7159,0.0479025563921098
"17843",7158,0.0479292275644677
"17844",7157,0.0476197294469003
"17845",7156,0.0471125169967083
"17846",7155,0.046518112751458
"17847",7154,0.0460782958599078
"17848",7153,0.0457288822811858
"17849",7152,0.0455155537905551
"17850",7151,0.0454742366276186
"17851",7150,0.0456200489138704
"17852",7149,0.0457515174813694
"17853",7148,0.0459429468664116
"17854",7147,0.0461956081904183
"17855",7146,0.0465204397894303
"17856",7145,0.0468975893745357
"17857",7144,0.0468009339404385
"17858",7143,0.0467044178707496
"17859",7142,0.0466081735466714
"17860",7141,0.0465024327514896
"17861",7140,0.0464079032078444
"17862",7139,0.0461678918382444
"17863",7138,0.0459593813795936
"17864",7137,0.0457824115313551
"17865",7136,0.0456367539146316
"17866",7135,0.04552192550605
"17867",7134,0.0454127660616772
"17868",7133,0.0453608105317282
"17869",7132,0.0453445600898608
"17870",7131,0.045370202422534
"17871",7130,0.0454343141101752
"17872",7129,0.0454525490591026
"17873",7128,0.0454946678262552
"17874",7127,0.0455598802609522
"17875",7126,0.0456472005094688
"17876",7125,0.0457554578517303
"17877",7124,0.0458824474059836
"17878",7123,0.0460137393779752
"17879",7122,0.0461481027038452
"17880",7121,0.0462842792758922
"17881",7120,0.0464209896301728
"17882",7119,0.0465263127441779
"17883",7118,0.0466272457357367
"17884",7117,0.0467230864274392
"17885",7116,0.0468131584699759
"17886",7115,0.0468968149445245
"17887",7114,0.0469544354611325
"17888",7113,0.0470114089137937
"17889",7112,0.0470675908233575
"17890",7111,0.0471228363005945
"17891",7110,0.0471770001962797
"17892",7109,0.0472168259494615
"17893",7108,0.0472559003374879
"17894",7107,0.0472941621460751
"17895",7106,0.0473315502534414
"17896",7105,0.0473680036693409
"17897",7104,0.047391756631157
"17898",7103,0.0474150491693906
"17899",7102,0.047437863360964
"17900",7101,0.0474601813351212
"17901",7100,0.0474819852787986
"17902",7099,0.0475319292867678
"17903",7098,0.047582806847512
"17904",7097,0.0476345640525379
"17905",7096,0.0476871449467247
"17906",7095,0.0477404915528949
"17907",7094,0.0477789963685454
"17908",7093,0.0478176108308482
"17909",7092,0.047856303570773
"17910",7091,0.0478950427043325
"17911",7090,0.0479337958339071
"17912",7089,0.0478892018964826
"17913",7088,0.0478448064772221
"17914",7087,0.0478006402841362
"17915",7086,0.0477567332720723
"17916",7085,0.047713114626969
"17917",7084,0.0477200215684901
"17918",7083,0.0477262131688456
"17919",7082,0.0477316888645239
"17920",7081,0.0477364483437155
"17921",7080,0.0477404915528949
"17922",7079,0.0476928913838616
"17923",7078,0.0476428705595558
"17924",7077,0.0475905813492794
"17925",7076,0.0475361770833363
"17926",7075,0.0474798119544506
"17927",7074,0.0473972180369225
"17928",7073,0.0473143338017939
"17929",7072,0.0472314776370595
"17930",7071,0.0471489606447058
"17931",7070,0.0470670863853504
"17932",7069,0.0469944540476148
"17933",7068,0.0469184027459131
"17934",7067,0.0468392623491239
"17935",7066,0.046757369482692
"17936",7065,0.0466730665792113
"17937",7064,0.0466068970045944
"17938",7063,0.0465426826097945
"17939",7062,0.0464805519994078
"17940",7061,0.0464206293102901
"17941",7060,0.0463630341438502
"17942",7059,0.0463678387362526
"17943",7058,0.046372615948964
"17944",7057,0.0463773646643034
"17945",7056,0.0463820837760061
"17946",7055,0.0463867721885447
"17947",7054,0.0464256123303114
"17948",7053,0.0464660812988642
"17949",7052,0.0465081324220098
"17950",7051,0.0465517171010678
"17951",7050,0.04659678484193
"17952",7049,0.0466753843685341
"17953",7048,0.046756297925509
"17954",7047,0.0468392623491239
"17955",7046,0.0469240055711622
"17956",7045,0.047010246796693
"17957",7044,0.0470763668775499
"17958",7043,0.0471416909600999
"17959",7042,0.0472060643308291
"17960",7041,0.0472693317758497
"17961",7040,0.0473313377471193
"17962",7039,0.0473618190220569
"17963",7038,0.0473919265339086
"17964",7037,0.0474216408223695
"17965",7036,0.0474509424392907
"17966",7035,0.0474798119544506
"17967",7034,0.0474363444296496
"17968",7033,0.0473919265339086
"17969",7032,0.0473466238883863
"17970",7031,0.0473005021758553
"17971",7030,0.0472536270975463
"17972",7029,0.0471678616455715
"17973",7028,0.0470827204869519
"17974",7027,0.0469985045256952
"17975",7026,0.046915506574455
"17976",7025,0.0468340111495061
"17977",7024,0.0467230864274392
"17978",7023,0.0466151524586931
"17979",7022,0.046510917529955
"17980",7021,0.0464110610630505
"17981",7020,0.0463162325011055
"17982",7019,0.0462125960640189
"17983",7018,0.0461094563117178
"17984",7017,0.0460076403947918
"17985",7016,0.0459079670221381
"17986",7015,0.0458112433760708
"17987",7014,0.0457073242024546
"17988",7013,0.0456098041563352
"17989",7012,0.045519764125988
"17990",7011,0.045438245820412
"17991",7010,0.0453662483951636
"17992",7009,0.0453240330654541
"17993",7008,0.0452948491626977
"17994",7007,0.0452792862415359
"17995",7006,0.0452778778815692
"17996",7005,0.0452910999295478
"17997",7004,0.0453369980349927
"17998",7003,0.0454140308985065
"17999",7002,0.0455116008947339
"18000",7001,0.0456295792221115
"18001",7000,0.0457676949172557
"18002",6999,0.0458770352888095
"18003",6998,0.0460065551147181
"18004",6997,0.0461564981511642
"18005",6996,0.0463269916078506
"18006",6995,0.0465283359751804
"18007",6994,0.0467627533673671
"18008",6993,0.047015555574511
"18009",6992,0.0472859038326047
"18010",6991,0.0475728145159462
"18011",6990,0.0478751576713367
"18012",6989,0.0481354846208802
"18013",6988,0.0484008798572763
"18014",6987,0.0486702896701576
"18015",6986,0.0489426208213891
"18016",6985,0.0492167462700328
"18017",6984,0.0494001982549706
"18018",6983,0.0495786842093381
"18019",6982,0.0497717277922686
"18020",6981,0.049968640687368
"18021",6980,0.0501691727400079
"18022",6979,0.0502933624717201
"18023",6978,0.0504157963137909
"18024",6977,0.0505363441361372
"18025",6976,0.0506548787046068
"18026",6975,0.0507712759096727
"18027",6974,0.050765302941041
"18028",6973,0.0507587750547499
"18029",6972,0.0507516899465488
"18030",6971,0.0507440462289775
"18031",6970,0.0507358433855339
"18032",6969,0.0507034299080172
"18033",6968,0.0506702169082367
"18034",6967,0.0506362106213671
"18035",6966,0.0506014177524765
"18036",6965,0.0505658454784626
"18037",6964,0.0506060170659921
"18038",6963,0.0506466464317428
"18039",6962,0.0506877331351169
"18040",6961,0.0507292765593733
"18041",6960,0.0507712759096727
"18042",6959,0.0509243601943662
"18043",6958,0.0510741104666916
"18044",6957,0.0512202783802726
"18045",6956,0.051373303230071
"18046",6955,0.0515123704724983
"18047",6954,0.0518510739213121
"18048",6953,0.0521857450508097
"18049",6952,0.0525140806490876
"18050",6951,0.0528336927064161
"18051",6950,0.0531421231894136
"18052",6949,0.0535975846143392
"18053",6948,0.0540079140248283
"18054",6947,0.0543627508042952
"18055",6946,0.0546234873108116
"18056",6945,0.0548083943490263
"18057",6944,0.0548555760007558
"18058",6943,0.054813769281065
"18059",6942,0.0546812428876279
"18060",6941,0.0544578243217921
"18061",6940,0.0541449322415877
"18062",6939,0.0539967366130124
"18063",6938,0.053824953620177
"18064",6937,0.0536296672858103
"18065",6936,0.0534110811582519
"18066",6935,0.0531695209093756
"18067",6934,0.0530281717131206
"18068",6933,0.052876991442719
"18069",6932,0.0527260699881688
"18070",6931,0.0525755236056522
"18071",6930,0.0524254619095438
"18072",6929,0.0524583778499536
"18073",6928,0.0524912161154565
"18074",6927,0.0525239723817346
"18075",6926,0.0525566422560541
"18076",6925,0.0525892212778597
"18077",6924,0.0527082117364322
"18078",6923,0.0528267924296272
"18079",6922,0.0529449051893473
"18080",6921,0.0530624905737878
"18081",6920,0.0531695209093756
"18082",6919,0.0532156603419633
"18083",6918,0.0532591543927352
"18084",6917,0.0533000255364443
"18085",6916,0.053338297866645
"18086",6915,0.0533739970201475
"18087",6914,0.0533719613437978
"18088",6913,0.0533690181664079
"18089",6912,0.0533651815173964
"18090",6911,0.0533604655431916
"18091",6910,0.0533548844929929
"18092",6909,0.0533991606479694
"18093",6908,0.0534419420695663
"18094",6907,0.0534831636466572
"18095",6906,0.0535227599168374
"18096",6905,0.0535606652175265
"18097",6904,0.0534090072443508
"18098",6903,0.0532509214223488
"18099",6902,0.0530966974413643
"18100",6901,0.0529265865939566
"18101",6900,0.05275059281908
"18102",6899,0.0523817448525411
"18103",6898,0.051991802397385
"18104",6897,0.0515825197162536
"18105",6896,0.0511557415492054
"18106",6895,0.0507133874502461
"18107",6894,0.0500833592843696
"18108",6893,0.0494328911825224
"18109",6892,0.0487673135331293
"18110",6891,0.0480919430265591
"18111",6890,0.047412003287886
"18112",6889,0.0466709735297137
"18113",6888,0.0459367519339747
"18114",6887,0.0452066850384842
"18115",6886,0.0445047006104118
"18116",6885,0.0438249442435475
"18117",6884,0.0432784388926534
"18118",6883,0.042752232542085
"18119",6882,0.0422479821509836
"18120",6881,0.041766993780213
"18121",6880,0.0413102231643243
"18122",6879,0.0412442674199459
"18123",6878,0.0411794100953707
"18124",6877,0.0410957929414765
"18125",6876,0.04103326092275
"18126",6875,0.0409717291744585
"18127",6874,0.0411810504160409
"18128",6873,0.0413772017364482
"18129",6872,0.0415797351924978
"18130",6871,0.0417887958570165
"18131",6870,0.0420045123085293
"18132",6869,0.0422479821509836
"18133",6868,0.0424972729815936
"18134",6867,0.042752232542085
"18135",6866,0.0430126865849681
"18136",6865,0.0432784388926534
"18137",6864,0.0432601056506482
"18138",6863,0.0432416999825578
"18139",6862,0.0432232276223769
"18140",6861,0.0432046943891967
"18141",6860,0.0431861061855754
"18142",6859,0.0428632688196363
"18143",6858,0.0425486886970925
"18144",6857,0.0422426952354471
"18145",6856,0.0419455693699337
"18146",6855,0.041657543699421
"18147",6854,0.0411791899508922
"18148",6853,0.0407486553631107
"18149",6852,0.0403443678440579
"18150",6851,0.0399662343777882
"18151",6850,0.0396358053175939
"18152",6849,0.0392493073810204
"18153",6848,0.0388976639859076
"18154",6847,0.0385787260873113
"18155",6846,0.0382899340599164
"18156",6845,0.0380283947711776
"18157",6844,0.037900323942806
"18158",6843,0.0377775813533644
"18159",6842,0.0376594415679096
"18160",6841,0.0375451999059797
"18161",6840,0.0374341760157482
"18162",6839,0.0374086183594268
"18163",6838,0.0373836039421075
"18164",6837,0.0373591314598049
"18165",6836,0.0373351991915807
"18166",6835,0.0373118050017228
"18167",6834,0.0372879797574789
"18168",6833,0.0372639235713961
"18169",6832,0.0372396229428618
"18170",6831,0.0372150651814143
"18171",6830,0.0371902383974502
"18172",6829,0.0371231883736962
"18173",6828,0.0370578383468317
"18174",6827,0.0369843549942474
"18175",6826,0.0369120147463498
"18176",6825,0.036840601681656
"18177",6824,0.0369154041358676
"18178",6823,0.0369927970845924
"18179",6822,0.0370730487700108
"18180",6821,0.0371464890930381
"18181",6820,0.0372336788864485
"18182",6819,0.0374705869353799
"18183",6818,0.0377351442946104
"18184",6817,0.0380231902278766
"18185",6816,0.038341029751576
"18186",6815,0.0386949150829367
"18187",6814,0.0390526483933573
"18188",6813,0.0394477202543878
"18189",6812,0.0398824653567966
"18190",6811,0.0403393546519141
"18191",6810,0.0408603900860831
"18192",6809,0.0408798817500646
"18193",6808,0.0408996427390756
"18194",6807,0.0409196837540774
"18195",6806,0.0409400155805603
"18196",6805,0.0409606490835819
"18197",6804,0.040445429784965
"18198",6803,0.0399938828326201
"18199",6802,0.0395671207828956
"18200",6801,0.0391796380051905
"18201",6800,0.0388282598115338
"18202",6799,0.0383645319934147
"18203",6798,0.0379606718546707
"18204",6797,0.0376042020001062
"18205",6796,0.0372824332156359
"18206",6795,0.0370062699307634
"18207",6794,0.0367656259859122
"18208",6793,0.0365310296657032
"18209",6792,0.0362965624525658
"18210",6791,0.0360690093976189
"18211",6790,0.0358237393595774
"18212",6789,0.0356159389807769
"18213",6788,0.0353991789597874
"18214",6787,0.0351727078014186
"18215",6786,0.0349362209298519
"18216",6785,0.0346898487066927
"18217",6784,0.0344988464043265
"18218",6783,0.0343017544875356
"18219",6782,0.0340987596794347
"18220",6781,0.0338808649062011
"18221",6780,0.0336709097922479
"18222",6779,0.0334982362152482
"18223",6778,0.0333241827653134
"18224",6777,0.0331493155246998
"18225",6776,0.032964365240944
"18226",6775,0.0327912302548401
"18227",6774,0.0328138418926847
"18228",6773,0.0328362562875234
"18229",6772,0.0328584721812404
"18230",6771,0.0328910603333782
"18231",6770,0.0329135267986153
"18232",6769,0.0330628266952219
"18233",6768,0.0332122920855262
"18234",6767,0.0333615387635045
"18235",6766,0.0335101955051499
"18236",6765,0.033657906135215
"18237",6764,0.0338599763676201
"18238",6763,0.0340529729066415
"18239",6762,0.0342445066645149
"18240",6761,0.0344333469759655
"18241",6760,0.0346187797492244
"18242",6759,0.034672407918202
"18243",6758,0.0347253354432974
"18244",6757,0.0347775927669163
"18245",6756,0.034829212600381
"18246",6755,0.0348802298487861
"18247",6754,0.0347475591417649
"18248",6753,0.0346121268718787
"18249",6752,0.0344740519512838
"18250",6751,0.0343334852886792
"18251",6750,0.0341906083137869
"18252",6749,0.0338669660817863
"18253",6748,0.0335101955051499
"18254",6747,0.033169593429318
"18255",6746,0.0328284385359045
"18256",6745,0.0324840905081143
"18257",6744,0.0321342356709963
"18258",6743,0.0318152649721027
"18259",6742,0.031546050995578
"18260",6741,0.0313118981405683
"18261",6740,0.0311259819654173
"18262",6739,0.0309812024863929
"18263",6738,0.0308543431039609
"18264",6737,0.0307777978154437
"18265",6736,0.0307231555853428
"18266",6735,0.0307004729849987
"18267",6734,0.0306869487261634
"18268",6733,0.0306938067698134
"18269",6732,0.0307216113985112
"18270",6731,0.0307608531539714
"18271",6730,0.0308335466150285
"18272",6729,0.0309024962408203
"18273",6728,0.0309798993950131
"18274",6727,0.0310656706935499
"18275",6726,0.0311597055092763
"18276",6725,0.0312618807833462
"18277",6724,0.0313423104941626
"18278",6723,0.0314239502128098
"18279",6722,0.0315067423050668
"18280",6721,0.0315906301722605
"18281",6720,0.0316755582782593
"18282",6719,0.0316755510928033
"18283",6718,0.031675878072581
"18284",6717,0.0316765429593373
"18285",6716,0.0316775494063368
"18286",6715,0.0316789009761877
"18287",6714,0.0316265096444121
"18288",6713,0.031574579752014
"18289",6712,0.0315231238041574
"18290",6711,0.0314721544151042
"18291",6710,0.0314216843049218
"18292",6709,0.031355832588028
"18293",6708,0.031292549649587
"18294",6707,0.0312318650685692
"18295",6706,0.0311738066754145
"18296",6705,0.0311184004954139
"18297",6704,0.0310834232032199
"18298",6703,0.0310514910891346
"18299",6702,0.0310225797835292
"18300",6701,0.0309966612636426
"18301",6700,0.030973703903618
"18302",6699,0.030935027665502
"18303",6698,0.0308990582770406
"18304",6697,0.0308761456774006
"18305",6696,0.030846298698464
"18306",6695,0.0308192192297146
"18307",6694,0.0307569146796664
"18308",6693,0.0306976785237948
"18309",6692,0.0306416049948316
"18310",6691,0.0305887871423395
"18311",6690,0.0305393165264722
"18312",6689,0.0305184166218975
"18313",6688,0.030497811795513
"18314",6687,0.0304775061129971
"18315",6686,0.0304575036352407
"18316",6685,0.0304378084165104
"18317",6684,0.0304467109978628
"18318",6683,0.0304586007543265
"18319",6682,0.0304635260951329
"18320",6681,0.0304820491203095
"18321",6680,0.0305035308113897
"18322",6679,0.030585720880436
"18323",6678,0.0306944083635394
"18324",6677,0.0308292754046127
"18325",6676,0.0309898175893013
"18326",6675,0.0311753565181951
"18327",6674,0.0315095372333055
"18328",6673,0.0318852873658495
"18329",6672,0.0322984461735885
"18330",6671,0.0327447085198389
"18331",6670,0.0332197214656731
"18332",6669,0.0336816208764588
"18333",6668,0.0341755740894189
"18334",6667,0.0346973582221894
"18335",6666,0.0352425732098957
"18336",6665,0.0358067499197
"18337",6664,0.0363182184746481
"18338",6663,0.0368364253228241
"18339",6662,0.0373587487630862
"18340",6661,0.0378827284342637
"18341",6660,0.0384060797459013
"18342",6659,0.038717650306679
"18343",6658,0.0390273376513017
"18344",6657,0.0393347824512317
"18345",6656,0.0396396420213247
"18346",6655,0.0399415883727843
"18347",6654,0.0401079610020946
"18348",6653,0.0402732843250947
"18349",6652,0.0404375065717578
"18350",6651,0.0406005767108477
"18351",6650,0.0407624443236922
"18352",6649,0.0408589668902431
"18353",6648,0.0409550278453315
"18354",6647,0.0410506165063304
"18355",6646,0.0411457222173862
"18356",6645,0.0412403343396636
"18357",6644,0.0413446224253659
"18358",6643,0.0414485704667254
"18359",6642,0.0415521439023596
"18360",6641,0.0416553097906283
"18361",6640,0.0417580368159958
"18362",6639,0.0419727712616469
"18363",6638,0.0421843731784781
"18364",6637,0.0423835090788277
"18365",6636,0.0426002493280393
"18366",6635,0.0428039611801978
"18367",6634,0.043104118566426
"18368",6633,0.0433931509227477
"18369",6632,0.0436819172739132
"18370",6631,0.0439488946337058
"18371",6630,0.0442030530123619
"18372",6629,0.0444298176479981
"18373",6628,0.04464584422698
"18374",6627,0.044850691217008
"18375",6626,0.0450439271024426
"18376",6625,0.0452251360718993
"18377",6624,0.0453234101290424
"18378",6623,0.0454168820791271
"18379",6622,0.0455054820527344
"18380",6621,0.0455793557583969
"18381",6620,0.0456585061581739
"18382",6619,0.0456711302781928
"18383",6618,0.0456836492591803
"18384",6617,0.0456960623667662
"18385",6616,0.0457083688738959
"18386",6615,0.0457205680610273
"18387",6614,0.045678080473525
"18388",6613,0.0456351132474682
"18389",6612,0.04559167170158
"18390",6611,0.0455477610708819
"18391",6610,0.0455136564206794
"18392",6609,0.0455636207099499
"18393",6608,0.0456228351294346
"18394",6607,0.0456810153537223
"18395",6606,0.0457381467369383
"18396",6605,0.0457942143994301
"18397",6604,0.0459030978684571
"18398",6603,0.0460075420342348
"18399",6602,0.0461074194959662
"18400",6601,0.0462025993520939
"18401",6600,0.046292947480666
"18402",6599,0.0463220510171537
"18403",6598,0.0463485706365939
"18404",6597,0.0463725108611549
"18405",6596,0.0463938788649186
"18406",6595,0.0464126844543023
"18407",6594,0.04638910837874
"18408",6593,0.0463642335131196
"18409",6592,0.0463380652632753
"18410",6591,0.0463106094201192
"18411",6590,0.0462818721478217
"18412",6589,0.046211529794387
"18413",6588,0.0461317208324556
"18414",6587,0.0460425336764287
"18415",6586,0.0459440823222104
"18416",6585,0.0458365047722257
"18417",6584,0.0456820145550919
"18418",6583,0.0455178496171967
"18419",6582,0.0453553261829651
"18420",6581,0.0451739065511605
"18421",6580,0.0449838968505335
"18422",6579,0.0448704181040484
"18423",6578,0.0447545400982617
"18424",6577,0.044636316865111
"18425",6576,0.0445158011877583
"18426",6575,0.0443930446621383
"18427",6574,0.0444838147714821
"18428",6573,0.0445729751204663
"18429",6572,0.0446604993760667
"18430",6571,0.0447463611156566
"18431",6570,0.0448305338583752
"18432",6569,0.0450240953932581
"18433",6568,0.0452092634584573
"18434",6567,0.0453857216191374
"18435",6566,0.0455432470278195
"18436",6565,0.045702229887008
"18437",6564,0.0458714023781578
"18438",6563,0.0460207994718664
"18439",6562,0.0461499566884142
"18440",6561,0.0462585113366561
"18441",6560,0.0463462134440884
"18442",6559,0.046412934664538
"18443",6558,0.0464692514257909
"18444",6557,0.0464984146684552
"18445",6556,0.0465091278734708
"18446",6555,0.0465006021553281
"18447",6554,0.0464946626712286
"18448",6553,0.0464928604455895
"18449",6552,0.0464755027650161
"18450",6551,0.0464521346420871
"18451",6550,0.0464229224078362
"18452",6549,0.0464297590584124
"18453",6548,0.0464363218231858
"18454",6547,0.0464426090592552
"18455",6546,0.046438660827348
"18456",6545,0.0464445170275842
"18457",6544,0.0464445170275842
"18458",6543,0.0464445170275842
"18459",6542,0.0464445170275842
"18460",6541,0.0464445170275842
"18461",6540,0.0464445170275842
"18462",6539,0.0464278835530019
"18463",6538,0.0464102165917584
"18464",6537,0.046391533428753
"18465",6536,0.0463718519363807
"18466",6535,0.0463511905686673
"18467",6534,0.0463221507998059
"18468",6533,0.0462914495994114
"18469",6532,0.046259135404253
"18470",6531,0.0462357254181454
"18471",6530,0.0462010543622951
"18472",6529,0.0461831856682807
"18473",6528,0.0461649710349127
"18474",6527,0.0461464177240024
"18475",6526,0.0461275331023512
"18476",6525,0.0461083246403376
"18477",6524,0.0461447846395929
"18478",6523,0.0461810060109028
"18479",6522,0.0462169408886104
"18480",6521,0.0462427116204507
"18481",6520,0.0462786362733147
"18482",6519,0.0463036007722728
"18483",6518,0.0463244032551646
"18484",6517,0.0463410262964786
"18485",6516,0.046353460924081
"18486",6515,0.0463617060148587
"18487",6514,0.0463933705642464
"18488",6513,0.0464135279022572
"18489",6512,0.0464318547180726
"18490",6511,0.0464483151736067
"18491",6510,0.0464628752512645
"18492",6509,0.0464714209725236
"18493",6508,0.0464796974890771
"18494",6507,0.0464877030280648
"18495",6506,0.0464954358245345
"18496",6505,0.046502894122907
"18497",6504,0.0464538326249621
"18498",6503,0.04638866933355
"18499",6502,0.0463273626093493
"18500",6501,0.0462603650673655
"18501",6500,0.0461998183683577
"18502",6499,0.0460519128548708
"18503",6498,0.0458826030877823
"18504",6497,0.0456967471856876
"18505",6496,0.0454996213958912
"18506",6495,0.04529683635341
"18507",6494,0.0450589627670848
"18508",6493,0.0448311270925782
"18509",6492,0.0446132899753719
"18510",6491,0.044437105547322
"18511",6490,0.0442990416909319
"18512",6489,0.0442390064602939
"18513",6488,0.0442114615213857
"18514",6487,0.044210042772049
"18515",6486,0.0442558733688016
"18516",6485,0.0443405796319656
"18517",6484,0.0443574547222157
"18518",6483,0.0443925663899734
"18519",6482,0.0444359667832966
"18520",6481,0.0444879172130407
"18521",6480,0.0445395692176991
"18522",6479,0.0445395692176991
"18523",6478,0.0445395692176991
"18524",6477,0.0445395692176991
"18525",6476,0.0445395692176991
"18526",6475,0.0445395692176991
"18527",6474,0.0445224405682094
"18528",6473,0.0445174498799556
"18529",6472,0.0445042569381294
"18530",6471,0.0444926244413057
"18531",6470,0.0444825160562166
"18532",6469,0.0444093803450033
"18533",6468,0.0443400133422131
"18534",6467,0.0442745030592656
"18535",6466,0.0442129284990181
"18536",6465,0.0441553597351505
"18537",6464,0.0441619845851757
"18538",6463,0.0441692072142518
"18539",6462,0.0441872018868901
"18540",6461,0.0441958556328649
"18541",6460,0.044205060133202
"18542",6459,0.04421297702914
"18543",6458,0.0442215805175161
"18544",6457,0.0442308751091497
"18545",6456,0.0442308912262845
"18546",6455,0.0442417739283145
"18547",6454,0.0442676042345223
"18548",6453,0.044301686431849
"18549",6452,0.0443443029348589
"18550",6451,0.044386482704905
"18551",6450,0.0444481635377071
"18552",6449,0.0446287429212516
"18553",6448,0.0448330650103279
"18554",6447,0.0450603550975409
"18555",6446,0.0453096162298138
"18556",6445,0.0455796261853979
"18557",6444,0.0459133647582127
"18558",6443,0.0462866705863458
"18559",6442,0.0466980623551809
"18560",6441,0.0471454412645158
"18561",6440,0.0476260734391369
"18562",6439,0.0480855584563149
"18563",6438,0.0485530427846948
"18564",6437,0.0490336692766581
"18565",6436,0.0495236340138679
"18566",6435,0.050008917375202
"18567",6434,0.0501239335598933
"18568",6433,0.0502389105456839
"18569",6432,0.0503537910298079
"18570",6431,0.0504685168438813
"18571",6430,0.0505830289729434
"18572",6429,0.0502784442830365
"18573",6428,0.0499695688844272
"18574",6427,0.0496683638038478
"18575",6426,0.049356068797861
"18576",6425,0.0490435020242901
"18577",6424,0.048580678177797
"18578",6423,0.048116273941039
"18579",6422,0.0476742697575415
"18580",6421,0.0472464205932654
"18581",6420,0.0468355763993995
"18582",6419,0.0465988565488583
"18583",6418,0.0463688186741453
"18584",6417,0.0461459782339354
"18585",6416,0.0459308133746927
"18586",6415,0.0457237649380062
"18587",6414,0.0459152804537999
"18588",6413,0.0461157218283095
"18589",6412,0.0463248342489168
"18590",6411,0.0465423320880062
"18591",6410,0.0467678984580196
"18592",6409,0.0474179518180137
"18593",6408,0.0481165830860135
"18594",6407,0.0488650493691565
"18595",6406,0.0496244916531067
"18596",6405,0.0504083402844592
"18597",6404,0.0512315578153733
"18598",6403,0.0520339190182118
"18599",6402,0.0527945401228389
"18600",6401,0.053491256428736
"18601",6400,0.0541011107980892
"18602",6399,0.0547060261126365
"18603",6398,0.0550950438620471
"18604",6397,0.0552399270952988
"18605",6396,0.0550872910901793
"18606",6395,0.0546102624067415
"18607",6394,0.0538809230768191
"18608",6393,0.0528916430664487
"18609",6392,0.0516509198242115
"18610",6391,0.0501970171519497
"18611",6390,0.0485191551365882
"18612",6389,0.0471763539864839
"18613",6388,0.0457553281540525
"18614",6387,0.0442714305280353
"18615",6386,0.0427409255446412
"18616",6385,0.041193864779174
"18617",6384,0.0408938032935715
"18618",6383,0.0405953568605174
"18619",6382,0.0402986673925529
"18620",6381,0.0400038740281923
"18621",6380,0.0397111130542897
"18622",6379,0.0406711826528106
"18623",6378,0.0416241883041737
"18624",6377,0.042566142026252
"18625",6376,0.0434832634711381
"18626",6375,0.0443930102189317
"18627",6374,0.0456278278686185
"18628",6373,0.0468088248164888
"18629",6372,0.0479272425437796
"18630",6371,0.0489751375077102
"18631",6370,0.0499454783098146
"18632",6369,0.0507266175990235
"18633",6368,0.0514088563131185
"18634",6367,0.0520313422739525
"18635",6366,0.0525705783687861
"18636",6365,0.0530369194125287
"18637",6364,0.0532275720354873
"18638",6363,0.0534102356172846
"18639",6362,0.0535847668649545
"18640",6361,0.0537510317780293
"18641",6360,0.0539089059857829
"18642",6359,0.0538498729230535
"18643",6358,0.0537829846845674
"18644",6357,0.0536984617691787
"18645",6356,0.0536162506740028
"18646",6355,0.053525670667089
"18647",6354,0.0531243344891799
"18648",6353,0.052690612647095
"18649",6352,0.052225937864559
"18650",6351,0.051731873851982
"18651",6350,0.0512307676862627
"18652",6349,0.0509994794180873
"18653",6348,0.0507553188325621
"18654",6347,0.0504982628043336
"18655",6346,0.0502283093478136
"18656",6345,0.0499454783098146
"18657",6344,0.0497863981790317
"18658",6343,0.0496221022000488
"18659",6342,0.0494525790412388
"18660",6341,0.0492778212829637
"18661",6340,0.0490978255289583
"18662",6339,0.0492053292793655
"18663",6338,0.0493101101408553
"18664",6337,0.0494121792705913
"18665",6336,0.0495115489372519
"18666",6335,0.0496082324856893
"18667",6334,0.0499635501843574
"18668",6333,0.0503145672763702
"18669",6332,0.0506607922229956
"18670",6331,0.0509829080417435
"18671",6330,0.0513201464640868
"18672",6329,0.0515027466005519
"18673",6328,0.0516809211861965
"18674",6327,0.0518546311503074
"18675",6326,0.0520238399387798
"18676",6325,0.0521885135272806
"18677",6324,0.0519225723399724
"18678",6323,0.0516492940743162
"18679",6322,0.05136891406642
"18680",6321,0.0510816744464718
"18681",6320,0.0508084127784318
"18682",6319,0.0501309161414569
"18683",6318,0.049395522537768
"18684",6317,0.0486043142773113
"18685",6316,0.0477598557355242
"18686",6315,0.0468651856799929
"18687",6314,0.0454456343536975
"18688",6313,0.0439557662118406
"18689",6312,0.0424110594372687
"18690",6311,0.0408404794227741
"18691",6310,0.0392397799751823
"18692",6309,0.037541900618184
"18693",6308,0.0358751937192302
"18694",6307,0.034260122753014
"18695",6306,0.0327160596458797
"18696",6305,0.0312609855482895
"18697",6304,0.0297187619047932
"18698",6303,0.0283076454234561
"18699",6302,0.0270661459657707
"18700",6301,0.0259999762247254
"18701",6300,0.0251222709097734
"18702",6299,0.0243356995142598
"18703",6298,0.0237445193941477
"18704",6297,0.0233761585522753
"18705",6296,0.0232233746727921
"18706",6295,0.0232857798315195
"18707",6294,0.0236038550224505
"18708",6293,0.0241182221368905
"18709",6292,0.0248065043487072
"18710",6291,0.0256743040210228
"18711",6290,0.0266894238132766
"18712",6289,0.0278698730495502
"18713",6288,0.0291293654809264
"18714",6287,0.0304416116824115
"18715",6286,0.0317744827561337
"18716",6285,0.0330985187556412
"18717",6284,0.034383346380207
"18718",6283,0.0355807709988987
"18719",6282,0.0367036561826902
"18720",6281,0.0376814128823639
"18721",6280,0.0385161109752267
"18722",6279,0.0393644666287529
"18723",6278,0.0400300577556238
"18724",6277,0.0405169507017257
"18725",6276,0.0408381429411364
"18726",6275,0.0409489379787344
"18727",6274,0.0409099953088909
"18728",6273,0.0406877739960393
"18729",6272,0.0403662821988688
"18730",6271,0.0399319806954249
"18731",6270,0.0394128529430697
"18732",6269,0.0389537949798488
"18733",6268,0.038494589255169
"18734",6267,0.0381008963022527
"18735",6266,0.0377630437173437
"18736",6265,0.0375354794860661
"18737",6264,0.0375275682964865
"18738",6263,0.0376130814139171
"18739",6262,0.0378002186452322
"18740",6261,0.0380954972001476
"18741",6260,0.0385137856201241
"18742",6259,0.038686579301089
"18743",6258,0.0388653473491345
"18744",6257,0.0390498683710217
"18745",6256,0.0392399163218571
"18746",6255,0.0394453403525559
"18747",6254,0.0390584964735497
"18748",6253,0.0387232910804268
"18749",6252,0.0384208624975396
"18750",6251,0.0381716687193745
"18751",6250,0.0379645916740321
"18752",6249,0.0377475527103763
"18753",6248,0.0376680805665019
"18754",6247,0.0377118270088701
"18755",6246,0.0378621594891184
"18756",6245,0.0381008963022527
"18757",6244,0.0385106462361331
"18758",6243,0.0390136852498681
"18759",6242,0.0395343631093936
"18760",6241,0.0400535978323387
"18761",6240,0.0405282281434513
"18762",6239,0.0408246713691994
"18763",6238,0.0410446352755598
"18764",6237,0.0411843666134163
"18765",6236,0.0412001460479688
"18766",6235,0.0411257548328923
"18767",6234,0.0410338463513802
"18768",6233,0.040912448514438
"18769",6232,0.0407298469141396
"18770",6231,0.0405067931398591
"18771",6230,0.0402243200467166
"18772",6229,0.0401619547370246
"18773",6228,0.0400976610655557
"18774",6227,0.0400314523934087
"18775",6226,0.039963342635125
"18776",6225,0.039893346251607
"18777",6224,0.040105227965301
"18778",6223,0.0403063526673459
"18779",6222,0.0404962804588431
"18780",6221,0.0406745875099115
"18781",6220,0.0408312140634342
"18782",6219,0.0410240932796022
"18783",6218,0.0411643968143569
"18784",6217,0.0412725197923173
"18785",6216,0.0413370738054136
"18786",6215,0.0413582587561455
"18787",6214,0.0412950433554468
"18788",6213,0.0411457653340432
"18789",6212,0.0409386935960979
"18790",6211,0.0406892221285563
"18791",6210,0.0403953738674779
"18792",6209,0.0400142874539962
"18793",6208,0.039604824409303
"18794",6207,0.0391989082166029
"18795",6206,0.0388023998902364
"18796",6205,0.0384751484705584
"18797",6204,0.0381337256161694
"18798",6203,0.0378432857947036
"18799",6202,0.0376308352873397
"18800",6201,0.03752497724369
"18801",6200,0.0375552524928134
"18802",6199,0.0377246689958103
"18803",6198,0.0380587655189853
"18804",6197,0.0385914621241655
"18805",6196,0.0393228018541842
"18806",6195,0.040274672959381
"18807",6194,0.0415609507185243
"18808",6193,0.0430659456264783
"18809",6192,0.0447734786853652
"18810",6191,0.0466594651307462
"18811",6190,0.0486926634009012
"18812",6189,0.051035396636569
"18813",6188,0.053410763855101
"18814",6187,0.055767498313912
"18815",6186,0.0580857609871374
"18816",6185,0.0603011908538877
"18817",6184,0.0625556457447465
"18818",6183,0.0646426456536904
"18819",6182,0.0665766191130968
"18820",6181,0.0683674162680321
"18821",6180,0.0700574445768903
"18822",6179,0.0715640152546096
"18823",6178,0.0729893857535858
"18824",6177,0.0743764147929205
"18825",6176,0.0757093230207018
"18826",6175,0.0770268720853487
"18827",6174,0.078338908343159
"18828",6173,0.0796588568021349
"18829",6172,0.0809941034757582
"18830",6171,0.082375776926901
"18831",6170,0.083797848899676
"18832",6169,0.0848420364278879
"18833",6168,0.0858940877106848
"18834",6167,0.0869471938170931
"18835",6166,0.0879937167589172
"18836",6165,0.089025469785456
"18837",6164,0.0895097073996543
"18838",6163,0.0900228698811438
"18839",6162,0.0904832488058484
"18840",6161,0.0909188472654595
"18841",6160,0.0913490712914661
"18842",6159,0.0909791214432379
"18843",6158,0.0906135999853734
"18844",6157,0.0902327926292456
"18845",6156,0.0898469165713398
"18846",6155,0.0894564331286694
"18847",6154,0.0882275941120452
"18848",6153,0.0870151473048173
"18849",6152,0.0857887298475159
"18850",6151,0.0845595707953751
"18851",6150,0.0833372270957471
"18852",6149,0.0815185929017383
"18853",6148,0.0797549443351213
"18854",6147,0.078038212074887
"18855",6146,0.0763717677007844
"18856",6145,0.0747212659443104
"18857",6144,0.0730021763547737
"18858",6143,0.0711599040450598
"18859",6142,0.0691197489344329
"18860",6141,0.0669006245163862
"18861",6140,0.0644778003730058
"18862",6139,0.0624584572862705
"18863",6138,0.060339691215365
"18864",6137,0.0581940069715253
"18865",6136,0.0560345869811026
"18866",6135,0.0538909353189202
"18867",6134,0.0531162389935131
"18868",6133,0.0523669641876859
"18869",6132,0.0516241664779422
"18870",6131,0.0508894889923173
"18871",6130,0.0501645617081542
"18872",6129,0.0510356963509201
"18873",6128,0.0519204029790533
"18874",6127,0.0528158571818721
"18875",6126,0.0537394663448951
"18876",6125,0.0546500189669672
"18877",6124,0.0571073951226457
"18878",6123,0.059558144081111
"18879",6122,0.0619804505604176
"18880",6121,0.0642885138057922
"18881",6120,0.06646435751096
"18882",6119,0.0688714361384197
"18883",6118,0.071063458694836
"18884",6117,0.0731188267324216
"18885",6116,0.0750923405083985
"18886",6115,0.0770231980075591
"18887",6114,0.0789609584934453
"18888",6113,0.080923220678691
"18889",6112,0.0828855730369001
"18890",6111,0.0848364110706768
"18891",6110,0.0867684420460468
"18892",6109,0.0883295447748584
"18893",6108,0.0898091197940657
"18894",6107,0.0911985308104978
"18895",6106,0.0924599863808979
"18896",6105,0.093581187432783
"18897",6104,0.0942154332281601
"18898",6103,0.094804112798413
"18899",6102,0.0953545960405352
"18900",6101,0.0958746550860728
"18901",6100,0.0963427338095694
"18902",6099,0.096453442754573
"18903",6098,0.0965656759567792
"18904",6097,0.096679359623854
"18905",6096,0.096794410563785
"18906",6095,0.0969107360263516
"18907",6094,0.0966613120502875
"18908",6093,0.09637481359264
"18909",6092,0.0960559616102669
"18910",6091,0.0956905504466121
"18911",6090,0.0952756646706635
"18912",6089,0.0943318398205142
"18913",6088,0.0933198687805299
"18914",6087,0.0922403673141062
"18915",6086,0.0911066073689513
"18916",6085,0.0899438356290673
"18917",6084,0.0886454357056352
"18918",6083,0.0873401980785531
"18919",6082,0.0859989621525526
"18920",6081,0.0846398132755183
"18921",6080,0.0832805376937662
"18922",6079,0.082139796811887
"18923",6078,0.0810186444542455
"18924",6077,0.0799248346769317
"18925",6076,0.0788747003130803
"18926",6075,0.0778505736822485
"18927",6074,0.0774312084785828
"18928",6073,0.0770000640409414
"18929",6072,0.0765547957977397
"18930",6071,0.0760935281651122
"18931",6070,0.0756148644089812
"18932",6069,0.0757093230207018
"18933",6068,0.0758037045531252
"18934",6067,0.0758980163546436
"18935",6066,0.0759922656911357
"18936",6065,0.0760864597428564
"18937",6064,0.0768379420914537
"18938",6063,0.077580311557805
"18939",6062,0.0783185902495695
"18940",6061,0.0790577521256163
"18941",6060,0.0798025309455098
"18942",6059,0.0803898099871404
"18943",6058,0.0809941034757582
"18944",6057,0.0816036436154802
"18945",6056,0.0822167745330677
"18946",6055,0.0828317631758319
"18947",6054,0.0825181881380176
"18948",6053,0.082203451069275
"18949",6052,0.0818879051139859
"18950",6051,0.0815719140665033
"18951",6050,0.0812558516066939
"18952",6049,0.0802747218096
"18953",6048,0.0793257371647914
"18954",6047,0.078386735926535
"18955",6046,0.0774639597546018
"18956",6045,0.0765519819267527
"18957",6044,0.0757268140074625
"18958",6043,0.0748684159005384
"18959",6042,0.0739600619091461
"18960",6041,0.0730077222419939
"18961",6040,0.0720186964329996
"18962",6039,0.0718073793273743
"18963",6038,0.071594640170142
"18964",6037,0.0713804318023792
"18965",6036,0.0711647081692711
"18966",6035,0.0709474244255122
"18967",6034,0.0710913079439705
"18968",6033,0.0712389691102215
"18969",6032,0.0713901162014468
"18970",6031,0.0715545352684031
"18971",6030,0.0717227221622024
"18972",6029,0.0720521908823455
"18973",6028,0.0723791649459404
"18974",6027,0.0727037420601851
"18975",6026,0.0730260227442322
"18976",6025,0.0733461097970421
"18977",6024,0.0737696611014454
"18978",6023,0.0741897495510979
"18979",6022,0.0746066277080542
"18980",6021,0.0750205475786388
"18981",6020,0.0754317584772195
"18982",6019,0.0759128441960837
"18983",6018,0.0763953262990199
"18984",6017,0.0768782629663528
"18985",6016,0.077360682579095
"18986",6015,0.0778416011510051
"18987",6014,0.0785516829548303
"18988",6013,0.0792558959066336
"18989",6012,0.0799545706300966
"18990",6011,0.0806479216205282
"18991",6010,0.081336038364491
"18992",6009,0.0823354304628442
"18993",6008,0.0833341226280691
"18994",6007,0.084327382315506
"18995",6006,0.0853211248068055
"18996",6005,0.0863208171716786
"18997",6004,0.0884333188964757
"18998",6003,0.0904884729750768
"18999",6002,0.0924610109158449
"19000",6001,0.0943107651291202
"19001",6000,0.0959357574285057
"19002",5999,0.0974663713843437
"19003",5998,0.0984447004954067
"19004",5997,0.0988683000534156
"19005",5996,0.0988874858485251
"19006",5995,0.0986608021394471
"19007",5994,0.0984740993232201
"19008",5993,0.0983530421722081
"19009",5992,0.0983898415386302
"19010",5991,0.0986544119489088
"19011",5990,0.0992122613226001
"19012",5989,0.100172398930238
"19013",5988,0.10156089719609
"19014",5987,0.103418255020955
"19015",5986,0.105728667817417
"19016",5985,0.108487308193512
"19017",5984,0.109500910659238
"19018",5983,0.110558703280946
"19019",5982,0.111658607917809
"19020",5981,0.112798302804634
"19021",5980,0.113975228414056
"19022",5979,0.112859187753775
"19023",5978,0.111788929538943
"19024",5977,0.110765916918017
"19025",5976,0.109791318096724
"19026",5975,0.10886600701818
"19027",5974,0.1074668456934
"19028",5973,0.106187905550291
"19029",5972,0.105030149360806
"19030",5971,0.103992947179877
"19031",5970,0.103074125727257
"19032",5969,0.102024743498611
"19033",5968,0.101108101847701
"19034",5967,0.100342877814359
"19035",5966,0.0997149814986103
"19036",5965,0.0992192138212756
"19037",5964,0.0989751768351267
"19038",5963,0.0987888757307886
"19039",5962,0.0986548830053629
"19040",5961,0.0985673551607695
"19041",5960,0.0985200842115077
"19042",5959,0.0985511104471413
"19043",5958,0.0985640676845609
"19044",5957,0.0985873935989747
"19045",5956,0.0986094872773973
"19046",5955,0.0986290372306636
"19047",5954,0.0986286471464193
"19048",5953,0.0986290402855845
"19049",5952,0.0986302904483133
"19050",5951,0.0986324711863708
"19051",5950,0.0986356557709757
"19052",5949,0.0986472941944596
"19053",5948,0.0986601883311013
"19054",5947,0.098714480238155
"19055",5946,0.0988084689482676
"19056",5945,0.0989517209880521
"19057",5944,0.0992796475698794
"19058",5943,0.0997510876561294
"19059",5942,0.100385797755587
"19060",5941,0.101200556264212
"19061",5940,0.102219856192332
"19062",5939,0.103804389101861
"19063",5938,0.105653651830153
"19064",5937,0.107754149187883
"19065",5936,0.110085345437619
"19066",5935,0.112619992420103
"19067",5934,0.115112222731904
"19068",5933,0.117737673098014
"19069",5932,0.120472724311302
"19070",5931,0.123272743395467
"19071",5930,0.126120815267349
"19072",5929,0.128411990163155
"19073",5928,0.130703488475679
"19074",5927,0.132973053386349
"19075",5926,0.135197400552429
"19076",5925,0.13735247322417
"19077",5924,0.139013655003788
"19078",5923,0.140578353017196
"19079",5922,0.142033388924113
"19080",5921,0.143366089524334
"19081",5920,0.144564416787594
"19082",5919,0.145587796022344
"19083",5918,0.146403972416031
"19084",5917,0.147003895767788
"19085",5916,0.147380586257287
"19086",5915,0.147529199183019
"19087",5914,0.147588793921436
"19088",5913,0.147290304842069
"19089",5912,0.14661034592779
"19090",5911,0.145559694184197
"19091",5910,0.144137797246708
"19092",5909,0.141816098538346
"19093",5908,0.138948896985465
"19094",5907,0.135575245835582
"19095",5906,0.131779034317813
"19096",5905,0.127607635017716
"19097",5904,0.122735195614722
"19098",5903,0.117705924155659
"19099",5902,0.112597486634635
"19100",5901,0.107454527649684
"19101",5900,0.102335973918685
"19102",5899,0.0975260766859069
"19103",5898,0.0927847472929956
"19104",5897,0.0881510635901749
"19105",5896,0.083648150689445
"19106",5895,0.0793320543165915
"19107",5894,0.0757526329784526
"19108",5893,0.0723006515081156
"19109",5892,0.0689876423247297
"19110",5891,0.0658140750737354
"19111",5890,0.062802409479387
"19112",5889,0.0608903400163839
"19113",5888,0.059073151706188
"19114",5887,0.0573316489085136
"19115",5886,0.0556758674178305
"19116",5885,0.0541066885144666
"19117",5884,0.0532816062519525
"19118",5883,0.0524825563288537
"19119",5882,0.0517096956230695
"19120",5881,0.0509631784063118
"19121",5880,0.0502431531656809
"19122",5879,0.0499749483397565
"19123",5878,0.0497101716830823
"19124",5877,0.0494488499821023
"19125",5876,0.0491910048568059
"19126",5875,0.0489366529420129
"19127",5874,0.0490635319751842
"19128",5873,0.0491911107701287
"19129",5872,0.0493193886952337
"19130",5871,0.0494483651264045
"19131",5870,0.0495780394471963
"19132",5869,0.0495780394471963
"19133",5868,0.0495780394471963
"19134",5867,0.0495780394471963
"19135",5866,0.0495780394471963
"19136",5865,0.0495780394471963
"19137",5864,0.049256903832179
"19138",5863,0.048939097208955
"19139",5862,0.0486246152617225
"19140",5861,0.0483134529786838
"19141",5860,0.0480056047800958
"19142",5859,0.0473382328378359
"19143",5858,0.0466885219472079
"19144",5857,0.046056515757539
"19145",5856,0.0454422700807072
"19146",5855,0.0448458540321837
"19147",5854,0.0443250313587733
"19148",5853,0.0438223490188875
"19149",5852,0.0433379400707944
"19150",5851,0.042871937371944
"19151",5850,0.0424244723052974
"19152",5849,0.0421649449843631
"19153",5848,0.04191216470582
"19154",5847,0.0416661579532913
"19155",5846,0.0414170796320557
"19156",5845,0.0411850998049093
"19157",5844,0.0406704260200153
"19158",5843,0.0401932384399663
"19159",5842,0.0397537859624335
"19160",5841,0.0393522722318264
"19161",5840,0.0389800685066801
"19162",5839,0.0387712363142566
"19163",5838,0.0385951476702103
"19164",5837,0.0384314032097486
"19165",5836,0.0382800053934363
"19166",5835,0.0381409484297263
"19167",5834,0.0384314032097486
"19168",5833,0.0387712363142566
"19169",5832,0.0391822505497157
"19170",5831,0.0396351887864952
"19171",5830,0.0401281439315618
"19172",5829,0.0415059292692618
"19173",5828,0.0431493228369893
"19174",5827,0.0450592327596731
"19175",5826,0.0472284713836628
"19176",5825,0.0496503845566294
"19177",5824,0.0512538732817235
"19178",5823,0.0529565075902941
"19179",5822,0.0547570543634238
"19180",5821,0.0566546258112196
"19181",5820,0.0586394094172556
"19182",5819,0.0593426046488046
"19183",5818,0.060056503287808
"19184",5817,0.0607811295738475
"19185",5816,0.0615165095092762
"19186",5815,0.0622626703144694
"19187",5814,0.0632105743631047
"19188",5813,0.0641754212892333
"19189",5812,0.0651572633312545
"19190",5811,0.0661561485639225
"19191",5810,0.0671721186207734
"19192",5809,0.0684138800775888
"19193",5808,0.0696803250123069
"19194",5807,0.0709714582211562
"19195",5806,0.0722975794035007
"19196",5805,0.073639343156129
"19197",5804,0.0743708469508178
"19198",5803,0.0751085037820154
"19199",5802,0.0758521302413067
"19200",5801,0.0766015290081406
"19201",5800,0.0773564889657486
"19202",5799,0.0768872584469999
"19203",5798,0.0764206343877545
"19204",5797,0.0759566288536436
"19205",5796,0.0754952530931426
"19206",5795,0.0750365175623456
"19207",5794,0.0746337977002694
"19208",5793,0.0742344582023461
"19209",5792,0.0738384924460781
"19210",5791,0.0734458948696624
"19211",5790,0.0730566609551837
"19212",5789,0.0732231609146512
"19213",5788,0.0733908738069444
"19214",5787,0.073559799649151
"19215",5786,0.0737299387060015
"19216",5785,0.0739012915013298
"19217",5784,0.0744068385369401
"19218",5783,0.0749150546411741
"19219",5782,0.0754258392514539
"19220",5781,0.0759390876193197
"19221",5780,0.0764546909123019
"19222",5779,0.0766326299926791
"19223",5778,0.0768117774570243
"19224",5777,0.0769921350426045
"19225",5776,0.0771737047728553
"19226",5775,0.0773564889657486
"19227",5774,0.0774085106034213
"19228",5773,0.0774608232148637
"19229",5772,0.0775134158020021
"19230",5771,0.0775662773626771
"19231",5770,0.0776193968947831
"19232",5769,0.0764546909123019
"19233",5768,0.0753058718520902
"19234",5767,0.0741731384493089
"19235",5766,0.0730566609551837
"19236",5765,0.0719565833571996
"19237",5764,0.0703878563242536
"19238",5763,0.0688424808038146
"19239",5762,0.0673409389841109
"19240",5761,0.0658727567513729
"19241",5760,0.0644382802813313
"19242",5759,0.0620176358446977
"19243",5758,0.0597112612868045
"19244",5757,0.0575297888366219
"19245",5756,0.0554534077294527
"19246",5755,0.0534921618086278
"19247",5754,0.0511078212175036
"19248",5753,0.0488980799294816
"19249",5752,0.0468646355208463
"19250",5751,0.0450100980636962
"19251",5750,0.0433379400707944
"19252",5749,0.0419727211879007
"19253",5748,0.0407941613081839
"19254",5747,0.0398241015288754
"19255",5746,0.0390433213661558
"19256",5745,0.0384559072747735
"19257",5744,0.0380710690605476
"19258",5743,0.0377792296463857
"19259",5742,0.0375713360494818
"19260",5741,0.0374665906113803
"19261",5740,0.0374644414021734
"19262",5739,0.0375513566859072
"19263",5738,0.0376819361209356
"19264",5737,0.0378458353944826
"19265",5736,0.0380428794215346
"19266",5735,0.0382992666221862
"19267",5734,0.038598149459313
"19268",5733,0.0389200624306871
"19269",5732,0.0392633201904178
"19270",5731,0.0396262072152497
"19271",5730,0.0400069867275828
"19272",5729,0.0403264895639351
"19273",5728,0.0406822348075689
"19274",5727,0.0410614616385837
"19275",5726,0.0414627162036974
"19276",5725,0.0418844641903751
"19277",5724,0.0424103763812653
"19278",5723,0.0429424186195535
"19279",5722,0.0434966564318985
"19280",5721,0.0440603506585066
"19281",5720,0.0446310312505502
"19282",5719,0.045062155423105
"19283",5718,0.04549481823348
"19284",5717,0.0459280198435567
"19285",5716,0.046360779857718
"19286",5715,0.0468021810880494
"19287",5714,0.0472316285649671
"19288",5713,0.047668112307616
"19289",5712,0.0480916913361035
"19290",5711,0.0485105242691058
"19291",5710,0.0489238286402225
"19292",5709,0.0492787482698916
"19293",5708,0.0496313808569382
"19294",5707,0.049952405004423
"19295",5706,0.0503015487021295
"19296",5705,0.0506462916893478
"19297",5704,0.0507105980767327
"19298",5703,0.0507746333845658
"19299",5702,0.0508383952475923
"19300",5701,0.0509018813387318
"19301",5700,0.0509650893692251
"19302",5699,0.0508809967424809
"19303",5698,0.0507969169457229
"19304",5697,0.0507128716002174
"19305",5696,0.0506288822132439
"19306",5695,0.050544970163666
"19307",5694,0.0503084665246996
"19308",5693,0.0500663874061294
"19309",5692,0.0498187772134566
"19310",5691,0.0495968568250994
"19311",5690,0.0493399103858311
"19312",5689,0.0490491493190878
"19313",5688,0.0487574498965778
"19314",5687,0.0484651831090622
"19315",5686,0.0481727227769254
"19316",5685,0.047880444685102
"19317",5684,0.0478191600552326
"19318",5683,0.0477474480591808
"19319",5682,0.0476853721351515
"19320",5681,0.0476225918435345
"19321",5680,0.0475591074066255
"19322",5679,0.0474781748001653
"19323",5678,0.0473978024159547
"19324",5677,0.0473180111170489
"19325",5676,0.0472388214398675
"19326",5675,0.0471602535834794
"19327",5674,0.046945632884072
"19328",5673,0.0467203840440395
"19329",5672,0.0465047687941941
"19330",5671,0.046288724806234
"19331",5670,0.0460723700432538
"19332",5669,0.0460002033427485
"19333",5668,0.0459280198435567
"19334",5667,0.0458558240271692
"19335",5666,0.0457836203924441
"19336",5665,0.0457114134552191
"19337",5664,0.0467252678923342
"19338",5663,0.0477474480591808
"19339",5662,0.0487574498965778
"19340",5661,0.0497317072809754
"19341",5660,0.0506462916893478
"19342",5659,0.0520293067829868
"19343",5658,0.0532432860967034
"19344",5657,0.0542557938683951
"19345",5656,0.0551230668652292
"19346",5655,0.0558239849711606
"19347",5654,0.0562841893945184
"19348",5653,0.056664372889853
"19349",5652,0.0569631578156877
"19350",5651,0.0572085968683482
"19351",5650,0.0574131128924464
"19352",5649,0.0574947305429716
"19353",5648,0.0575674345862159
"19354",5647,0.0576323585475743
"19355",5646,0.0576905204110222
"19356",5645,0.0577428120927471
"19357",5644,0.0577524912843271
"19358",5643,0.0577613935060466
"19359",5642,0.0577695441103654
"19360",5641,0.0577769692972872
"19361",5640,0.0577836960662686
"19362",5639,0.0577626765929002
"19363",5638,0.0577410407061812
"19364",5637,0.0577187585983797
"19365",5636,0.0576957802427674
"19366",5635,0.0576720347247384
"19367",5634,0.0576299461706971
"19368",5633,0.0575837905280987
"19369",5632,0.0575329197588813
"19370",5631,0.0574669245596559
"19371",5630,0.0574049529923952
"19372",5629,0.0573463397103239
"19373",5628,0.0572821219212712
"19374",5627,0.0572117811171557
"19375",5626,0.0571347884882267
"19376",5625,0.0570506082324687
"19377",5624,0.0568832870230446
"19378",5623,0.0567028667551369
"19379",5622,0.056506923206913
"19380",5621,0.0562727065602944
"19381",5620,0.0560179368080915
"19382",5619,0.0556912745620503
"19383",5618,0.0553232976069803
"19384",5617,0.054912244117824
"19385",5616,0.0544568344261371
"19386",5615,0.0539563225281044
"19387",5614,0.0541649990176316
"19388",5613,0.0543642486326996
"19389",5612,0.0545542879942432
"19390",5611,0.0547353519621692
"19391",5610,0.0549076914776123
"19392",5609,0.0556094224121578
"19393",5608,0.0561695248109165
"19394",5607,0.0566239210191833
"19395",5606,0.0569781732830824
"19396",5605,0.0572479389945206
"19397",5604,0.0575111261566873
"19398",5603,0.0576891463062051
"19399",5602,0.0578205732143419
"19400",5601,0.0579368294059373
"19401",5600,0.0580373992938937
"19402",5599,0.0581023994962432
"19403",5598,0.0581550220817527
"19404",5597,0.0581664942668139
"19405",5596,0.0581165357499176
"19406",5595,0.0580094689073685
"19407",5594,0.0577541095307218
"19408",5593,0.0573591435944783
"19409",5592,0.0568080826892883
"19410",5591,0.056104879525067
"19411",5590,0.0552352101439415
"19412",5589,0.054011797524644
"19413",5588,0.0526351053124321
"19414",5587,0.0512037869908988
"19415",5586,0.0498013864025205
"19416",5585,0.0485650241727144
"19417",5584,0.0476719079977806
"19418",5583,0.0472287304673978
"19419",5582,0.0473595697645927
"19420",5581,0.0481528603551131
"19421",5580,0.0496759734603342
"19422",5579,0.0509820325522726
"19423",5578,0.0525946907980068
"19424",5577,0.0544742340197153
"19425",5576,0.0565924202503183
"19426",5575,0.0589111267882868
"19427",5574,0.0605184655074339
"19428",5573,0.0621679834019137
"19429",5572,0.06385405668277
"19430",5571,0.0655622374188539
"19431",5570,0.0672752444886963
"19432",5569,0.0680526683500921
"19433",5568,0.0688354718677893
"19434",5567,0.0696117891516748
"19435",5566,0.0703799675456079
"19436",5565,0.0711383796833761
"19437",5564,0.0710342290597776
"19438",5563,0.0709285847479543
"19439",5562,0.0708214498896323
"19440",5561,0.0707128285377297
"19441",5560,0.0706027256989822
"19442",5559,0.0705649554142543
"19443",5558,0.0705265336973897
"19444",5557,0.0704875012299603
"19445",5556,0.0704478980943661
"19446",5555,0.0704077634975397
"19447",5554,0.0707577412352837
"19448",5553,0.0711018414652494
"19449",5552,0.0714399308124539
"19450",5551,0.0717718868224204
"19451",5550,0.0720975976057951
"19452",5549,0.0724470943704347
"19453",5548,0.0727932083909004
"19454",5547,0.0731357749827764
"19455",5546,0.073474632810085
"19456",5545,0.0738096240569985
"19457",5544,0.0737336173010469
"19458",5543,0.0736561116285165
"19459",5542,0.0735771002230643
"19460",5541,0.0734965763802454
"19461",5540,0.0734145335650158
"19462",5539,0.0726840254713115
"19463",5538,0.0719449546921792
"19464",5537,0.0711990762577861
"19465",5536,0.0704481350371189
"19466",5535,0.0696938572236539
"19467",5534,0.06859255614346
"19468",5533,0.0674788758638648
"19469",5532,0.0663371384210436
"19470",5531,0.0651934142920305
"19471",5530,0.0640241456544487
"19472",5529,0.0631422501886643
"19473",5528,0.0622755365164533
"19474",5527,0.0614261922282783
"19475",5526,0.0605962674980782
"19476",5525,0.0597876697973208
"19477",5524,0.0597876697973208
"19478",5523,0.0597876697973208
"19479",5522,0.0597876697973208
"19480",5521,0.0597876697973208
"19481",5520,0.0597876697973208
"19482",5519,0.0601421842243301
"19483",5518,0.0604995091257402
"19484",5517,0.0608594758396148
"19485",5516,0.0612219128649723
"19486",5515,0.0615866460027972
"19487",5514,0.0612423507111854
"19488",5513,0.0609035132617527
"19489",5512,0.0605702541479449
"19490",5511,0.0602426854522019
"19491",5510,0.0599209109120467
"19492",5509,0.058418819229269
"19493",5508,0.0569712240404347
"19494",5507,0.0555836223199258
"19495",5506,0.0542866070710616
"19496",5505,0.053079310176283
"19497",5504,0.0520238064086033
"19498",5503,0.0510998165753852
"19499",5502,0.0502747827176931
"19500",5501,0.0495676737700845
"19501",5500,0.0489792899488209
"19502",5499,0.0487567399210607
"19503",5498,0.0485564866335886
"19504",5497,0.0483685058280267
"19505",5496,0.0481929149058243
"19506",5495,0.0480298094769837
"19507",5494,0.0482833916119882
"19508",5493,0.0485731752094088
"19509",5492,0.0489091677677272
"19510",5491,0.0492713022830483
"19511",5490,0.0496687343000574
"19512",5489,0.0503384874839081
"19513",5488,0.0511094754145516
"19514",5487,0.0520239556288948
"19515",5486,0.0530556102658691
"19516",5485,0.054200909287758
"19517",5484,0.0561623889622543
"19518",5483,0.05830536191107
"19519",5482,0.0605733932459174
"19520",5481,0.0629278659408058
"19521",5480,0.0653309752301586
"19522",5479,0.0678493890623283
"19523",5478,0.0703466479876377
"19524",5477,0.0727707724206305
"19525",5476,0.0750552605052885
"19526",5475,0.0771491553507401
"19527",5474,0.0789896353489766
"19528",5473,0.0805215137421954
"19529",5472,0.0817433438567684
"19530",5471,0.0826330125978182
"19531",5470,0.0832004245526027
"19532",5469,0.0835224131265866
"19533",5468,0.083666413166588
"19534",5467,0.0835864098844205
"19535",5466,0.0832971281175228
"19536",5465,0.0827937348729173
"19537",5464,0.0821976640561402
"19538",5463,0.081474452755749
"19539",5462,0.0806184500570235
"19540",5461,0.0796376981364417
"19541",5460,0.07850778824733
"19542",5459,0.0780050638430666
"19543",5458,0.0774680479757548
"19544",5457,0.0768959548060555
"19545",5456,0.0762879976523274
"19546",5455,0.0756434083705296
"19547",5454,0.0751436010424781
"19548",5453,0.0746279917225947
"19549",5452,0.0740967393168854
"19550",5451,0.0735500445481534
"19551",5450,0.0729881512709877
"19552",5449,0.0713670909550471
"19553",5448,0.0696412266992884
"19554",5447,0.0678209622869111
"19555",5446,0.0659306249442693
"19556",5445,0.0639674548083183
"19557",5444,0.0602922369981665
"19558",5443,0.0566001911881792
"19559",5442,0.0530067023519125
"19560",5441,0.0496601692244368
"19561",5440,0.0467150441888072
"19562",5439,0.0445933890878568
"19563",5438,0.0429028742468746
"19564",5437,0.0416699589056477
"19565",5436,0.040922528405206
"19566",5435,0.0406960407835953
"19567",5434,0.0407723466036463
"19568",5433,0.0409517328937275
"19569",5432,0.0412320754433584
"19570",5431,0.0416311667376756
"19571",5430,0.0421356762977029
"19572",5429,0.041999850273716
"19573",5428,0.0418704525334147
"19574",5427,0.0417475398713606
"19575",5426,0.0416311667376756
"19576",5425,0.0415213852204505
"19577",5424,0.0411102159826
"19578",5423,0.0408480793223746
"19579",5422,0.0407076279492772
"19580",5421,0.0407207359784177
"19581",5420,0.0408679850381905
"19582",5419,0.0411706180666649
"19583",5418,0.0417327998161584
"19584",5417,0.0425434368252128
"19585",5416,0.0435983150066989
"19586",5415,0.0449158726903743
"19587",5414,0.0462054783848848
"19588",5413,0.0475841962347684
"19589",5412,0.0490389534732221
"19590",5411,0.0505661946052722
"19591",5410,0.0521415629126884
"19592",5409,0.0535333502590434
"19593",5408,0.0549614107374305
"19594",5407,0.0564167951966792
"19595",5406,0.0578905068351975
"19596",5405,0.0593636085102199
"19597",5404,0.0601065989593209
"19598",5403,0.0608486228983115
"19599",5402,0.0615886286391148
"19600",5401,0.0623255873467488
"19601",5400,0.063058495980896
"19602",5399,0.063058495980896
"19603",5398,0.063058495980896
"19604",5397,0.063058495980896
"19605",5396,0.063058495980896
"19606",5395,0.063058495980896
"19607",5394,0.0626926095275922
"19608",5393,0.0623255873467488
"19609",5392,0.0619575522002823
"19610",5391,0.0615886286391148
"19611",5390,0.0612189429163587
"19612",5389,0.0621416886507092
"19613",5388,0.063058495980896
"19614",5387,0.0639674548083183
"19615",5386,0.0648667313373432
"19616",5385,0.0657545756323233
"19617",5384,0.0674808383673078
"19618",5383,0.069153652364921
"19619",5382,0.0707511396414941
"19620",5381,0.0722648549465778
"19621",5380,0.0736881533743346
"19622",5379,0.0752700396204783
"19623",5378,0.076709646850497
"19624",5377,0.0780050169045039
"19625",5376,0.0791569479947843
"19626",5375,0.0801684448328014
"19627",5374,0.08075749340453
"19628",5373,0.0812985172840651
"19629",5372,0.0817823842631736
"19630",5371,0.0822109008468221
"19631",5370,0.0825858444913524
"19632",5369,0.0826290310336549
"19633",5368,0.0826714102306517
"19634",5367,0.0827129852133366
"19635",5366,0.0827537590755951
"19636",5365,0.0827937348729173
"19637",5364,0.0825245557669834
"19638",5363,0.0822317210583552
"19639",5362,0.0819147824206026
"19640",5361,0.0815733668324029
"19641",5360,0.0812071870316817
"19642",5359,0.0808249598157919
"19643",5358,0.0804115729068857
"19644",5357,0.0799460754679238
"19645",5356,0.0794367452880459
"19646",5355,0.0788822804496909
"19647",5354,0.078524404667598
"19648",5353,0.0781565148588875
"19649",5352,0.0777788945478791
"19650",5351,0.0773918546023163
"19651",5350,0.0769957317234562
"19652",5349,0.0778045210446594
"19653",5348,0.0785650589594959
"19654",5347,0.0792763562234337
"19655",5346,0.0799378745532229
"19656",5345,0.0805395100906409
"19657",5344,0.0811024279398209
"19658",5343,0.0816075175855973
"19659",5342,0.0820565793169907
"19660",5341,0.0824514089542665
"19661",5340,0.0827937348729173
"19662",5339,0.0827937348729173
"19663",5338,0.0827937348729173
"19664",5337,0.0827937348729173
"19665",5336,0.0827937348729173
"19666",5335,0.0827937348729173
"19667",5334,0.0820565793169907
"19668",5333,0.0811024279398209
"19669",5332,0.0799285059312075
"19670",5331,0.0785022912285775
"19671",5330,0.0768231092099511
"19672",5329,0.073270980765681
"19673",5328,0.0689896058646024
"19674",5327,0.0641481419491419
"19675",5326,0.0590024355355976
"19676",5325,0.0538873125476353
"19677",5324,0.0484312147598
"19678",5323,0.0441506726655737
"19679",5322,0.041501479426286
"19680",5321,0.0407019960113535
"19681",5320,0.0418081821093211
"19682",5319,0.0442678881959988
"19683",5318,0.0478638031971951
"19684",5317,0.0522993776233353
"19685",5316,0.0572375370406552
"19686",5315,0.0622199083358764
"19687",5314,0.0659052810913299
"19688",5313,0.0691771098056528
"19689",5312,0.0719061562823379
"19690",5311,0.0739614169792256
"19691",5310,0.0753923375508977
"19692",5309,0.0760465504038159
"19693",5308,0.0764303525498737
"19694",5307,0.0766461813855888
"19695",5306,0.076740091136612
"19696",5305,0.0768521026592275
"19697",5304,0.0769983379365191
"19698",5303,0.0772494919364741
"19699",5302,0.0776070787733713
"19700",5301,0.0781080968307767
"19701",5300,0.0787563601906635
"19702",5299,0.0791244487995008
"19703",5298,0.0795796442905733
"19704",5297,0.0801170311340352
"19705",5296,0.0807608900511042
"19706",5295,0.0815145348586774
"19707",5294,0.0826324646673598
"19708",5293,0.0838795581119332
"19709",5292,0.0852529545979157
"19710",5291,0.086747911848896
"19711",5290,0.0883578551588481
"19712",5289,0.090860562935728
"19713",5288,0.0935641963155011
"19714",5287,0.0964327125670751
"19715",5286,0.0994030601696951
"19716",5285,0.10244689985397
"19717",5284,0.105255911008853
"19718",5283,0.107983990808888
"19719",5282,0.110591587614381
"19720",5281,0.113061958282603
"19721",5280,0.115364191355164
"19722",5279,0.117381080536552
"19723",5278,0.119228955338441
"19724",5277,0.120888970080094
"19725",5276,0.122346004812606
"19726",5275,0.123588980489721
"19727",5274,0.12435443624311
"19728",5273,0.125012149124267
"19729",5272,0.125542328319036
"19730",5271,0.125955602474914
"19731",5270,0.126254246051514
"19732",5269,0.126384122754969
"19733",5268,0.126471507310101
"19734",5267,0.126517544990442
"19735",5266,0.126514921039613
"19736",5265,0.126483447439935
"19737",5264,0.12643130188617
"19738",5263,0.126356076781712
"19739",5262,0.126258631483543
"19740",5261,0.126139856229038
"19741",5260,0.126000668272007
"19742",5259,0.125883446402048
"19743",5258,0.125755674942946
"19744",5257,0.125617763035593
"19745",5256,0.125470124048586
"19746",5255,0.125313174662331
"19747",5254,0.12538682632439
"19748",5253,0.12545958244546
"19749",5252,0.12553143088854
"19750",5251,0.125602359770363
"19751",5250,0.125672357478657
"19752",5249,0.125958140626837
"19753",5248,0.126216979662645
"19754",5247,0.126446780908961
"19755",5246,0.126645483321676
"19756",5245,0.126811071892993
"19757",5244,0.126918384358319
"19758",5243,0.127002282872838
"19759",5242,0.127061833528826
"19760",5241,0.127096141004922
"19761",5240,0.127104352785542
"19762",5239,0.127096141004922
"19763",5238,0.127061833528826
"19764",5237,0.127002282872838
"19765",5236,0.126918384358319
"19766",5235,0.126811071892993
"19767",5234,0.126478940812447
"19768",5233,0.126098593770666
"19769",5232,0.125676146505731
"19770",5231,0.125217473023898
"19771",5230,0.124728158682737
"19772",5229,0.124916595010682
"19773",5228,0.125105345371693
"19774",5227,0.125294301524408
"19775",5226,0.125483347122064
"19776",5225,0.125672357478657
"19777",5224,0.125882231875825
"19778",5223,0.126052561420147
"19779",5222,0.126181622530803
"19780",5221,0.126267896050451
"19781",5220,0.126310076695702
"19782",5219,0.126299332004193
"19783",5218,0.126258170144409
"19784",5217,0.12618713217364
"19785",5216,0.126086869194252
"19786",5215,0.125958140626837
"19787",5214,0.125231019855754
"19788",5213,0.12437793509693
"19789",5212,0.12342773157524
"19790",5211,0.122408012712812
"19791",5210,0.121327134021109
"19792",5209,0.120782404097063
"19793",5208,0.120243429916782
"19794",5207,0.119711499920629
"19795",5206,0.119198253925984
"19796",5205,0.118684405584633
"19797",5204,0.119198253925984
"19798",5203,0.119711499920629
"19799",5202,0.120243429916782
"19800",5201,0.120782404097063
"19801",5200,0.121327134021109
"19802",5199,0.121864254073635
"19803",5198,0.12236366140429
"19804",5197,0.122838620994101
"19805",5196,0.123285175541504
"19806",5195,0.123699430994275
"19807",5194,0.124322011414718
"19808",5193,0.12491594446806
"19809",5192,0.125473594847466
"19810",5191,0.125986767802667
"19811",5190,0.126446780908961
"19812",5189,0.126811071892993
"19813",5188,0.127035158595051
"19814",5187,0.127104352785542
"19815",5186,0.127005552906126
"19816",5185,0.126741113119756
"19817",5184,0.12630426802223
"19818",5183,0.125769240706761
"19819",5182,0.125127897255
"19820",5181,0.124403555032836
"19821",5180,0.123588980489721
"19822",5179,0.123407853313309
"19823",5178,0.123208017734675
"19824",5177,0.122988997950077
"19825",5176,0.122750339580254
"19826",5175,0.122491612556371
"19827",5174,0.122357849506536
"19828",5173,0.122222243295618
"19829",5172,0.122084802732959
"19830",5171,0.121945536940489
"19831",5170,0.121804455351252
"19832",5169,0.120766898876633
"19833",5168,0.119644662678764
"19834",5167,0.118442208591411
"19835",5166,0.117164662219455
"19836",5165,0.115817763366039
"19837",5164,0.11328369994933
"19838",5163,0.110646888919265
"19839",5162,0.107948396220456
"19840",5161,0.105209638308705
"19841",5160,0.102480254110283
"19842",5159,0.100636457098101
"19843",5158,0.098802231967677
"19844",5157,0.0969694762739685
"19845",5156,0.0951508369954037
"19846",5155,0.0933502739637485
"19847",5154,0.0927141401246009
"19848",5153,0.0920868329883868
"19849",5152,0.0914688229606878
"19850",5151,0.090860562935728
"19851",5150,0.0902624877134632
"19852",5149,0.0913419439738026
"19853",5148,0.0924370559679178
"19854",5147,0.0935445093129441
"19855",5146,0.0946720387190077
"19856",5145,0.0957958625533949
"19857",5144,0.0980120259174976
"19858",5143,0.100244624840803
"19859",5142,0.102491611955211
"19860",5141,0.104690286258683
"19861",5140,0.106838172684274
"19862",5139,0.109219574034545
"19863",5138,0.111553032604599
"19864",5137,0.11383944552331
"19865",5136,0.116019368413992
"19866",5135,0.118073657319909
"19867",5134,0.119270242600493
"19868",5133,0.120352665163904
"19869",5132,0.121318971510444
"19870",5131,0.122168501556816
"19871",5130,0.122901818434073
"19872",5129,0.123798935026962
"19873",5128,0.124595791561621
"19874",5127,0.125267572189373
"19875",5126,0.125820998177261
"19876",5125,0.126254246051514
"19877",5124,0.126384122754969
"19878",5123,0.126471507310101
"19879",5122,0.126517544990442
"19880",5121,0.126514921039613
"19881",5120,0.126483447439935
"19882",5119,0.126371060498442
"19883",5118,0.126258047357513
"19884",5117,0.126144431222883
"19885",5116,0.126030235020252
"19886",5115,0.125925794019733
"19887",5114,0.125937307510347
"19888",5113,0.125925266895975
"19889",5112,0.125889023322017
"19890",5111,0.125827971713263
"19891",5110,0.125741553804734
"19892",5109,0.125545790192406
"19893",5108,0.125188613935129
"19894",5107,0.124660063692268
"19895",5106,0.123942912630822
"19896",5105,0.123051064649537
"19897",5104,0.12157952961098
"19898",5103,0.119914456669413
"19899",5102,0.118076082705806
"19900",5101,0.116087574480188
"19901",5100,0.113974373902029
"19902",5099,0.112699347413456
"19903",5098,0.111348187485191
"19904",5097,0.109945414835674
"19905",5096,0.108496626749302
"19906",5095,0.106988068807806
"19907",5094,0.106958490376523
"19908",5093,0.106928703211166
"19909",5092,0.106898715743407
"19910",5091,0.106868536219217
"19911",5090,0.106838172684274
"19912",5089,0.107693285862388
"19913",5088,0.108540982011647
"19914",5087,0.109379946099371
"19915",5086,0.110199058617652
"19916",5085,0.111016977282693
"19917",5084,0.111832353437879
"19918",5083,0.112624607081244
"19919",5082,0.113401908694724
"19920",5081,0.114163099092683
"19921",5080,0.114907057462427
"19922",5079,0.114907057462427
"19923",5078,0.114907057462427
"19924",5077,0.114907057462427
"19925",5076,0.114907057462427
"19926",5075,0.114907057462427
"19927",5074,0.115453066932234
"19928",5073,0.115988336712873
"19929",5072,0.116512442999062
"19930",5071,0.117024977660039
"19931",5070,0.11752554891373
"19932",5069,0.118013781967624
"19933",5068,0.118489319624607
"19934",5067,0.118951822852058
"19935",5066,0.119400971312599
"19936",5065,0.119836463855029
"19937",5064,0.119978544156708
"19938",5063,0.120119065754925
"19939",5062,0.120258018964028
"19940",5061,0.120395394348942
"19941",5060,0.120531182726608
"19942",5059,0.121799943588223
"19943",5058,0.122901818434073
"19944",5057,0.123842109576582
"19945",5056,0.12459950961369
"19946",5055,0.125183512506725
"19947",5054,0.125827971713263
"19948",5053,0.125892688950466
"19949",5052,0.12546874497552
"19950",5051,0.124626463464271
"19951",5050,0.12346160748124
"19952",5049,0.122100162177249
"19953",5048,0.120548323906481
"19954",5047,0.118952342907797
"19955",5046,0.11735143275958
"19956",5045,0.115794635773127
"19957",5044,0.114681815407162
"19958",5043,0.113639997516921
"19959",5042,0.112654380193711
"19960",5041,0.111725350234335
"19961",5040,0.110842416660008
"19962",5039,0.110322363500017
"19963",5038,0.109836034909328
"19964",5037,0.109341054062687
"19965",5036,0.108853786298397
"19966",5035,0.108371608753807
"19967",5034,0.108051710629621
"19968",5033,0.107732191182829
"19969",5032,0.107412340780925
"19970",5031,0.107091484674035
"19971",5030,0.106768989071645
"19972",5029,0.10639632742403
"19973",5028,0.106022416596445
"19974",5027,0.105656033403977
"19975",5026,0.105277110997746
"19976",5025,0.10489344007023
"19977",5024,0.104608085686132
"19978",5023,0.104319109185464
"19979",5022,0.104026457945118
"19980",5021,0.10373011898016
"19981",5020,0.103430119334061
"19982",5019,0.103539779883969
"19983",5018,0.103648932749521
"19984",5017,0.103757637548501
"19985",5016,0.103865954477794
"19986",5015,0.103973944132894
"19987",5014,0.104566331731537
"19988",5013,0.105145572910571
"19989",5012,0.105701240394604
"19990",5011,0.106255366657496
"19991",5010,0.106796104796515
"19992",5009,0.107370270113678
"19993",5008,0.10794498492926
"19994",5007,0.108525555645593
"19995",5006,0.109117281120002
"19996",5005,0.109725238146823
"19997",5004,0.110084045205935
"19998",5003,0.11046752745386
"19999",5002,0.110855528372436
"20000",5001,0.111249504383392
"20001",5000,0.111650955522419
"20002",4999,0.111650955522419
"20003",4998,0.111957299616522
"20004",4997,0.111957299616522
"20005",4996,0.111957299616522
"20006",4995,0.111957299616522
"20007",4994,0.111650955522419
"20008",4993,0.111650955522419
"20009",4992,0.111650955522419
"20010",4991,0.111650955522419
"20011",4990,0.111650955522419
"20012",4989,0.111350851714514
"20013",4988,0.111350851714514
"20014",4987,0.111350851714514
"20015",4986,0.111350851714514
"20016",4985,0.111056593063052
"20017",4984,0.11076775589672
"20018",4983,0.11048389235109
"20019",4982,0.110204534621193
"20020",4981,0.109677937319149
"20021",4980,0.108882502169377
"20022",4979,0.108101300982903
"20023",4978,0.107321311898367
"20024",4977,0.106567257615915
"20025",4976,0.105453687549423
"20026",4975,0.104608085686132
"20027",4974,0.10373011898016
"20028",4973,0.103126526283426
"20029",4972,0.102206927692012
"20030",4971,0.101574110731931
"20031",4970,0.10126451919349
"20032",4969,0.100620902950002
"20033",4968,0.0999647528944291
"20034",4967,0.0996637030746791
"20035",4966,0.0993533705249834
"20036",4965,0.0987184752586857
"20037",4964,0.0980932718113652
"20038",4963,0.0974942038395535
"20039",4962,0.0969079303021863
"20040",4961,0.0963608082553967
"20041",4960,0.0958373383046383
"20042",4959,0.0951194651348865
"20043",4958,0.0947209110619371
"20044",4957,0.0942139073168703
"20045",4956,0.0939545621085467
"20046",4955,0.0937562379671387
"20047",4954,0.0936520835263628
"20048",4953,0.0936295212840544
"20049",4952,0.0940352185419874
"20050",4951,0.0941009704228886
"20051",4950,0.0941885017963856
"20052",4949,0.0943185512409304
"20053",4948,0.0943185512409304
"20054",4947,0.0943185512409304
"20055",4946,0.0941885017963856
"20056",4945,0.0938412252967684
"20057",4944,0.0937598172620137
"20058",4943,0.0937006503514442
"20059",4942,0.0936541341409101
"20060",4941,0.0936356767775957
"20061",4940,0.0936520835263628
"20062",4939,0.0936895666906877
"20063",4938,0.0941256282095859
"20064",4937,0.0942200432143252
"20065",4936,0.0943314086317052
"20066",4935,0.0946024447930162
"20067",4934,0.0947607933678316
"20068",4933,0.0949334515220148
"20069",4932,0.0949334515220148
"20070",4931,0.0949185236902927
"20071",4930,0.0951194651348865
"20072",4929,0.0953436529803387
"20073",4928,0.0953436529803387
"20074",4927,0.0955901397421544
"20075",4926,0.0957554781716641
"20076",4925,0.0957554781716641
"20077",4924,0.0959911460214948
"20078",4923,0.0959911460214948
"20079",4922,0.0961648928625269
"20080",4921,0.0961648928625269
"20081",4920,0.0961648928625269
"20082",4919,0.0961648928625269
"20083",4918,0.0959422784058791
"20084",4917,0.0957554781716641
"20085",4916,0.0957554781716641
"20086",4915,0.0957554781716641
"20087",4914,0.0955413133826148
"20088",4913,0.0953436529803387
"20089",4912,0.0951194651348865
"20090",4911,0.0951194651348865
"20091",4910,0.0951194651348865
"20092",4909,0.0951194651348865
"20093",4908,0.0949185236902927
"20094",4907,0.0949185236902927
"20095",4906,0.0951197170355946
"20096",4905,0.0951197170355946
"20097",4904,0.0951197170355946
"20098",4903,0.0951197170355946
"20099",4902,0.0951197170355946
"20100",4901,0.0951197170355946
"20101",4900,0.0951194651348865
"20102",4899,0.0951194651348865
"20103",4898,0.0953436529803387
"20104",4897,0.0953436529803387
"20105",4896,0.0955901397421544
"20106",4895,0.0955901397421544
"20107",4894,0.0955901397421544
"20108",4893,0.0958373383046383
"20109",4892,0.0959911460214948
"20110",4891,0.0959911460214948
"20111",4890,0.0959911460214948
"20112",4889,0.0959911460214948
"20113",4888,0.0961648928625269
"20114",4887,0.0959422784058791
"20115",4886,0.0959422784058791
"20116",4885,0.0955413133826148
"20117",4884,0.0953290796606042
"20118",4883,0.0951197170355946
"20119",4882,0.0949334515220148
"20120",4881,0.0946024447930162
"20121",4880,0.0942139073168703
"20122",4879,0.0939545621085467
"20123",4878,0.0937562379671387
"20124",4877,0.0936520835263628
"20125",4876,0.0936295212840544
"20126",4875,0.0937006503514442
"20127",4874,0.0938412252967684
"20128",4873,0.0942444619692905
"20129",4872,0.0950139843955049
"20130",4871,0.0957820076410214
"20131",4870,0.0964100885195888
"20132",4869,0.0975296595283585
"20133",4868,0.0988781110844378
"20134",4867,0.10047181744995
"20135",4866,0.101886676297634
"20136",4865,0.104654895664539
"20137",4864,0.107000671296154
"20138",4863,0.109531154716027
"20139",4862,0.111982674630949
"20140",4861,0.115999561750544
"20141",4860,0.119242278123836
"20142",4859,0.124053572619173
"20143",4858,0.12762341520313
"20144",4857,0.131302860242491
"20145",4856,0.136310795696537
"20146",4855,0.140098335055703
"20147",4854,0.143804740603336
"20148",4853,0.147467674765167
"20149",4852,0.151003920134788
"20150",4851,0.154384131765354
"20151",4850,0.157553223591
"20152",4849,0.160978648374451
"20153",4848,0.163691051807083
"20154",4847,0.166072724898724
"20155",4846,0.168086090682192
"20156",4845,0.169754473522736
"20157",4844,0.17098741887141
"20158",4843,0.171867810194265
"20159",4842,0.172380779703964
"20160",4841,0.172500157904814
"20161",4840,0.17222941759234
"20162",4839,0.171690638763416
"20163",4838,0.170591784806663
"20164",4837,0.169583328471649
"20165",4836,0.168070014333251
"20166",4835,0.166440273715899
"20167",4834,0.164808735784088
"20168",4833,0.16330810497092
"20169",4832,0.161980657508712
"20170",4831,0.160939034842685
"20171",4830,0.159731768960731
"20172",4829,0.159436504910549
"20173",4828,0.159567406209575
"20174",4827,0.160116258069193
"20175",4826,0.161103936193275
"20176",4825,0.162557161336252
"20177",4824,0.164880466228402
"20178",4823,0.167225906391247
"20179",4822,0.170043333125197
"20180",4821,0.172455411607169
"20181",4820,0.175095828886038
"20182",4819,0.177965082315447
"20183",4818,0.180009970560774
"20184",4817,0.183234766969978
"20185",4816,0.185501425579699
"20186",4815,0.187837251862772
"20187",4814,0.190011217924743
"20188",4813,0.192515327003719
"20189",4812,0.193780069989392
"20190",4811,0.196381530428908
"20191",4810,0.197833909609341
"20192",4809,0.200451754583145
"20193",4808,0.201761377577413
"20194",4807,0.204426859793113
"20195",4806,0.205778922743599
"20196",4805,0.208409782245763
"20197",4804,0.209717496886799
"20198",4803,0.212309619019087
"20199",4802,0.214892469039513
"20200",4801,0.216345971740943
"20201",4800,0.218912805082347
"20202",4799,0.221397223564248
"20203",4798,0.223806808317727
"20204",4797,0.226516881180583
"20205",4796,0.22879887537468
"20206",4795,0.230942093925892
"20207",4794,0.231970619216899
"20208",4793,0.233935132528215
"20209",4792,0.235735612484246
"20210",4791,0.237403358788676
"20211",4790,0.238902124638543
"20212",4789,0.239580544164636
"20213",4788,0.240845939117577
"20214",4787,0.241939233135005
"20215",4786,0.241875212931143
"20216",4785,0.242752884996819
"20217",4784,0.243137391065838
"20218",4783,0.243486566659752
"20219",4782,0.24453800216139
"20220",4781,0.244769216409543
"20221",4780,0.244968367701296
"20222",4779,0.244968367701296
"20223",4778,0.245137010725291
"20224",4777,0.245287183063824
"20225",4776,0.245287183063824
"20226",4775,0.245287183063824
"20227",4774,0.245287183063824
"20228",4773,0.245287183063824
"20229",4772,0.245137010725291
"20230",4771,0.244968367701296
"20231",4770,0.244323311104084
"20232",4769,0.244073237318007
"20233",4768,0.243801411350409
"20234",4767,0.243137391065838
"20235",4766,0.242332162891399
"20236",4765,0.240838713593975
"20237",4764,0.239021176562442
"20238",4763,0.237601472729085
"20239",4762,0.2343271506934
"20240",4761,0.231494925027686
"20241",4760,0.22727315060926
"20242",4759,0.224139399092192
"20243",4758,0.219131814389891
"20244",4757,0.21386889828713
"20245",4756,0.208458566334792
"20246",4755,0.20303045318982
"20247",4754,0.199019271783329
"20248",4753,0.193780069989392
"20249",4752,0.188773656449415
"20250",4751,0.1840528413277
"20251",4750,0.180732836319943
"20252",4749,0.176623616058089
"20253",4748,0.174189738329615
"20254",4747,0.17162784395735
"20255",4746,0.170043333125197
"20256",4745,0.168579474968917
"20257",4744,0.167225906391247
"20258",4743,0.166005844634307
"20259",4742,0.165429010436113
"20260",4741,0.164880466228402
"20261",4740,0.164880466228402
"20262",4739,0.164880466228402
"20263",4738,0.16446743906847
"20264",4737,0.165006926865329
"20265",4736,0.165585715577419
"20266",4735,0.166819476729479
"20267",4734,0.16748407879015
"20268",4733,0.168897429718317
"20269",4732,0.170421952768638
"20270",4731,0.172455411607169
"20271",4730,0.174189738329615
"20272",4729,0.176027369223149
"20273",4728,0.177360320990868
"20274",4727,0.179341567900826
"20275",4726,0.181405384617623
"20276",4725,0.182470272693886
"20277",4724,0.183556266115767
"20278",4723,0.184672821602988
"20279",4722,0.185799440007568
"20280",4721,0.186944916185242
"20281",4720,0.186944916185242
"20282",4719,0.188108399167739
"20283",4718,0.187837251862772
"20284",4717,0.187837251862772
"20285",4716,0.18903282570858
"20286",4715,0.18903282570858
"20287",4714,0.18903282570858
"20288",4713,0.190246547254423
"20289",4712,0.190246547254423
"20290",4711,0.190246547254423
"20291",4710,0.191476103731692
"20292",4709,0.191476103731692
"20293",4708,0.19273049841996
"20294",4707,0.19273049841996
"20295",4706,0.193990265615222
"20296",4705,0.195262895944966
"20297",4704,0.197833909609341
"20298",4703,0.19913890203435
"20299",4702,0.201761377577413
"20300",4701,0.203097137821708
"20301",4700,0.207114102291178
"20302",4699,0.209771722463505
"20303",4698,0.212424922413066
"20304",4697,0.215049047112506
"20305",4696,0.218912805082347
"20306",4695,0.221397223564248
"20307",4694,0.224983496696252
"20308",4693,0.22727315060926
"20309",4692,0.229443707105329
"20310",4691,0.23100869461077
"20311",4690,0.231959926712554
"20312",4689,0.23378460071163
"20313",4688,0.23465620766562
"20314",4687,0.235473465199536
"20315",4686,0.235473465199536
"20316",4685,0.235473465199536
"20317",4684,0.235190859184762
"20318",4683,0.235190859184762
"20319",4682,0.2343271506934
"20320",4681,0.232964883448021
"20321",4680,0.231970619216899
"20322",4679,0.229443707105329
"20323",4678,0.22727315060926
"20324",4677,0.224983496696252
"20325",4676,0.221101272186182
"20326",4675,0.218668937867544
"20327",4674,0.214892469039513
"20328",4673,0.212192386302693
"20329",4672,0.208360381439976
"20330",4671,0.20579787426654
"20331",4670,0.201943862667074
"20332",4669,0.199254692800503
"20333",4668,0.195438365053403
"20334",4667,0.192940848117102
"20335",4666,0.190246547254423
"20336",4665,0.187837251862772
"20337",4664,0.186659960900686
"20338",4663,0.184352786851723
"20339",4662,0.183234766969978
"20340",4661,0.183234766969978
"20341",4660,0.182137833998119
"20342",4659,0.183234766969978
"20343",4658,0.183234766969978
"20344",4657,0.184672821602988
"20345",4656,0.186944916185242
"20346",4655,0.18903282570858
"20347",4654,0.191476103731692
"20348",4653,0.195262895944966
"20349",4652,0.19913890203435
"20350",4651,0.203097137821708
"20351",4650,0.207114102291178
"20352",4649,0.211101121471336
"20353",4648,0.214892469039513
"20354",4647,0.218668937867544
"20355",4646,0.22229517015153
"20356",4645,0.224246885478457
"20357",4644,0.226436311170084
"20358",4643,0.228525409757366
"20359",4642,0.23001649334468
"20360",4641,0.23001649334468
"20361",4640,0.23100869461077
"20362",4639,0.23001649334468
"20363",4638,0.230494232292735
"20364",4637,0.229443707105329
"20365",4636,0.229443707105329
"20366",4635,0.228372881317324
"20367",4634,0.226854758604002
"20368",4633,0.225750550035306
"20369",4632,0.225750550035306
"20370",4631,0.224621206843945
"20371",4630,0.224621206843945
"20372",4629,0.224621206843945
"20373",4628,0.225750550035306
"20374",4627,0.225750550035306
"20375",4626,0.22727315060926
"20376",4625,0.228372881317324
"20377",4624,0.23001649334468
"20378",4623,0.23100869461077
"20379",4622,0.232888925450094
"20380",4621,0.23465620766562
"20381",4620,0.236265339869633
"20382",4619,0.237751426111845
"20383",4618,0.239082266854067
"20384",4617,0.240804792464515
"20385",4616,0.241783388886417
"20386",4615,0.243137391065838
"20387",4614,0.243801411350409
"20388",4613,0.244323311104084
"20389",4612,0.244306329177293
"20390",4611,0.244650930480111
"20391",4610,0.244785658510716
"20392",4609,0.244536591001382
"20393",4608,0.244647542185497
"20394",4607,0.244647542185497
"20395",4606,0.244647542185497
"20396",4605,0.244647542185497
"20397",4604,0.244536591001382
"20398",4603,0.244403776647275
"20399",4602,0.244650930480111
"20400",4601,0.244078326342624
"20401",4600,0.243643124160622
"20402",4599,0.24339475814947
"20403",4598,0.243098739190412
"20404",4597,0.241899490726877
"20405",4596,0.241509453085493
"20406",4595,0.241098723990107
"20407",4594,0.240646934061218
"20408",4593,0.240163294528778
"20409",4592,0.240232960812257
"20410",4591,0.240232960812257
"20411",4590,0.240232960812257
"20412",4589,0.240232960812257
"20413",4588,0.240804792464515
"20414",4587,0.241316676077722
"20415",4586,0.241783388886417
"20416",4585,0.242205263544687
"20417",4584,0.242602713041698
"20418",4583,0.243297453298533
"20419",4582,0.244073237318007
"20420",4581,0.244533467438564
"20421",4580,0.24489814206707
"20422",4579,0.245147089188756
"20423",4578,0.245056014178071
"20424",4577,0.24514913108129
"20425",4576,0.245154243202311
"20426",4575,0.244890381494641
"20427",4574,0.244725469530898
"20428",4573,0.244613152662229
"20429",4572,0.244295940361513
"20430",4571,0.243946395723407
"20431",4570,0.243501917599238
"20432",4569,0.2431602646773
"20433",4568,0.242548234516761
"20434",4567,0.242087827232856
"20435",4566,0.24184597569088
"20436",4565,0.241578666724101
"20437",4564,0.241578666724101
"20438",4563,0.241856740132507
"20439",4562,0.241856740132507
"20440",4561,0.242099491763619
"20441",4560,0.242336387506316
"20442",4559,0.242334757978782
"20443",4558,0.242548234516761
"20444",4557,0.242769797195881
"20445",4556,0.242970006165365
"20446",4555,0.243158277521902
"20447",4554,0.243336144518137
"20448",4553,0.243336144518137
"20449",4552,0.243336144518137
"20450",4551,0.243503694251211
"20451",4550,0.243503694251211
"20452",4549,0.243503694251211
"20453",4548,0.243503694251211
"20454",4547,0.243661230797015
"20455",4546,0.243661230797015
"20456",4545,0.243946395723407
"20457",4544,0.24407869714237
"20458",4543,0.24407869714237
"20459",4542,0.244184281676169
"20460",4541,0.244378480531319
"20461",4540,0.244491404988096
"20462",4539,0.244491404988096
"20463",4538,0.244491404988096
"20464",4537,0.244401651886034
"20465",4536,0.244401651886034
"20466",4535,0.244295940361513
"20467",4534,0.244184281676169
"20468",4533,0.24407869714237
"20469",4532,0.243806549187049
"20470",4531,0.243326137329197
"20471",4530,0.242758159209412
"20472",4529,0.242099491763619
"20473",4528,0.240993047126228
"20474",4527,0.239633008242433
"20475",4526,0.237440812045319
"20476",4525,0.235678873284972
"20477",4524,0.232493992111569
"20478",4523,0.22877013932097
"20479",4522,0.224754782147876
"20480",4521,0.220634955038717
"20481",4520,0.216709120037373
"20482",4519,0.213212892856015
"20483",4518,0.210901305038987
"20484",4517,0.208755565733095
"20485",4516,0.207750697492987
"20486",4515,0.208023033751453
"20487",4514,0.20745904645605
"20488",4513,0.207890645454053
"20489",4512,0.208350123442865
"20490",4511,0.208937472300081
"20491",4510,0.209633759899697
"20492",4509,0.21045980860087
"20493",4508,0.211289820598104
"20494",4507,0.211741297520194
"20495",4506,0.212215675646341
"20496",4505,0.211858462318857
"20497",4504,0.212372304226862
"20498",4503,0.212372304226862
"20499",4502,0.21290644470713
"20500",4501,0.21290644470713
"20501",4500,0.21290644470713
"20502",4499,0.21290644470713
"20503",4498,0.21290644470713
"20504",4497,0.21290644470713
"20505",4496,0.21290644470713
"20506",4495,0.212372304226862
"20507",4494,0.212372304226862
"20508",4493,0.212372304226862
"20509",4492,0.212372304226862
"20510",4491,0.211858462318857
"20511",4490,0.211366034517609
"20512",4489,0.210896168787924
"20513",4488,0.210450038581647
"20514",4487,0.210028835252491
"20515",4486,0.20927629495283
"20516",4485,0.208628365013726
"20517",4484,0.208103861219343
"20518",4483,0.20771148698262
"20519",4482,0.20745904645605
"20520",4481,0.207353142185319
"20521",4480,0.207389294363672
"20522",4479,0.207591143302054
"20523",4478,0.207920305454427
"20524",4477,0.208159785013264
"20525",4476,0.208755565733095
"20526",4475,0.209121207429353
"20527",4474,0.209515062054832
"20528",4473,0.209935490876986
"20529",4472,0.209935490876986
"20530",4471,0.210401279649011
"20531",4470,0.211440452468302
"20532",4469,0.211953493496559
"20533",4468,0.212496485783364
"20534",4467,0.213666827820042
"20535",4466,0.214546070202147
"20536",4465,0.215964452388829
"20537",4464,0.218248277286151
"20538",4463,0.219832164814624
"20539",4462,0.221454507973145
"20540",4461,0.223104544703913
"20541",4460,0.223930700999716
"20542",4459,0.225574717386981
"20543",4458,0.225574717386981
"20544",4457,0.226398663868188
"20545",4456,0.225574717386981
"20546",4455,0.225574717386981
"20547",4454,0.224754782147876
"20548",4453,0.223104544703913
"20549",4452,0.22152827301516
"20550",4451,0.21922874255891
"20551",4450,0.216987602940175
"20552",4449,0.214921841727632
"20553",4448,0.213068080806964
"20554",4447,0.21094908747171
"20555",4446,0.209369154780753
"20556",4445,0.207750697492987
"20557",4444,0.207356805937155
"20558",4443,0.207567330754296
"20559",4442,0.208350123442865
"20560",4441,0.20927629495283
"20561",4440,0.210862302113987
"20562",4439,0.211366034517609
"20563",4438,0.211858462318857
"20564",4437,0.21290644470713
"20565",4436,0.21290644470713
"20566",4435,0.213459806893538
"20567",4434,0.213459806893538
"20568",4433,0.213459806893538
"20569",4432,0.21290644470713
"20570",4431,0.212372304226862
"20571",4430,0.211858462318857
"20572",4429,0.211019847967081
"20573",4428,0.210530825132411
"20574",4427,0.210530825132411
"20575",4426,0.210530825132411
"20576",4425,0.211019847967081
"20577",4424,0.212062882201326
"20578",4423,0.214366050579671
"20579",4422,0.216926834089353
"20580",4421,0.220417610494108
"20581",4420,0.224987991155402
"20582",4419,0.229764266123081
"20583",4418,0.235952034645455
"20584",4417,0.241687148829905
"20585",4416,0.247483070346724
"20586",4415,0.25322463505301
"20587",4414,0.258646627531851
"20588",4413,0.262743398234429
"20589",4412,0.265225912666173
"20590",4411,0.267705064047554
"20591",4410,0.269754679862995
"20592",4409,0.271390066946754
"20593",4408,0.272601274193174
"20594",4407,0.273436419186464
"20595",4406,0.273470729004205
"20596",4405,0.273727609133612
"20597",4404,0.273794008547373
"20598",4403,0.273767280884571
"20599",4402,0.273677758656725
"20600",4401,0.273613540571834
"20601",4400,0.273616544148989
"20602",4399,0.273616544148989
"20603",4398,0.273514830273155
"20604",4397,0.273514830273155
"20605",4396,0.273394379326037
"20606",4395,0.273394379326037
"20607",4394,0.273394379326037
"20608",4393,0.273258834154641
"20609",4392,0.273258834154641
"20610",4391,0.273258834154641
"20611",4390,0.273394379326037
"20612",4389,0.273394379326037
"20613",4388,0.273394379326037
"20614",4387,0.273372551346805
"20615",4386,0.273372551346805
"20616",4385,0.273372551346805
"20617",4384,0.273223229265852
"20618",4383,0.273122100270946
"20619",4382,0.273122100270946
"20620",4381,0.272980812696086
"20621",4380,0.273067417463721
"20622",4379,0.273067417463721
"20623",4378,0.273067417463721
"20624",4377,0.273067417463721
"20625",4376,0.273067417463721
"20626",4375,0.272980812696086
"20627",4374,0.273122100270946
"20628",4373,0.273256831122943
"20629",4372,0.273258834154641
"20630",4371,0.27336430728938
"20631",4370,0.273460678919218
"20632",4369,0.273613540571834
"20633",4368,0.273944360663895
"20634",4367,0.274008456488882
"20635",4366,0.274054930084544
"20636",4365,0.274059357689224
"20637",4364,0.273966409269241
"20638",4363,0.273896361946475
"20639",4362,0.273896361946475
"20640",4361,0.273966409269241
"20641",4360,0.273966409269241
"20642",4359,0.274059357689224
"20643",4358,0.274054930084544
"20644",4357,0.274008456488882
"20645",4356,0.273729295229853
"20646",4355,0.273537518834449
"20647",4354,0.27336430728938
"20648",4353,0.273017631463808
"20649",4352,0.272800595073483
"20650",4351,0.272562461834419
"20651",4350,0.272322867157026
"20652",4349,0.272075394878858
"20653",4348,0.271828897838374
"20654",4347,0.271570177016399
"20655",4346,0.271440881036761
"20656",4345,0.271325867944287
"20657",4344,0.271226729476186
"20658",4343,0.270982340982956
"20659",4342,0.27089195078677
"20660",4341,0.27089195078677
"20661",4340,0.270741392227496
"20662",4339,0.27089195078677
"20663",4338,0.270982340982956
"20664",4337,0.271110644134502
"20665",4336,0.271235517166479
"20666",4335,0.271365633469529
"20667",4334,0.271648328013264
"20668",4333,0.271933635164399
"20669",4332,0.27206877304694
"20670",4331,0.272358049570185
"20671",4330,0.272629915879105
"20672",4329,0.272887543066046
"20673",4328,0.273145158761458
"20674",4327,0.27336430728938
"20675",4326,0.273616544148989
"20676",4325,0.273809157431697
"20677",4324,0.273888067048162
"20678",4323,0.273944360663895
"20679",4322,0.273997800250049
"20680",4321,0.274008456488882
"20681",4320,0.274054219996756
"20682",4319,0.274054219996756
"20683",4318,0.274054219996756
"20684",4317,0.274054219996756
"20685",4316,0.274054219996756
"20686",4315,0.274054219996756
"20687",4314,0.273791845849288
"20688",4313,0.273791845849288
"20689",4312,0.273791845849288
"20690",4311,0.273559268518562
"20691",4310,0.273559268518562
"20692",4309,0.273559268518562
"20693",4308,0.273791845849288
"20694",4307,0.273791845849288
"20695",4306,0.273791845849288
"20696",4305,0.273791845849288
"20697",4304,0.273767280884571
"20698",4303,0.273767280884571
"20699",4302,0.273729295229853
"20700",4301,0.273677758656725
"20701",4300,0.273537518834449
"20702",4299,0.273514830273155
"20703",4298,0.273256831122943
"20704",4297,0.272980812696086
"20705",4296,0.272537427153281
"20706",4295,0.272070565177229
"20707",4294,0.271594800137166
"20708",4293,0.271235517166479
"20709",4292,0.27089195078677
"20710",4291,0.270614743882169
"20711",4290,0.270427632670636
"20712",4289,0.270374896441656
"20713",4288,0.270122862793766
"20714",4287,0.270214084668856
"20715",4286,0.270381593562341
"20716",4285,0.270152285009195
"20717",4284,0.270642778979441
"20718",4283,0.270795971792246
"20719",4282,0.270991132223112
"20720",4281,0.270991132223112
"20721",4280,0.270991132223112
"20722",4279,0.270991132223112
"20723",4278,0.270795971792246
"20724",4277,0.270292915886426
"20725",4276,0.270152285009195
"20726",4275,0.270054144461586
"20727",4274,0.270214084668856
"20728",4273,0.270154597656947
"20729",4272,0.270371577112082
"20730",4271,0.270360661657498
"20731",4270,0.270374896441656
"20732",4269,0.270384391627675
"20733",4268,0.270427632670636
"20734",4267,0.270427632670636
"20735",4266,0.270474164572754
"20736",4265,0.270474164572754
"20737",4264,0.270543162787616
"20738",4263,0.270543162787616
"20739",4262,0.270543162787616
"20740",4261,0.270749112403914
"20741",4260,0.270749112403914
"20742",4259,0.270543162787616
"20743",4258,0.270474164572754
"20744",4257,0.270474164572754
"20745",4256,0.270427632670636
"20746",4255,0.270427632670636
"20747",4254,0.270384391627675
"20748",4253,0.270374896441656
"20749",4252,0.270360661657498
"20750",4251,0.270371577112082
"20751",4250,0.270398269640202
"20752",4249,0.270214084668856
"20753",4248,0.270273070525276
"20754",4247,0.27049107921701
"20755",4246,0.270455497158512
"20756",4245,0.271189236813857
"20757",4244,0.27165411250854
"20758",4243,0.272235073466912
"20759",4242,0.272858657968071
"20760",4241,0.274146301414959
"20761",4240,0.275666711791809
"20762",4239,0.277826510536525
"20763",4238,0.279819513549576
"20764",4237,0.282009067512484
"20765",4236,0.284443249247892
"20766",4235,0.287073122215642
"20767",4234,0.288930833501429
"20768",4233,0.290857095927063
"20769",4232,0.292879725934592
"20770",4231,0.294942710551986
"20771",4230,0.298200736021656
"20772",4229,0.300430803960572
"20773",4228,0.302716680073873
"20774",4227,0.305074376848372
"20775",4226,0.307462038720604
"20776",4225,0.309907373191726
"20777",4224,0.312578464474725
"20778",4223,0.315120236906821
"20779",4222,0.316424246113865
"20780",4221,0.319028139960178
"20781",4220,0.321688348490579
"20782",4219,0.323031606138759
"20783",4218,0.324407071505288
"20784",4217,0.325572568845158
"20785",4216,0.326929822010863
"20786",4215,0.328550668167502
"20787",4214,0.328550668167502
"20788",4213,0.328550668167502
"20789",4212,0.328550668167502
"20790",4211,0.327156848058408
"20791",4210,0.325775725486042
"20792",4209,0.322836875494625
"20793",4208,0.321487046639362
"20794",4207,0.31884157360761
"20795",4206,0.314938787645185
"20796",4205,0.312396536538018
"20797",4204,0.308679147776841
"20798",4203,0.306267131277349
"20799",4202,0.302716680073873
"20800",4201,0.299303663840573
"20801",4200,0.297102734065708
"20802",4199,0.293902707355285
"20803",4198,0.290857095927063
"20804",4197,0.288930833501429
"20805",4196,0.287073122215642
"20806",4195,0.285298268722258
"20807",4194,0.284443249247892
"20808",4193,0.283591775999026
"20809",4192,0.282793534867323
"20810",4191,0.282793534867323
"20811",4190,0.282793534867323
"20812",4189,0.282412007408336
"20813",4188,0.283237535752344
"20814",4187,0.285298268722258
"20815",4186,0.285843111743568
"20816",4185,0.287677754726264
"20817",4184,0.289584708281878
"20818",4183,0.291579137119609
"20819",4182,0.292603551820351
"20820",4181,0.294695318899008
"20821",4180,0.297102734065708
"20822",4179,0.298200736021656
"20823",4178,0.299303663840573
"20824",4177,0.300430803960572
"20825",4176,0.300430803960572
"20826",4175,0.300430803960572
"20827",4174,0.300430803960572
"20828",4173,0.300430803960572
"20829",4172,0.299303663840573
"20830",4171,0.298200736021656
"20831",4170,0.297102734065708
"20832",4169,0.296019820794786
"20833",4168,0.293902707355285
"20834",4167,0.291579137119609
"20835",4166,0.290572736258932
"20836",4165,0.288625939942981
"20837",4164,0.287991896604101
"20838",4163,0.287991896604101
"20839",4162,0.287991896604101
"20840",4161,0.288930833501429
"20841",4160,0.290857095927063
"20842",4159,0.292879725934592
"20843",4158,0.296019820794786
"20844",4157,0.300430803960572
"20845",4156,0.305074376848372
"20846",4155,0.309907373191726
"20847",4154,0.316221557998491
"20848",4153,0.322836875494625
"20849",4152,0.329970127153532
"20850",4151,0.338826496490453
"20851",4150,0.346592636806327
"20852",4149,0.354499743753824
"20853",4148,0.363228042391452
"20854",4147,0.372517530124628
"20855",4146,0.380027624236601
"20856",4145,0.390265369211251
"20857",4144,0.396610716037989
"20858",4143,0.405481029642457
"20859",4142,0.412077274785681
"20860",4141,0.418628695807782
"20861",4140,0.423124161154165
"20862",4139,0.427623611920704
"20863",4138,0.429902489271451
"20864",4137,0.432171750890394
"20865",4136,0.432171750890394
"20866",4135,0.432171750890394
"20867",4134,0.432171750890394
"20868",4133,0.429902489271451
"20869",4132,0.427623611920704
"20870",4131,0.425367724460528
"20871",4130,0.420874334122997
"20872",4129,0.41638943845469
"20873",4128,0.414166872568138
"20874",4127,0.409725730012365
"20875",4126,0.405283959455923
"20876",4125,0.400930986633777
"20877",4124,0.398754001279668
"20878",4123,0.394722995389313
"20879",4122,0.390518084108452
"20880",4121,0.386397314664035
"20881",4120,0.384660041533808
"20882",4119,0.380652262689664
"20883",4118,0.37671316862652
"20884",4117,0.374782399401377
"20885",4116,0.370622786100664
"20886",4115,0.368738636550314
"20887",4114,0.365034334825058
"20888",4113,0.363228042391452
"20889",4112,0.361432766060486
"20890",4111,0.357934659246678
"20891",4110,0.356201777857856
"20892",4109,0.354499743753824
"20893",4108,0.354187268515259
"20894",4107,0.352518836085917
"20895",4106,0.350861070553524
"20896",4105,0.350861070553524
"20897",4104,0.350861070553524
"20898",4103,0.352518836085917
"20899",4102,0.354187268515259
"20900",4101,0.357595955031246
"20901",4100,0.359337422918588
"20902",4099,0.36288620880316
"20903",4098,0.368415267882637
"20904",4097,0.374110101134168
"20905",4096,0.380027624236601
"20906",4095,0.388449386826052
"20907",4094,0.394722995389313
"20908",4093,0.403310209381292
"20909",4092,0.412077274785681
"20910",4091,0.421017231286071
"20911",4090,0.429929571833225
"20912",4089,0.438848652053607
"20913",4088,0.447639937108062
"20914",4087,0.456374536921414
"20915",4086,0.464930059188671
"20916",4085,0.47356228177686
"20917",4084,0.48168091393808
"20918",4083,0.487563656326072
"20919",4082,0.493185865523646
"20920",4081,0.500345413123864
"20921",4080,0.503716290274928
"20922",4079,0.508532631904638
"20923",4078,0.51160076088146
"20924",4077,0.514514430034104
"20925",4076,0.517261170573911
"20926",4075,0.519869148830806
"20927",4074,0.521116476817325
"20928",4073,0.522325985251179
"20929",4072,0.522948707138428
"20930",4071,0.524109261560973
"20931",4070,0.524643221591421
"20932",4069,0.52573178367984
"20933",4068,0.526813900879657
"20934",4067,0.527849960914302
"20935",4066,0.52881977673662
"20936",4065,0.530371618942095
"20937",4064,0.531281806671183
"20938",4063,0.532156109121792
"20939",4062,0.532995092720436
"20940",4061,0.534570291900804
"20941",4060,0.534570291900804
"20942",4059,0.535307752022257
"20943",4058,0.535489217116624
"20944",4057,0.535489217116624
"20945",4056,0.535489217116624
"20946",4055,0.536012126631755
"20947",4054,0.536012126631755
"20948",4053,0.535307752022257
"20949",4052,0.534757090090655
"20950",4051,0.53402228513734
"20951",4050,0.533243943457241
"20952",4049,0.530957617870863
"20953",4048,0.530069271404347
"20954",4047,0.528206141005436
"20955",4046,0.527849960914302
"20956",4045,0.52573178367984
"20957",4044,0.525251833880844
"20958",4043,0.522948707138428
"20959",4042,0.520502451437648
"20960",4041,0.517890850355977
"20961",4040,0.515125206018059
"20962",4039,0.512208330684722
"20963",4038,0.509103317158839
"20964",4037,0.505907295459213
"20965",4036,0.502573165949566
"20966",4035,0.500872126480384
"20967",4034,0.497317316318408
"20968",4033,0.493652149503981
"20969",4032,0.489883551849777
"20970",4031,0.487959245537255
"20971",4030,0.483667907555044
"20972",4029,0.48168091393808
"20973",4028,0.480029090267277
"20974",4027,0.477992080566142
"20975",4026,0.475935128622022
"20976",4025,0.473859261876318
"20977",4024,0.474126117376284
"20978",4023,0.471765494551184
"20979",4022,0.471765494551184
"20980",4021,0.471765494551184
"20981",4020,0.471484922366927
"20982",4019,0.471484922366927
"20983",4018,0.47356228177686
"20984",4017,0.47356228177686
"20985",4016,0.47356228177686
"20986",4015,0.475621559414592
"20987",4014,0.477661759703079
"20988",4013,0.479681880346685
"20989",4012,0.480029090267277
"20990",4011,0.48168091393808
"20991",4010,0.483667907555044
"20992",4009,0.485632752083309
"20993",4008,0.487959245537255
"20994",4007,0.487959245537255
"20995",4006,0.489883551849777
"20996",4005,0.491781533806638
"20997",4004,0.491781533806638
"20998",4003,0.493652149503981
"20999",4002,0.495494367678307
"21000",4001,0.495494367678307
"21001",4000,0.496819571758135
"21002",3999,0.498607407689137
"21003",3998,0.500345413123864
"21004",3997,0.502041906653925
"21005",3996,0.502041906653925
"21006",3995,0.505347976810827
"21007",3994,0.506957142121646
"21008",3993,0.508532631904638
"21009",3992,0.51160076088146
"21010",3991,0.513070892838477
"21011",3990,0.517261170573911
"21012",3989,0.519869148830806
"21013",3988,0.523488212453157
"21014",3987,0.527412756833932
"21015",3986,0.530371618942095
"21016",3985,0.532995092720436
"21017",3984,0.535816260753338
"21018",3983,0.538410000302313
"21019",3982,0.539613652050634
"21020",3981,0.540980505170257
"21021",3980,0.542070603529561
"21022",3979,0.543072797213938
"21023",3978,0.542801151211437
"21024",3977,0.54355147754572
"21025",3976,0.543311855915097
"21026",3975,0.542930495122513
"21027",3974,0.542323784890298
"21028",3973,0.541513588186491
"21029",3972,0.539406022621479
"21030",3971,0.538028449482243
"21031",3970,0.536383071954714
"21032",3969,0.534484680566048
"21033",3968,0.532304080655684
"21034",3967,0.529835182715389
"21035",3966,0.528289876990858
"21036",3965,0.52523218598613
"21037",3964,0.521870312472091
"21038",3963,0.518209069794205
"21039",3962,0.514278158886035
"21040",3961,0.510040526022297
"21041",3960,0.506787555835205
"21042",3959,0.504545059429509
"21043",3958,0.502242951262236
"21044",3957,0.499883452057659
"21045",3956,0.497459380910684
"21046",3955,0.498342933224097
"21047",3954,0.498342933224097
"21048",3953,0.498342933224097
"21049",3952,0.499883452057659
"21050",3951,0.502242951262236
"21051",3950,0.506787555835205
"21052",3949,0.511096941237054
"21053",3948,0.51705314428708
"21054",3947,0.52236815570843
"21055",3946,0.528491382147446
"21056",3945,0.533515850250036
"21057",3944,0.536635175319434
"21058",3943,0.539808568148471
"21059",3942,0.541513588186491
"21060",3941,0.541423767749871
"21061",3940,0.542322491139676
"21062",3939,0.542663775482006
"21063",3938,0.541952621302105
"21064",3937,0.541952621302105
"21065",3936,0.541952621302105
"21066",3935,0.542663775482006
"21067",3934,0.542322491139676
"21068",3933,0.542658670514169
"21069",3932,0.541513588186491
"21070",3931,0.539808568148471
"21071",3930,0.537529875146972
"21072",3929,0.534629240283995
"21073",3928,0.529724444879767
"21074",3927,0.52523218598613
"21075",3926,0.520076684614031
"21076",3925,0.516278746513922
"21077",3924,0.512198113753955
"21078",3923,0.507826787032481
"21079",3922,0.505548757106493
"21080",3921,0.503208666484086
"21081",3920,0.500799301615722
"21082",3919,0.500799301615722
"21083",3918,0.500799301615722
"21084",3917,0.500799301615722
"21085",3916,0.500799301615722
"21086",3915,0.502242951262236
"21087",3914,0.502242951262236
"21088",3913,0.502242951262236
"21089",3912,0.502242951262236
"21090",3911,0.502242951262236
"21091",3910,0.503208666484086
"21092",3909,0.503208666484086
"21093",3908,0.500799301615722
"21094",3907,0.498342933224097
"21095",3906,0.495832053862563
"21096",3905,0.493269448692146
"21097",3904,0.490658011014739
"21098",3903,0.488000729118246
"21099",3902,0.4825625955615
"21100",3901,0.47698084548876
"21101",3900,0.474144806287759
"21102",3899,0.468406483750908
"21103",3898,0.462568657014539
"21104",3897,0.456700125659987
"21105",3896,0.453738615837488
"21106",3895,0.447824954013492
"21107",3894,0.441916262286143
"21108",3893,0.436201993896167
"21109",3892,0.433315547204301
"21110",3891,0.427265335587892
"21111",3890,0.424393101747558
"21112",3889,0.421521539385715
"21113",3888,0.418306964941145
"21114",3887,0.415477168176214
"21115",3886,0.412230197946166
"21116",3885,0.409439226328935
"21117",3884,0.407135983149582
"21118",3883,0.40439351587101
"21119",3882,0.401715107183368
"21120",3881,0.399569394332911
"21121",3880,0.39696829051388
"21122",3879,0.394399413852233
"21123",3878,0.39186347055834
"21124",3877,0.389361068517964
"21125",3876,0.384458862324267
"21126",3875,0.382059833725897
"21127",3874,0.380269592908352
"21128",3873,0.377943898333418
"21129",3872,0.375652632943141
"21130",3871,0.376248728210547
"21131",3870,0.373994298405063
"21132",3869,0.372399662580702
"21133",3868,0.372399662580702
"21134",3867,0.370855011619499
"21135",3866,0.370855011619499
"21136",3865,0.370855011619499
"21137",3864,0.370214604753149
"21138",3863,0.372399662580702
"21139",3862,0.372399662580702
"21140",3861,0.37178375096728
"21141",3860,0.37178375096728
"21142",3859,0.373994298405063
"21143",3858,0.373994298405063
"21144",3857,0.376248728210547
"21145",3856,0.376248728210547
"21146",3855,0.376248728210547
"21147",3854,0.376858235861345
"21148",3853,0.376858235861345
"21149",3852,0.376858235861345
"21150",3851,0.375241421208533
"21151",3850,0.375241421208533
"21152",3849,0.373027384593562
"21153",3848,0.370214604753149
"21154",3847,0.368072458767246
"21155",3846,0.363858985494035
"21156",3845,0.359148860305424
"21157",3844,0.3571886189733
"21158",3843,0.352731985519373
"21159",3842,0.349017096113297
"21160",3841,0.343680594328708
"21161",3840,0.340289403703394
"21162",3839,0.335417935857796
"21163",3838,0.332322133290107
"21164",3837,0.327894760571686
"21165",3836,0.324068768250003
"21166",3835,0.320009303040549
"21167",3834,0.314900017122279
"21168",3833,0.311518285369376
"21169",3832,0.307941445609554
"21170",3831,0.303300756272122
"21171",3830,0.29991661600153
"21172",3829,0.295410502428128
"21173",3828,0.291045325021906
"21174",3827,0.286645357964483
"21175",3826,0.283355735137184
"21176",3825,0.278805473200356
"21177",3824,0.274291841388406
"21178",3823,0.270731917261212
"21179",3822,0.265929935734554
"21180",3821,0.262318241912664
"21181",3820,0.257559757529892
"21182",3819,0.254023685120503
"21183",3818,0.250717215622028
"21184",3817,0.247393560138281
"21185",3816,0.245516000074892
"21186",3815,0.243452374743438
"21187",3814,0.241463572309853
"21188",3813,0.239545994809002
"21189",3812,0.237652850754322
"21190",3811,0.236768166916867
"21191",3810,0.23590471269538
"21192",3809,0.235492840365663
"21193",3808,0.235492840365663
"21194",3807,0.235492840365663
"21195",3806,0.235492840365663
"21196",3805,0.236369239423373
"21197",3804,0.237267535315409
"21198",3803,0.238186977559157
"21199",3802,0.240108098135808
"21200",3801,0.242449483267291
"21201",3800,0.244471393594813
"21202",3799,0.247627797790525
"21203",3798,0.250921695028072
"21204",3797,0.254299359622397
"21205",3796,0.258878710274855
"21206",3795,0.263536348857096
"21207",3794,0.267045842785957
"21208",3793,0.271760948287044
"21209",3792,0.276415975285338
"21210",3791,0.280970785489386
"21211",3790,0.2854766827433
"21212",3789,0.288856464293803
"21213",3788,0.292111528218824
"21214",3787,0.295461492761749
"21215",3786,0.298788353439345
"21216",3785,0.301139036154908
"21217",3784,0.302292556701998
"21218",3783,0.303442694581263
"21219",3782,0.303442694581263
"21220",3781,0.303442694581263
"21221",3780,0.302166552611035
"21222",3779,0.29991661600153
"21223",3778,0.297673711122164
"21224",3777,0.295410502428128
"21225",3776,0.293225328695841
"21226",3775,0.291045325021906
"21227",3774,0.287752880162585
"21228",3773,0.284365592668331
"21229",3772,0.280970785489386
"21230",3771,0.278694020585956
"21231",3770,0.275263995062144
"21232",3769,0.271700804543943
"21233",3768,0.269365800734158
"21234",3767,0.267035996496176
"21235",3766,0.264707099421491
"21236",3765,0.263526948180188
"21237",3764,0.262327823064388
"21238",3763,0.261125950660218
"21239",3762,0.259934823019392
"21240",3761,0.258745777412567
"21241",3760,0.258698862695
"21242",3759,0.258698862695
"21243",3758,0.258698862695
"21244",3757,0.258698862695
"21245",3756,0.259934823019392
"21246",3755,0.259934823019392
"21247",3754,0.261125950660218
"21248",3753,0.262327823064388
"21249",3752,0.263526948180188
"21250",3751,0.265886693946148
"21251",3750,0.267045842785957
"21252",3749,0.269399349608341
"21253",3748,0.2705915378
"21254",3747,0.272936359336523
"21255",3746,0.275263995062144
"21256",3745,0.277661675398629
"21257",3744,0.279932865817707
"21258",3743,0.281188514292433
"21259",3742,0.283436687172863
"21260",3741,0.285676628498265
"21261",3740,0.286772964703902
"21262",3739,0.287862327448735
"21263",3738,0.288965545694851
"21264",3737,0.290009560333484
"21265",3736,0.290009560333484
"21266",3735,0.291088059905537
"21267",3734,0.290009560333484
"21268",3733,0.289947303807166
"21269",3732,0.288856464293803
"21270",3731,0.286645357964483
"21271",3730,0.2854766827433
"21272",3729,0.282197655059266
"21273",3728,0.279932865817707
"21274",3727,0.276501644062332
"21275",3726,0.271917731129817
"21276",3725,0.268343999351457
"21277",3724,0.264714172442198
"21278",3723,0.259903973386493
"21279",3722,0.256289394758396
"21280",3721,0.251541813549776
"21281",3720,0.248278902919883
"21282",3719,0.244978456169909
"21283",3718,0.241804468467231
"21284",3717,0.240108098135808
"21285",3716,0.237267535315409
"21286",3715,0.236369239423373
"21287",3714,0.235492840365663
"21288",3713,0.234639051720474
"21289",3712,0.234639051720474
"21290",3711,0.234225317721289
"21291",3710,0.234225317721289
"21292",3709,0.235091137028372
"21293",3708,0.235980253067885
"21294",3707,0.236891926458369
"21295",3706,0.236891926458369
"21296",3705,0.237825379236861
"21297",3704,0.238779796401053
"21298",3703,0.239147306240487
"21299",3702,0.239147306240487
"21300",3701,0.238186977559157
"21301",3700,0.237652850754322
"21302",3699,0.236768166916867
"21303",3698,0.234244198438912
"21304",3697,0.232219899607282
"21305",3696,0.230036887041236
"21306",3695,0.2274646794336
"21307",3694,0.225369521544002
"21308",3693,0.22322517824875
"21309",3692,0.22203136535832
"21310",3691,0.221196590647463
"21311",3690,0.221408893034903
"21312",3689,0.221504208320162
"21313",3688,0.222081132652136
"21314",3687,0.222835857948817
"21315",3686,0.223878688300764
"21316",3685,0.224849618674543
"21317",3684,0.225602995606562
"21318",3683,0.226359638686548
"21319",3682,0.227203603694425
"21320",3681,0.227682575814421
"21321",3680,0.228145242832702
"21322",3679,0.228728003548017
"21323",3678,0.228955891943613
"21324",3677,0.229153856726753
"21325",3676,0.229153856726753
"21326",3675,0.228960636894768
"21327",3674,0.228960636894768
"21328",3673,0.228622831707452
"21329",3672,0.228426348613076
"21330",3671,0.228221074602898
"21331",3670,0.227656817812974
"21332",3669,0.227243292988647
"21333",3668,0.226800428618196
"21334",3667,0.226077290420807
"21335",3666,0.225350664993783
"21336",3665,0.224602757745381
"21337",3664,0.223505659050965
"21338",3663,0.222835857948817
"21339",3662,0.222007434648675
"21340",3661,0.221372548787809
"21341",3660,0.221089817857228
"21342",3659,0.221017140757495
"21343",3658,0.22105302375854
"21344",3657,0.221196590647463
"21345",3656,0.220999154823876
"21346",3655,0.22114383057958
"21347",3654,0.221337178882843
"21348",3653,0.221337178882843
"21349",3652,0.220886864228209
"21350",3651,0.220710169161172
"21351",3650,0.220038915703244
"21352",3649,0.219850022530954
"21353",3648,0.21987558194174
"21354",3647,0.219785576619239
"21355",3646,0.220246995843282
"21356",3645,0.220879203633087
"21357",3644,0.221383116980982
"21358",3643,0.222264372877035
"21359",3642,0.22357899265032
"21360",3641,0.224969550658793
"21361",3640,0.226376504644648
"21362",3639,0.227671218977196
"21363",3638,0.228870270063528
"21364",3637,0.229900145681173
"21365",3636,0.230539319732705
"21366",3635,0.230873613452388
"21367",3634,0.231154552755112
"21368",3633,0.231479421177413
"21369",3632,0.231579472170881
"21370",3631,0.231662511797159
"21371",3630,0.231662511797159
"21372",3629,0.231662511797159
"21373",3628,0.231728567282373
"21374",3627,0.231728567282373
"21375",3626,0.231728567282373
"21376",3625,0.231728567282373
"21377",3624,0.231728567282373
"21378",3623,0.23177770831439
"21379",3622,0.23177770831439
"21380",3621,0.23177770831439
"21381",3620,0.23177770831439
"21382",3619,0.231820209078315
"21383",3618,0.231836499337848
"21384",3617,0.232024862405396
"21385",3616,0.231995903668734
"21386",3615,0.231909605258059
"21387",3614,0.231842795812499
"21388",3613,0.231740909579222
"21389",3612,0.231740909579222
"21390",3611,0.231740909579222
"21391",3610,0.231740909579222
"21392",3609,0.231842795812499
"21393",3608,0.231909605258059
"21394",3607,0.23196074872971
"21395",3606,0.23196074872971
"21396",3605,0.231995903668734
"21397",3604,0.232024862405396
"21398",3603,0.232003891532363
"21399",3602,0.231925777893847
"21400",3601,0.231678104870553
"21401",3600,0.231272718114159
"21402",3599,0.230906099622752
"21403",3598,0.230485658289213
"21404",3597,0.230251416358312
"21405",3596,0.230251416358312
"21406",3595,0.230703681610106
"21407",3594,0.231102847171133
"21408",3593,0.231560465305058
"21409",3592,0.231778187114492
"21410",3591,0.231925777893847
"21411",3590,0.231973451468982
"21412",3589,0.231973451468982
"21413",3588,0.231973451468982
"21414",3587,0.232003891532363
"21415",3586,0.232003891532363
"21416",3585,0.232027674353581
"21417",3584,0.232024862405396
"21418",3583,0.231995903668734
"21419",3582,0.231995903668734
"21420",3581,0.23196074872971
"21421",3580,0.231909605258059
"21422",3579,0.231842795812499
"21423",3578,0.231740909579222
"21424",3577,0.231645161000363
"21425",3576,0.231409929729313
"21426",3575,0.23095335503649
"21427",3574,0.230371831922872
"21428",3573,0.229705196503693
"21429",3572,0.2286555776555
"21430",3571,0.22775019150362
"21431",3570,0.226422997106964
"21432",3569,0.22533592607718
"21433",3568,0.224190844752568
"21434",3567,0.223407342619592
"21435",3566,0.222155030339395
"21436",3565,0.220844912462617
"21437",3564,0.219500858300084
"21438",3563,0.217618273304751
"21439",3562,0.216132518731934
"21440",3561,0.214619681908078
"21441",3560,0.213050788718159
"21442",3559,0.211494611135969
"21443",3558,0.209888516298784
"21444",3557,0.208818680049007
"21445",3556,0.20827443946691
"21446",3555,0.20827443946691
"21447",3554,0.20827443946691
"21448",3553,0.208818680049007
"21449",3552,0.209350153544394
"21450",3551,0.208818680049007
"21451",3550,0.20827443946691
"21452",3549,0.207707437834505
"21453",3548,0.206616258576689
"21454",3547,0.204952498414056
"21455",3546,0.203820469345116
"21456",3545,0.20267432551083
"21457",3544,0.20267432551083
"21458",3543,0.203249207170711
"21459",3542,0.204952498414056
"21460",3541,0.206071065199867
"21461",3540,0.206616258576689
"21462",3539,0.207168366907022
"21463",3538,0.207168366907022
"21464",3537,0.206616258576689
"21465",3536,0.206616258576689
"21466",3535,0.207168366907022
"21467",3534,0.207707437834505
"21468",3533,0.20827443946691
"21469",3532,0.208818680049007
"21470",3531,0.208818680049007
"21471",3530,0.208818680049007
"21472",3529,0.209350153544394
"21473",3528,0.209350153544394
"21474",3527,0.209350153544394
"21475",3526,0.209888516298784
"21476",3525,0.210965666916008
"21477",3524,0.212020144768516
"21478",3523,0.213597202377806
"21479",3522,0.214619681908078
"21480",3521,0.215124840138552
"21481",3520,0.215625727341964
"21482",3519,0.215625727341964
"21483",3518,0.215625727341964
"21484",3517,0.215124840138552
"21485",3516,0.214619681908078
"21486",3515,0.214110417696171
"21487",3514,0.214110417696171
"21488",3513,0.213597202377806
"21489",3512,0.213050788718159
"21490",3511,0.212020144768516
"21491",3510,0.210965666916008
"21492",3509,0.209888516298784
"21493",3508,0.20827443946691
"21494",3507,0.207707437834505
"21495",3506,0.207707437834505
"21496",3505,0.20827443946691
"21497",3504,0.209888516298784
"21498",3503,0.211494611135969
"21499",3502,0.212542172901653
"21500",3501,0.213597202377806
"21501",3500,0.214110417696171
"21502",3499,0.214619681908078
"21503",3498,0.214110417696171
"21504",3497,0.213597202377806
"21505",3496,0.212020144768516
"21506",3495,0.210965666916008
"21507",3494,0.209888516298784
"21508",3493,0.20827443946691
"21509",3492,0.207168366907022
"21510",3491,0.206071065199867
"21511",3490,0.204952498414056
"21512",3489,0.203820469345116
"21513",3488,0.20267432551083
"21514",3487,0.201504077791633
"21515",3486,0.200328422826013
"21516",3485,0.199724633152035
"21517",3484,0.198525413470258
"21518",3483,0.196692800890735
"21519",3482,0.194174298166289
"21520",3481,0.190934101401385
"21521",3480,0.186883412039687
"21522",3479,0.183464257446658
"21523",3478,0.180664363183843
"21524",3477,0.179973644797929
"21525",3476,0.180664363183843
"21526",3475,0.18276894646408
"21527",3474,0.18620118980638
"21528",3473,0.188928580936756
"21529",3472,0.190934101401385
"21530",3471,0.190934101401385
"21531",3470,0.190272210148772
"21532",3469,0.188928580936756
"21533",3468,0.18620118980638
"21534",3467,0.183464257446658
"21535",3466,0.1813639604105
"21536",3465,0.179973644797929
"21537",3464,0.178580613928331
"21538",3463,0.177879855774597
"21539",3462,0.178580613928331
"21540",3461,0.178580613928331
"21541",3460,0.178580613928331
"21542",3459,0.177879855774597
"21543",3458,0.176479393142716
"21544",3457,0.173692936857789
"21545",3456,0.171001862005466
"21546",3455,0.16833014223173
"21547",3454,0.165120861353551
"21548",3453,0.162679650719475
"21549",3452,0.160330978988445
"21550",3451,0.157677629637231
"21551",3450,0.155738518669947
"21552",3449,0.154025682517442
"21553",3448,0.152732260152586
"21554",3447,0.151528973849143
"21555",3446,0.150623290663677
"21556",3445,0.150270954024997
"21557",3444,0.14999574801804
"21558",3443,0.149983731525154
"21559",3442,0.150138573419167
"21560",3441,0.15068542243807
"21561",3440,0.151109682744383
"21562",3439,0.151456422161512
"21563",3438,0.151656423845161
"21564",3437,0.15185660051487
"21565",3436,0.15185660051487
"21566",3435,0.15185660051487
"21567",3434,0.151656423845161
"21568",3433,0.151616500624201
"21569",3432,0.151297320979865
"21570",3431,0.151024851818746
"21571",3430,0.150815409570366
"21572",3429,0.150655072635424
"21573",3428,0.150515160011824
"21574",3427,0.150520316194064
"21575",3426,0.150595246167404
"21576",3425,0.151144506782592
"21577",3424,0.151399562303455
"21578",3423,0.151851550998414
"21579",3422,0.152197696976818
"21580",3421,0.152401478451606
"21581",3420,0.152621674929485
"21582",3419,0.152332749424654
"21583",3418,0.152572526319089
"21584",3417,0.152572526319089
"21585",3416,0.152572526319089
"21586",3415,0.152296218288436
"21587",3414,0.152332749424654
"21588",3413,0.152332749424654
"21589",3412,0.152109717740223
"21590",3411,0.151903609903223
"21591",3410,0.1517145755591
"21592",3409,0.151553204234303
"21593",3408,0.151263323460387
"21594",3407,0.151144506782592
"21595",3406,0.150949487578032
"21596",3405,0.150595246167404
"21597",3404,0.150520316194064
"21598",3403,0.150509142350137
"21599",3402,0.150275489975068
"21600",3401,0.150395120323126
"21601",3400,0.150572664646339
"21602",3399,0.150812989648012
"21603",3398,0.15095466360251
"21604",3397,0.151277227609578
"21605",3396,0.151656423845161
"21606",3395,0.152191161641517
"21607",3394,0.152599076427476
"21608",3393,0.153068477944633
"21609",3392,0.153268186027441
"21610",3391,0.153673115637696
"21611",3390,0.154074884360371
"21612",3389,0.154271417830753
"21613",3388,0.1546411780954
"21614",3387,0.1549960565182
"21615",3386,0.155160935593211
"21616",3385,0.155655181993336
"21617",3384,0.155805832999984
"21618",3383,0.155942925730211
"21619",3382,0.156172759365333
"21620",3381,0.156263802476392
"21621",3380,0.156394367504903
"21622",3379,0.156145069065545
"21623",3378,0.156139282540329
"21624",3377,0.155755989259124
"21625",3376,0.15561207963504
"21626",3375,0.155202419261912
"21627",3374,0.15496165047892
"21628",3373,0.154658711268089
"21629",3372,0.154294997184326
"21630",3371,0.153873879111427
"21631",3370,0.153135824366114
"21632",3369,0.152583744902175
"21633",3368,0.152156045421177
"21634",3367,0.151156092551158
"21635",3366,0.150159395235496
"21636",3365,0.149421569871842
"21637",3364,0.148342539153539
"21638",3363,0.147617638006917
"21639",3362,0.146591398660859
"21640",3361,0.145921064558582
"21641",3360,0.14504276463776
"21642",3359,0.144743634887271
"21643",3358,0.144283350559615
"21644",3357,0.143899161697551
"21645",3356,0.143562387098345
"21646",3355,0.143284094157853
"21647",3354,0.143167066466378
"21648",3353,0.142999793750964
"21649",3352,0.142657995645795
"21650",3351,0.142606450033645
"21651",3350,0.142560121939505
"21652",3349,0.142295105412745
"21653",3348,0.142277228488822
"21654",3347,0.142304520509043
"21655",3346,0.142326888604957
"21656",3345,0.142580778945143
"21657",3344,0.142639463240777
"21658",3343,0.142763426365597
"21659",3342,0.143015505939033
"21660",3341,0.143118472556984
"21661",3340,0.143335283680966
"21662",3339,0.143446514494225
"21663",3338,0.143548840924859
"21664",3337,0.143834643709905
"21665",3336,0.144149836008235
"21666",3335,0.14447885645791
"21667",3334,0.14482973624051
"21668",3333,0.145190449183324
"21669",3332,0.145544065778743
"21670",3331,0.145916108425926
"21671",3330,0.14644183085641
"21672",3329,0.146802371346262
"21673",3328,0.147168262478202
"21674",3327,0.147530390241397
"21675",3326,0.147911386888459
"21676",3325,0.1482917534319
"21677",3324,0.14868342029342
"21678",3323,0.149089817978586
"21679",3322,0.149412339086609
"21680",3321,0.149837297632708
"21681",3320,0.150070179461952
"21682",3319,0.150386102559433
"21683",3318,0.150619873859451
"21684",3317,0.151043036531044
"21685",3316,0.151310145204437
"21686",3315,0.151588284223322
"21687",3314,0.15210683827789
"21688",3313,0.15210683827789
"21689",3312,0.15210683827789
"21690",3311,0.15210683827789
"21691",3310,0.15210683827789
"21692",3309,0.151804310008236
"21693",3308,0.151310145204437
"21694",3307,0.151043036531044
"21695",3306,0.150619873859451
"21696",3305,0.150386102559433
"21697",3304,0.149821552189832
"21698",3303,0.149625106849466
"21699",3302,0.149248865283421
"21700",3301,0.148889709641602
"21701",3300,0.148714753165178
"21702",3299,0.148362079829057
"21703",3298,0.148192917580848
"21704",3297,0.147846029696724
"21705",3296,0.147677563348649
"21706",3295,0.147328938234583
"21707",3294,0.147157822721628
"21708",3293,0.146811259766995
"21709",3292,0.146636957217603
"21710",3291,0.146283014351417
"21711",3290,0.145732673159141
"21712",3289,0.145368405340406
"21713",3288,0.144802079007302
"21714",3287,0.144051107555256
"21715",3286,0.143520336946012
"21716",3285,0.143021796276719
"21717",3284,0.142776657142317
"21718",3283,0.142503730065964
"21719",3282,0.142372800062752
"21720",3281,0.142102808563968
"21721",3280,0.142061842875467
"21722",3279,0.142045787195101
"21723",3278,0.142045787195101
"21724",3277,0.142061842875467
"21725",3276,0.142326888604957
"21726",3275,0.142372800062752
"21727",3274,0.142503730065964
"21728",3273,0.142681851622654
"21729",3272,0.142749091647914
"21730",3271,0.143174448388488
"21731",3270,0.143520336946012
"21732",3269,0.143870537885246
"21733",3268,0.144224369627901
"21734",3267,0.144410469514888
"21735",3266,0.144597858784513
"21736",3265,0.144785922028813
"21737",3264,0.144974079956802
"21738",3263,0.145172692063763
"21739",3262,0.145370868768055
"21740",3261,0.145568863157977
"21741",3260,0.145745771214783
"21742",3259,0.145745771214783
"21743",3258,0.146124372701119
"21744",3257,0.146305675975097
"21745",3256,0.146494512236455
"21746",3255,0.146836113419633
"21747",3254,0.14718815691204
"21748",3253,0.147522492906071
"21749",3252,0.147859294921282
"21750",3251,0.148353285348017
"21751",3250,0.148676857242822
"21752",3249,0.149017494316386
"21753",3248,0.149360657453366
"21754",3247,0.149538578624894
"21755",3246,0.149821552189832
"21756",3245,0.150024630287142
"21757",3244,0.150098225166528
"21758",3243,0.150304118696336
"21759",3242,0.150304118696336
"21760",3241,0.150529794600909
"21761",3240,0.150529794600909
"21762",3239,0.150755411240966
"21763",3238,0.150755411240966
"21764",3237,0.150818812047435
"21765",3236,0.151052222541675
"21766",3235,0.151052222541675
"21767",3234,0.15129865405299
"21768",3233,0.151559184302333
"21769",3232,0.152126792388644
"21770",3231,0.152696401010525
"21771",3230,0.15303694807081
"21772",3229,0.153396030499449
"21773",3228,0.153774460038597
"21774",3227,0.154163202517005
"21775",3226,0.15458302186034
"21776",3225,0.15458302186034
"21777",3224,0.15458302186034
"21778",3223,0.15500531326336
"21779",3222,0.15500531326336
"21780",3221,0.15500531326336
"21781",3220,0.155470210416442
"21782",3219,0.155470210416442
"21783",3218,0.155958633113647
"21784",3217,0.156469792865472
"21785",3216,0.157544172656481
"21786",3215,0.158724847796062
"21787",3214,0.159677137956231
"21788",3213,0.161394286111263
"21789",3212,0.162865183375895
"21790",3211,0.165224882293081
"21791",3210,0.16774534416347
"21792",3209,0.170392710390527
"21793",3208,0.173057524262775
"21794",3207,0.175895031159458
"21795",3206,0.177799237660684
"21796",3205,0.180604129526631
"21797",3204,0.182225779117775
"21798",3203,0.183093586374876
"21799",3202,0.183956304606603
"21800",3201,0.184794037343087
"21801",3200,0.183956304606603
"21802",3199,0.183093586374876
"21803",3198,0.182225779117775
"21804",3197,0.181344441632252
"21805",3196,0.17954783533138
"21806",3195,0.178646121669188
"21807",3194,0.176805573450618
"21808",3193,0.174963625918673
"21809",3192,0.174048340443314
"21810",3191,0.172208133163593
"21811",3190,0.171296457667087
"21812",3189,0.170392710390527
"21813",3188,0.170392710390527
"21814",3187,0.170392710390527
"21815",3186,0.170392710390527
"21816",3185,0.170392710390527
"21817",3184,0.171296457667087
"21818",3183,0.172208133163593
"21819",3182,0.173126016458858
"21820",3181,0.174048340443314
"21821",3180,0.174963625918673
"21822",3179,0.175879991375773
"21823",3178,0.176805573450618
"21824",3177,0.177728231094481
"21825",3176,0.17954783533138
"21826",3175,0.180451224055263
"21827",3174,0.181344441632252
"21828",3173,0.182225779117775
"21829",3172,0.183956304606603
"21830",3171,0.185624276790933
"21831",3170,0.187197446086078
"21832",3169,0.188695587153371
"21833",3168,0.190767665581008
"21834",3167,0.192615937393228
"21835",3166,0.193720343275201
"21836",3165,0.19519935541144
"21837",3164,0.196115278197358
"21838",3163,0.196883444954219
"21839",3162,0.197608838886821
"21840",3161,0.198207196529773
"21841",3160,0.198240677601654
"21842",3159,0.198791619076278
"21843",3158,0.199044261638985
"21844",3157,0.199285518827828
"21845",3156,0.199285518827828
"21846",3155,0.199516150247017
"21847",3154,0.199330742255167
"21848",3153,0.199564161508939
"21849",3152,0.199788062057765
"21850",3151,0.19962062936312
"21851",3150,0.199846891048363
"21852",3149,0.200064383897876
"21853",3148,0.200475017909355
"21854",3147,0.200669067106168
"21855",3146,0.201135054461589
"21856",3145,0.201305240646069
"21857",3144,0.201717529745345
"21858",3143,0.202020499077228
"21859",3142,0.202177306135306
"21860",3141,0.202504772084798
"21861",3140,0.202634984934734
"21862",3139,0.202870075197939
"21863",3138,0.202999722204806
"21864",3137,0.203136489425824
"21865",3136,0.203170901294768
"21866",3135,0.203281977075594
"21867",3134,0.203260880418212
"21868",3133,0.203260880418212
"21869",3132,0.203260880418212
"21870",3131,0.203163445836743
"21871",3130,0.203163445836743
"21872",3129,0.202949404545678
"21873",3128,0.202833446125951
"21874",3127,0.202677725540011
"21875",3126,0.202544575219318
"21876",3125,0.202256508036883
"21877",3124,0.202020499077228
"21878",3123,0.201717529745345
"21879",3122,0.201382496676563
"21880",3121,0.201061280148721
"21881",3120,0.200888875979265
"21882",3119,0.200611960826138
"21883",3118,0.200419754336098
"21884",3117,0.200220373465738
"21885",3116,0.200220373465738
"21886",3115,0.200357444635511
"21887",3114,0.200526977656604
"21888",3113,0.200809680008306
"21889",3112,0.201131354580127
"21890",3111,0.201490691439993
"21891",3110,0.201792378839402
"21892",3109,0.202079248349018
"21893",3108,0.202383384936123
"21894",3107,0.202657791415695
"21895",3106,0.202949271582624
"21896",3105,0.203382218759101
"21897",3104,0.203665578070411
"21898",3103,0.203804982917793
"21899",3102,0.204117605466437
"21900",3101,0.204259783944457
"21901",3100,0.20419262188108
"21902",3099,0.20419262188108
"21903",3098,0.20406427867038
"21904",3097,0.203804982917793
"21905",3096,0.203524850252738
"21906",3095,0.202942455771813
"21907",3094,0.202483084960848
"21908",3093,0.201933724172611
"21909",3092,0.201514223144476
"21910",3091,0.201085673542292
"21911",3090,0.200633777785727
"21912",3089,0.2003002198733
"21913",3088,0.199962129970925
"21914",3087,0.199785879924862
"21915",3086,0.199917003800382
"21916",3085,0.199917003800382
"21917",3084,0.199962129970925
"21918",3083,0.200129714034354
"21919",3082,0.200474818065431
"21920",3081,0.200797806110812
"21921",3080,0.201230363721613
"21922",3079,0.201654473131413
"21923",3078,0.202083969663198
"21924",3077,0.202517423527855
"21925",3076,0.203103710313841
"21926",3075,0.203524850252738
"21927",3074,0.20406427867038
"21928",3073,0.204413451659723
"21929",3072,0.204571797039175
"21930",3071,0.204749590673124
"21931",3070,0.205064990319602
"21932",3069,0.205036765779612
"21933",3068,0.204943680037488
"21934",3067,0.204779159302953
"21935",3066,0.204517016736538
"21936",3065,0.204158568593918
"21937",3064,0.203941601198727
"21938",3063,0.203429577602548
"21939",3062,0.20313372586319
"21940",3061,0.202461007147529
"21941",3060,0.202094132835149
"21942",3059,0.201260922690738
"21943",3058,0.200804070331647
"21944",3057,0.199445833337894
"21945",3056,0.19892049768479
"21946",3055,0.198381593762557
"21947",3054,0.197447742560067
"21948",3053,0.197447742560067
"21949",3052,0.196520228096972
"21950",3051,0.196520228096972
"21951",3050,0.196520228096972
"21952",3049,0.197091266897436
"21953",3048,0.197447742560067
"21954",3047,0.198008917126016
"21955",3046,0.198548033215426
"21956",3045,0.19892049768479
"21957",3044,0.199445833337894
"21958",3043,0.199937420016612
"21959",3042,0.200010492982747
"21960",3041,0.200010492982747
"21961",3040,0.200458088227198
"21962",3039,0.200467403857749
"21963",3038,0.200467403857749
"21964",3037,0.200467403857749
"21965",3036,0.200467403857749
"21966",3035,0.200046813594574
"21967",3034,0.200046813594574
"21968",3033,0.199613577696565
"21969",3032,0.200010492982747
"21970",3031,0.199549223095639
"21971",3030,0.199054947518128
"21972",3029,0.198548033215426
"21973",3028,0.198008917126016
"21974",3027,0.198008917126016
"21975",3026,0.197091266897436
"21976",3025,0.196520228096972
"21977",3024,0.196520228096972
"21978",3023,0.196520228096972
"21979",3022,0.196520228096972
"21980",3021,0.196520228096972
"21981",3020,0.197091266897436
"21982",3019,0.198008917126016
"21983",3018,0.198548033215426
"21984",3017,0.199054947518128
"21985",3016,0.199549223095639
"21986",3015,0.200010492982747
"21987",3014,0.200458088227198
"21988",3013,0.200458088227198
"21989",3012,0.200872042423744
"21990",3011,0.20127178747994
"21991",3010,0.200855430405023
"21992",3009,0.200855430405023
"21993",3008,0.200467403857749
"21994",3007,0.200046813594574
"21995",3006,0.199613577696565
"21996",3005,0.199148116757741
"21997",3004,0.198162220689228
"21998",3003,0.196875689771982
"21999",3002,0.195650501941396
"22000",3001,0.193941629978071
"22001",3000,0.191749801263592
"22002",2999,0.1894718412318
"22003",2998,0.187074712421693
"22004",2997,0.184607431324825
"22005",2996,0.182102451963426
"22006",2995,0.180418476682409
"22007",2994,0.17795934334407
"22008",2993,0.17633161461946
"22009",2992,0.174821880741428
"22010",2991,0.174033864207946
"22011",2990,0.17325169003168
"22012",2989,0.172476155487201
"22013",2988,0.172476155487201
"22014",2987,0.172476155487201
"22015",2986,0.17325169003168
"22016",2985,0.173930639524006
"22017",2984,0.17473234160544
"22018",2983,0.175539244191047
"22019",2982,0.176262929564225
"22020",2981,0.177926463826238
"22021",2980,0.178761916354231
"22022",2979,0.179589184089709
"22023",2978,0.181262481793037
"22024",2977,0.182076444468607
"22025",2976,0.182898342253646
"22026",2975,0.183717807085187
"22027",2974,0.18445208557975
"22028",2973,0.18445208557975
"22029",2972,0.18445208557975
"22030",2971,0.18365236581231
"22031",2970,0.182848484743681
"22032",2969,0.182042062764632
"22033",2968,0.180418476682409
"22034",2967,0.178781534170905
"22035",2966,0.177093214532599
"22036",2965,0.174625286716942
"22037",2964,0.172213495801703
"22038",2963,0.169703549668946
"22039",2962,0.167417334105408
"22040",2961,0.165257108907199
"22041",2960,0.162514023040197
"22042",2959,0.160991154823234
"22043",2958,0.159377258942956
"22044",2957,0.1579825015051
"22045",2956,0.157372079309112
"22046",2955,0.156573901981881
"22047",2954,0.156225248792046
"22048",2953,0.15603835609478
"22049",2952,0.155989428047439
"22050",2951,0.156016620980029
"22051",2950,0.156096119986801
"22052",2949,0.156218083895297
"22053",2948,0.155494795111997
"22054",2947,0.155649707566309
"22055",2946,0.155649707566309
"22056",2945,0.155649707566309
"22057",2944,0.156383164997552
"22058",2943,0.156383164997552
"22059",2942,0.156383164997552
"22060",2941,0.157134223744633
"22061",2940,0.157134223744633
"22062",2939,0.157134223744633
"22063",2938,0.157350585040664
"22064",2937,0.157350585040664
"22065",2936,0.157609489610963
"22066",2935,0.156844858880401
"22067",2934,0.157142330789733
"22068",2933,0.156726734176299
"22069",2932,0.157112400160241
"22070",2931,0.157545066082297
"22071",2930,0.158561517308053
"22072",2929,0.159135648825048
"22073",2928,0.159767089404463
"22074",2927,0.160434690911718
"22075",2926,0.162609452677052
"22076",2925,0.163394242328911
"22077",2924,0.164219714256686
"22078",2923,0.165989191390124
"22079",2922,0.166912347213537
"22080",2921,0.167891919650735
"22081",2920,0.168905461503607
"22082",2919,0.169433230410268
"22083",2918,0.170540147918566
"22084",2917,0.170540147918566
"22085",2916,0.171667653363515
"22086",2915,0.172833536273976
"22087",2914,0.172833536273976
"22088",2913,0.17325641155328
"22089",2912,0.17325641155328
"22090",2911,0.17325641155328
"22091",2910,0.173686369810784
"22092",2909,0.172596325929684
"22093",2908,0.172596325929684
"22094",2907,0.171522234138158
"22095",2906,0.170475745185634
"22096",2905,0.169458521302494
"22097",2904,0.166912347213537
"22098",2903,0.165989191390124
"22099",2902,0.163540610483394
"22100",2901,0.162706461360632
"22101",2900,0.16114764457612
"22102",2899,0.160434690911718
"22103",2898,0.159767089404463
"22104",2897,0.158561517308053
"22105",2896,0.158024741906557
"22106",2895,0.157545066082297
"22107",2894,0.157871927009381
"22108",2893,0.157871927009381
"22109",2892,0.157871927009381
"22110",2891,0.157871927009381
"22111",2890,0.15864401660405
"22112",2889,0.159096254093969
"22113",2888,0.158792158926222
"22114",2887,0.159325910317416
"22115",2886,0.159894955999001
"22116",2885,0.161165726288649
"22117",2884,0.161905196528062
"22118",2883,0.163540610483394
"22119",2882,0.166312449098953
"22120",2881,0.168358453976479
"22121",2880,0.171027952617116
"22122",2879,0.174414504682488
"22123",2878,0.176778968175146
"22124",2877,0.18072768463513
"22125",2876,0.18321760540724
"22126",2875,0.187072414683105
"22127",2874,0.189545666462282
"22128",2873,0.192028258364518
"22129",2872,0.194487515629812
"22130",2871,0.196920296078653
"22131",2870,0.199326268568957
"22132",2869,0.200507065759836
"22133",2868,0.20313734198508
"22134",2867,0.204283501433907
"22135",2866,0.205422482033386
"22136",2865,0.206910495499064
"22137",2864,0.208023554202478
"22138",2863,0.208023554202478
"22139",2862,0.209124794104377
"22140",2861,0.210194033475271
"22141",2860,0.212274058077932
"22142",2859,0.213264348488985
"22143",2858,0.213840723352076
"22144",2857,0.215700323144334
"22145",2856,0.217498548531774
"22146",2855,0.219196891795896
"22147",2854,0.220805186775481
"22148",2853,0.223030556660174
"22149",2852,0.225093867862182
"22150",2851,0.226953688196811
"22151",2850,0.228974424594028
"22152",2849,0.230943140783282
"22153",2848,0.232247709271068
"22154",2847,0.233755584599795
"22155",2846,0.234709565669887
"22156",2845,0.23554595473143
"22157",2844,0.236235187236465
"22158",2843,0.236527059759862
"22159",2842,0.23693179186443
"22160",2841,0.237129640926596
"22161",2840,0.237250624711145
"22162",2839,0.236977460528289
"22163",2838,0.237314647063903
"22164",2837,0.237314647063903
"22165",2836,0.237296739409786
"22166",2835,0.237296739409786
"22167",2834,0.237314647063903
"22168",2833,0.237314647063903
"22169",2832,0.237314236031388
"22170",2831,0.237295824296884
"22171",2830,0.237198712451634
"22172",2829,0.237129640926596
"22173",2828,0.236631032200167
"22174",2827,0.236505265266384
"22175",2826,0.236223869848608
"22176",2825,0.236068501743345
"22177",2824,0.235670839722967
"22178",2823,0.235457785143683
"22179",2822,0.235228412061557
"22180",2821,0.235270985097642
"22181",2820,0.235009952826403
"22182",2819,0.235000595545052
"22183",2818,0.234709565669887
"22184",2817,0.234413604594032
"22185",2816,0.23409247221702
"22186",2815,0.233813438956985
"22187",2814,0.233474377596889
"22188",2813,0.233474377596889
"22189",2812,0.23311905323117
"22190",2811,0.23311905323117
"22191",2810,0.23311905323117
"22192",2809,0.233402819946013
"22193",2808,0.233664023070804
"22194",2807,0.233539851183269
"22195",2806,0.233752069357338
"22196",2805,0.233752069357338
"22197",2804,0.234316786312587
"22198",2803,0.234316786312587
"22199",2802,0.234499899784188
"22200",2801,0.234499899784188
"22201",2800,0.234499899784188
"22202",2799,0.234499899784188
"22203",2798,0.234499899784188
"22204",2797,0.23484641521754
"22205",2796,0.23484641521754
"22206",2795,0.235178416096438
"22207",2794,0.235495898915868
"22208",2793,0.235495898915868
"22209",2792,0.235789105142308
"22210",2791,0.235789105142308
"22211",2790,0.236078334071248
"22212",2789,0.236352919061968
"22213",2788,0.236858073767063
"22214",2787,0.237088604359798
"22215",2786,0.237515616680829
"22216",2785,0.237885421514915
"22217",2784,0.238476137883405
"22218",2783,0.238711884088577
"22219",2782,0.238969242653284
"22220",2781,0.239026478889622
"22221",2780,0.238865537571006
"22222",2779,0.238431251167431
"22223",2778,0.237703841034355
"22224",2777,0.236894259731807
"22225",2776,0.236577294022953
"22226",2775,0.236243049890283
"22227",2774,0.235880694605646
"22228",2773,0.235478704972918
"22229",2772,0.235036029459577
"22230",2771,0.234582511554444
"22231",2770,0.234086356394464
"22232",2769,0.232984362888343
"22233",2768,0.231760848308685
"22234",2767,0.230379446940914
"22235",2766,0.228847094388888
"22236",2765,0.228035300785618
"22237",2764,0.226278857580767
"22238",2763,0.224384449863934
"22239",2762,0.223378225298789
"22240",2761,0.220138006350721
"22241",2760,0.216604442066984
"22242",2759,0.211531419400986
"22243",2758,0.204735317381825
"22244",2757,0.196349844011899
"22245",2756,0.188201850510801
"22246",2755,0.180853776927797
"22247",2754,0.174640463360511
"22248",2753,0.169876127601814
"22249",2752,0.167586449543991
"22250",2751,0.166275142752002
"22251",2750,0.165218717823783
"22252",2749,0.165077654396418
"22253",2748,0.165227033464042
"22254",2747,0.165559866086339
"22255",2746,0.166403321458534
"22256",2745,0.16763257004173
"22257",2744,0.169229410270322
"22258",2743,0.171992822412875
"22259",2742,0.17540023434669
"22260",2741,0.180519936470221
"22261",2740,0.185246315005529
"22262",2739,0.190468668487982
"22263",2738,0.196253000887747
"22264",2737,0.200828768224361
"22265",2736,0.205566111474587
"22266",2735,0.208822857339005
"22267",2734,0.210471823173696
"22268",2733,0.208822857339005
"22269",2732,0.208822857339005
"22270",2731,0.207187094354744
"22271",2730,0.207187094354744
"22272",2729,0.208822857339005
"22273",2728,0.213805959047891
"22274",2727,0.220593723563821
"22275",2726,0.227385362820595
"22276",2725,0.234133345540167
"22277",2724,0.241971020312747
"22278",2723,0.249449941363818
"22279",2722,0.256247270439317
"22280",2721,0.261154810590398
"22281",2720,0.265582681425959
"22282",2719,0.269533104468412
"22283",2718,0.273070123518779
"22284",2717,0.274736258831756
"22285",2716,0.276321436982004
"22286",2715,0.27788057229424
"22287",2714,0.278636044234995
"22288",2713,0.279384495559743
"22289",2712,0.279384495559743
"22290",2711,0.279384495559743
"22291",2710,0.280138195927876
"22292",2709,0.280878886600774
"22293",2708,0.282357394595715
"22294",2707,0.283779861035794
"22295",2706,0.285253900899094
"22296",2705,0.28676371732712
"22297",2704,0.289115900744181
"22298",2703,0.290740901878436
"22299",2702,0.292432278318818
"22300",2701,0.295072820612695
"22301",2700,0.296885952202979
"22302",2699,0.299698212956279
"22303",2698,0.303559371514505
"22304",2697,0.306464315065691
"22305",2696,0.309352880280342
"22306",2695,0.312155860772953
"22307",2694,0.314009190842592
"22308",2693,0.314901183677891
"22309",2692,0.315768732625037
"22310",2691,0.31663136406332
"22311",2690,0.317477590318888
"22312",2689,0.318306719019155
"22313",2688,0.319118152043877
"22314",2687,0.319911383370474
"22315",2686,0.320685995798662
"22316",2685,0.322178112635006
"22317",2684,0.322906775595213
"22318",2683,0.323606819148483
"22319",2682,0.324288197556724
"22320",2681,0.324960156134473
"22321",2680,0.325602830417871
"22322",2679,0.326236153657897
"22323",2678,0.326236153657897
"22324",2677,0.326236153657897
"22325",2676,0.326236153657897
"22326",2675,0.325602830417871
"22327",2674,0.326236153657897
"22328",2673,0.326236153657897
"22329",2672,0.326840571566241
"22330",2671,0.327416026048741
"22331",2670,0.327993219204727
"22332",2669,0.328541762765753
"22333",2668,0.329582928126742
"22334",2667,0.330560669489927
"22335",2666,0.332301992876711
"22336",2665,0.333407834496329
"22337",2664,0.33405417621816
"22338",2663,0.334636583032866
"22339",2662,0.334636583032866
"22340",2661,0.334359701205913
"22341",2660,0.333740204304247
"22342",2659,0.332688607277
"22343",2658,0.331017586245543
"22344",2657,0.329071614502377
"22345",2656,0.327416026048741
"22346",2655,0.326236153657897
"22347",2654,0.325602830417871
"22348",2653,0.324960156134473
"22349",2652,0.325602830417871
"22350",2651,0.326236153657897
"22351",2650,0.326236153657897
"22352",2649,0.326840571566241
"22353",2648,0.326236153657897
"22354",2647,0.326236153657897
"22355",2646,0.324960156134473
"22356",2645,0.324288197556724
"22357",2644,0.322906775595213
"22358",2643,0.321441656660774
"22359",2642,0.319118152043877
"22360",2641,0.31663136406332
"22361",2640,0.314901183677891
"22362",2639,0.312155860772953
"22363",2638,0.309268893301182
"22364",2637,0.307376086390668
"22365",2636,0.305496560166457
"22366",2635,0.303559371514505
"22367",2634,0.301620148587322
"22368",2633,0.298752229139157
"22369",2632,0.296885952202979
"22370",2631,0.293451596161764
"22371",2630,0.290898854766563
"22372",2629,0.287663393462951
"22373",2628,0.284592501854453
"22374",2627,0.282330383259432
"22375",2626,0.280892304918377
"22376",2625,0.280163123428918
"22377",2624,0.279441748281889
"22378",2623,0.280163123428918
"22379",2622,0.281610806666536
"22380",2621,0.283052833591104
"22381",2620,0.285253900899094
"22382",2619,0.288318569364011
"22383",2618,0.290740901878436
"22384",2617,0.293288726735052
"22385",2616,0.297814419530131
"22386",2615,0.30258323973655
"22387",2614,0.309352880280342
"22388",2613,0.31663136406332
"22389",2612,0.322906775595213
"22390",2611,0.328541762765753
"22391",2610,0.331887863881232
"22392",2609,0.33405417621816
"22393",2608,0.334904339465687
"22394",2607,0.335142924233838
"22395",2606,0.334904339465687
"22396",2605,0.334359701205913
"22397",2604,0.333407834496329
"22398",2603,0.331887863881232
"22399",2602,0.330560669489927
"22400",2601,0.328326447381731
"22401",2600,0.326015541150498
"22402",2599,0.324065591378459
"22403",2598,0.322178112635006
"22404",2597,0.319911383370474
"22405",2596,0.317477590318888
"22406",2595,0.314901183677891
"22407",2594,0.312155860772953
"22408",2593,0.309352880280342
"22409",2592,0.307376086390668
"22410",2591,0.305477143442174
"22411",2590,0.304534811782411
"22412",2589,0.303582333481385
"22413",2588,0.303582333481385
"22414",2587,0.302620938777597
"22415",2586,0.301663908023746
"22416",2585,0.300720506380483
"22417",2584,0.299771983804953
"22418",2583,0.297814419530131
"22419",2582,0.29610094531774
"22420",2581,0.294316997243384
"22421",2580,0.293451596161764
"22422",2579,0.292578594224454
"22423",2578,0.291727557615611
"22424",2577,0.290898854766563
"22425",2576,0.290898854766563
"22426",2575,0.291727557615611
"22427",2574,0.292578594224454
"22428",2573,0.294316997243384
"22429",2572,0.29532582605698
"22430",2571,0.297112817474286
"22431",2570,0.298018195804474
"22432",2569,0.298920686957389
"22433",2568,0.299849896379202
"22434",2567,0.300774393384337
"22435",2566,0.300774393384337
"22436",2565,0.300774393384337
"22437",2564,0.299921294133249
"22438",2563,0.299003453670929
"22439",2562,0.298102604153733
"22440",2561,0.296215126861829
"22441",2560,0.29532582605698
"22442",2559,0.293585201479793
"22443",2558,0.291875197028123
"22444",2557,0.290207181488622
"22445",2556,0.288590091486349
"22446",2555,0.28698985653
"22447",2554,0.286206956814695
"22448",2553,0.285430920763902
"22449",2552,0.284660749341732
"22450",2551,0.283895327535695
"22451",2550,0.283934377288582
"22452",2549,0.283934377288582
"22453",2548,0.283934377288582
"22454",2547,0.284715527971827
"22455",2546,0.286288970331579
"22456",2545,0.287893759722238
"22457",2544,0.289516128371445
"22458",2543,0.291036159895134
"22459",2542,0.292714770789677
"22460",2541,0.29532582605698
"22461",2540,0.297112817474286
"22462",2539,0.298920686957389
"22463",2538,0.300774393384337
"22464",2537,0.3017143312457
"22465",2536,0.303600661247295
"22466",2535,0.303600661247295
"22467",2534,0.304521529310536
"22468",2533,0.304529988685392
"22469",2532,0.303593644414907
"22470",2531,0.303593644414907
"22471",2530,0.302658020912338
"22472",2529,0.3017143312457
"22473",2528,0.300774393384337
"22474",2527,0.299921294133249
"22475",2526,0.299003453670929
"22476",2525,0.299003453670929
"22477",2524,0.299003453670929
"22478",2523,0.298102604153733
"22479",2522,0.299003453670929
"22480",2521,0.299921294133249
"22481",2520,0.30083425096716
"22482",2519,0.3017143312457
"22483",2518,0.303593644414907
"22484",2517,0.304529988685392
"22485",2516,0.306390300209276
"22486",2515,0.307332580101664
"22487",2514,0.309183904041277
"22488",2513,0.309998913812794
"22489",2512,0.310924165660059
"22490",2511,0.310924165660059
"22491",2510,0.311811735557391
"22492",2509,0.311811735557391
"22493",2508,0.310924165660059
"22494",2507,0.311008940766174
"22495",2506,0.310100295854306
"22496",2505,0.309183904041277
"22497",2504,0.309183904041277
"22498",2503,0.309183904041277
"22499",2502,0.309183904041277
"22500",2501,0.309183904041277
"22501",2500,0.309998913812794
"22502",2499,0.310924165660059
"22503",2498,0.31268047208342
"22504",2497,0.315251904965451
"22505",2496,0.318489761640057
"22506",2495,0.321761444240471
"22507",2494,0.324501605177047
"22508",2493,0.327541340756935
"22509",2492,0.329641722460195
"22510",2491,0.331861753781392
"22511",2490,0.333286116542706
"22512",2489,0.334432685775346
"22513",2488,0.334940215885807
"22514",2487,0.335269256097621
"22515",2486,0.335386431984811
"22516",2485,0.335401393641709
"22517",2484,0.335389549400704
"22518",2483,0.335759158768263
"22519",2482,0.335760693944627
"22520",2481,0.335735812920576
"22521",2480,0.335676084158545
"22522",2479,0.335502763100119
"22523",2478,0.335390517930559
"22524",2477,0.335069742235146
"22525",2476,0.334662417525937
"22526",2475,0.334432685775346
"22527",2474,0.333906442306872
"22528",2473,0.333906442306872
"22529",2472,0.333906442306872
"22530",2471,0.334432685775346
"22531",2470,0.334662417525937
"22532",2469,0.334881761730029
"22533",2468,0.335246115887405
"22534",2467,0.335502763100119
"22535",2466,0.335676084158545
"22536",2465,0.335760693944627
"22537",2464,0.335389549400704
"22538",2463,0.335282455340767
"22539",2462,0.33504971055348
"22540",2461,0.334892849822219
"22541",2460,0.33470444644508
"22542",2459,0.33470444644508
"22543",2458,0.334494517328017
"22544",2457,0.334932302996475
"22545",2456,0.335141593893883
"22546",2455,0.335141593893883
"22547",2454,0.335141593893883
"22548",2453,0.3353184906223
"22549",2452,0.33504971055348
"22550",2451,0.33504971055348
"22551",2450,0.335175841011391
"22552",2449,0.335282455340767
"22553",2448,0.335350157986348
"22554",2447,0.335350157986348
"22555",2446,0.335350157986348
"22556",2445,0.335759158768263
"22557",2444,0.335759158768263
"22558",2443,0.335759158768263
"22559",2442,0.335759158768263
"22560",2441,0.335759158768263
"22561",2440,0.335759158768263
"22562",2439,0.335759158768263
"22563",2438,0.335350157986348
"22564",2437,0.335350157986348
"22565",2436,0.335282455340767
"22566",2435,0.335282455340767
"22567",2434,0.335175841011391
"22568",2433,0.335175841011391
"22569",2432,0.335463884871895
"22570",2431,0.3353184906223
"22571",2430,0.335141593893883
"22572",2429,0.335141593893883
"22573",2428,0.334932302996475
"22574",2427,0.334241888608585
"22575",2426,0.334241888608585
"22576",2425,0.33395544465849
"22577",2424,0.333634422734538
"22578",2423,0.333634422734538
"22579",2422,0.333634422734538
"22580",2421,0.333634422734538
"22581",2420,0.333761052268554
"22582",2419,0.333761052268554
"22583",2418,0.333761052268554
"22584",2417,0.333761052268554
"22585",2416,0.333761052268554
"22586",2415,0.333761052268554
"22587",2414,0.332878059902894
"22588",2413,0.332878059902894
"22589",2412,0.332878059902894
"22590",2411,0.332450000699363
"22591",2410,0.331984531361569
"22592",2409,0.331481107159185
"22593",2408,0.330949409610971
"22594",2407,0.330369201813101
"22595",2406,0.330290559735558
"22596",2405,0.329634544341098
"22597",2404,0.32893757714201
"22598",2403,0.328199507544843
"22599",2402,0.328199507544843
"22600",2401,0.327420298749621
"22601",2400,0.326877269284059
"22602",2399,0.326060365517391
"22603",2398,0.326060365517391
"22604",2397,0.326060365517391
"22605",2396,0.326877269284059
"22606",2395,0.326877269284059
"22607",2394,0.327654778122098
"22608",2393,0.328392726195982
"22609",2392,0.329634544341098
"22610",2391,0.330290559735558
"22611",2390,0.330905879874986
"22612",2389,0.331470987518987
"22613",2388,0.332006537835554
"22614",2387,0.332502693459097
"22615",2386,0.332960050130119
"22616",2385,0.333379265910553
"22617",2384,0.333761052268554
"22618",2383,0.334106165304108
"22619",2382,0.334415397189251
"22620",2381,0.33395544465849
"22621",2380,0.334241888608585
"22622",2379,0.334241888608585
"22623",2378,0.334241888608585
"22624",2377,0.334700035988276
"22625",2376,0.334700035988276
"22626",2375,0.334700035988276
"22627",2374,0.334415397189251
"22628",2373,0.334415397189251
"22629",2372,0.334106165304108
"22630",2371,0.333761052268554
"22631",2370,0.333379265910553
"22632",2369,0.332502693459097
"22633",2368,0.332006537835554
"22634",2367,0.330905879874986
"22635",2366,0.329634544341098
"22636",2365,0.328199507544843
"22637",2364,0.325738928495734
"22638",2363,0.323898197885581
"22639",2362,0.320849276421197
"22640",2361,0.31747503545355
"22641",2360,0.31348124469717
"22642",2359,0.308337332565639
"22643",2358,0.304323918847043
"22644",2357,0.298875734483795
"22645",2356,0.292068690868062
"22646",2355,0.286559640048988
"22647",2354,0.280431858948829
"22648",2353,0.275145731091491
"22649",2352,0.271628106440212
"22650",2351,0.268126188093786
"22651",2350,0.265596584359349
"22652",2349,0.263700606026617
"22653",2348,0.262736832388192
"22654",2347,0.262680008810045
"22655",2346,0.263061754302448
"22656",2345,0.263737459302043
"22657",2344,0.264692347651903
"22658",2343,0.265827689558367
"22659",2342,0.267090799500619
"22660",2341,0.268495164464328
"22661",2340,0.270138803065277
"22662",2339,0.271640870828004
"22663",2338,0.273300409408673
"22664",2337,0.275190527390732
"22665",2336,0.277318623800745
"22666",2335,0.279951606795936
"22667",2334,0.281923208124702
"22668",2333,0.28405207407389
"22669",2332,0.286332371957144
"22670",2331,0.28770700585314
"22671",2330,0.289417378257169
"22672",2329,0.291193356260812
"22673",2328,0.293055657934845
"22674",2327,0.294019588959147
"22675",2326,0.295002615428696
"22676",2325,0.295994018187895
"22677",2324,0.297809523698588
"22678",2323,0.297809523698588
"22679",2322,0.298857304499168
"22680",2321,0.299922691496021
"22681",2320,0.301005387989372
"22682",2319,0.30211541636326
"22683",2318,0.303242777443343
"22684",2317,0.304582816491051
"22685",2316,0.305708896889137
"22686",2315,0.306870305710386
"22687",2314,0.30805678448477
"22688",2313,0.30923731538221
"22689",2312,0.311681233287113
"22690",2311,0.314156114750437
"22691",2310,0.315401545058065
"22692",2309,0.319232039569209
"22693",2308,0.321829656899306
"22694",2307,0.325774191458589
"22695",2306,0.329771412012363
"22696",2305,0.333769797964458
"22697",2304,0.339120246644717
"22698",2303,0.343099093175885
"22699",2302,0.348321964613072
"22700",2301,0.353458864365164
"22701",2300,0.358435065929223
"22702",2299,0.363248115307995
"22703",2298,0.36787106835988
"22704",2297,0.372284819641733
"22705",2296,0.375234138241579
"22706",2295,0.379163111805405
"22707",2294,0.38281702224083
"22708",2293,0.386121766641031
"22709",2292,0.387960295693624
"22710",2291,0.389928960892382
"22711",2290,0.391624944307494
"22712",2289,0.392599282599035
"22713",2288,0.393745904550564
"22714",2287,0.394352424955728
"22715",2286,0.394829763130453
"22716",2285,0.395019768120603
"22717",2284,0.395187503228202
"22718",2283,0.395313308411977
"22719",2282,0.395313308411977
"22720",2281,0.395313308411977
"22721",2280,0.395313308411977
"22722",2279,0.395687076816187
"22723",2278,0.395530487829698
"22724",2277,0.395340439740077
"22725",2276,0.394860119958162
"22726",2275,0.39505450010854
"22727",2274,0.394356971649162
"22728",2273,0.393517736759227
"22729",2272,0.39205437324229
"22730",2271,0.390937862335697
"22731",2270,0.389033635675837
"22732",2269,0.387629291729322
"22733",2268,0.385777731372215
"22734",2267,0.383359290702747
"22735",2266,0.381632546911956
"22736",2265,0.378882222181781
"22737",2264,0.376974774138421
"22738",2263,0.373703154930307
"22739",2262,0.371627595455638
"22740",2261,0.369470541774413
"22741",2260,0.368369466391818
"22742",2259,0.36615627872758
"22743",2258,0.36502481420474
"22744",2257,0.363879969734901
"22745",2256,0.362896808948059
"22746",2255,0.362896808948059
"22747",2254,0.36173142040329
"22748",2253,0.36189761320336
"22749",2252,0.36189761320336
"22750",2251,0.360704681767978
"22751",2250,0.360704681767978
"22752",2249,0.360704681767978
"22753",2248,0.360704681767978
"22754",2247,0.36189761320336
"22755",2246,0.36189761320336
"22756",2245,0.36189761320336
"22757",2244,0.360704681767978
"22758",2243,0.360544208199414
"22759",2242,0.360544208199414
"22760",2241,0.360544208199414
"22761",2240,0.35933547155768
"22762",2239,0.358125676569071
"22763",2238,0.35690493923913
"22764",2237,0.355706373834079
"22765",2236,0.354467931391393
"22766",2235,0.35196516061417
"22767",2234,0.349400383523396
"22768",2233,0.346850588705145
"22769",2232,0.344256896382365
"22770",2231,0.341673668252868
"22771",2230,0.3390545849264
"22772",2229,0.336415734206527
"22773",2228,0.332456700278878
"22774",2227,0.329838253365449
"22775",2226,0.327209280128469
"22776",2225,0.324605296892095
"22777",2224,0.322129857587688
"22778",2223,0.320849122917558
"22779",2222,0.318340620959006
"22780",2221,0.317093837794029
"22781",2220,0.315866121275498
"22782",2219,0.316022340958748
"22783",2218,0.316022340958748
"22784",2217,0.315866121275498
"22785",2216,0.315866121275498
"22786",2215,0.317093837794029
"22787",2214,0.318340620959006
"22788",2213,0.3195957235642
"22789",2212,0.320740333536722
"22790",2211,0.322012130593716
"22791",2210,0.324605296892095
"22792",2209,0.325905152023603
"22793",2208,0.328527244880701
"22794",2207,0.329871146521574
"22795",2206,0.331173212058862
"22796",2205,0.333782165584976
"22797",2204,0.335088185221829
"22798",2203,0.336393946071375
"22799",2202,0.336372952172902
"22800",2201,0.337687236384906
"22801",2200,0.337687236384906
"22802",2199,0.337687236384906
"22803",2198,0.336393946071375
"22804",2197,0.335088185221829
"22805",2196,0.333782165584976
"22806",2195,0.332456700278878
"22807",2194,0.328527244880701
"22808",2193,0.325905152023603
"22809",2192,0.321918741256938
"22810",2191,0.319351418529649
"22811",2190,0.315559807198981
"22812",2189,0.314477561429366
"22813",2188,0.312025821540619
"22814",2187,0.312025821540619
"22815",2186,0.31325070259791
"22816",2185,0.314477561429366
"22817",2184,0.318199837776637
"22818",2183,0.323217647849472
"22819",2182,0.328476190452944
"22820",2181,0.333765485166428
"22821",2180,0.340365868866924
"22822",2179,0.34555168599627
"22823",2178,0.350701770858503
"22824",2177,0.354467931391393
"22825",2176,0.35690493923913
"22826",2175,0.358125676569071
"22827",2174,0.35933547155768
"22828",2173,0.35933547155768
"22829",2172,0.35933547155768
"22830",2171,0.358125676569071
"22831",2170,0.358125676569071
"22832",2169,0.355706373834079
"22833",2168,0.354467931391393
"22834",2167,0.352070028655299
"22835",2166,0.35078996035616
"22836",2165,0.349513769958495
"22837",2164,0.348229637429375
"22838",2163,0.346928588939084
"22839",2162,0.346928588939084
"22840",2161,0.348123993025837
"22841",2160,0.349400383523396
"22842",2159,0.35196516061417
"22843",2158,0.355821301168026
"22844",2157,0.35950059700898
"22845",2156,0.36424747025695
"22846",2155,0.368799042707705
"22847",2154,0.372908090559467
"22848",2153,0.377932856347544
"22849",2152,0.382501778041151
"22850",2151,0.386523799447002
"22851",2150,0.389303409971571
"22852",2149,0.392134312551319
"22853",2148,0.394247061275795
"22854",2147,0.395340439740077
"22855",2146,0.395820526128323
"22856",2145,0.395983300592298
"22857",2144,0.395899610831348
"22858",2143,0.395674057374012
"22859",2142,0.395518155966231
"22860",2141,0.395334213147165
"22861",2140,0.395334213147165
"22862",2139,0.395518155966231
"22863",2138,0.395518155966231
"22864",2137,0.395674057374012
"22865",2136,0.395899610831348
"22866",2135,0.395948672514787
"22867",2134,0.395983300592298
"22868",2133,0.395968434673476
"22869",2132,0.395820526128323
"22870",2131,0.395820526128323
"22871",2130,0.395687076816187
"22872",2129,0.395187503228202
"22873",2128,0.395313308411977
"22874",2127,0.395968434673476
"22875",2126,0.395976633618282
"22876",2125,0.395791639912213
"22877",2124,0.395334213147165
"22878",2123,0.394622476580529
"22879",2122,0.393378471596794
"22880",2121,0.392221823438393
"22881",2120,0.39094198784001
"22882",2119,0.3896140057857
"22883",2118,0.38822282819396
"22884",2117,0.387235076695706
"22885",2116,0.386285241955899
"22886",2115,0.385347941986462
"22887",2114,0.384488119496902
"22888",2113,0.384069115304072
"22889",2112,0.38391009573046
"22890",2111,0.38355401549065
"22891",2110,0.383205981862198
"22892",2109,0.382876942663187
"22893",2108,0.382876942663187
"22894",2107,0.382876942663187
"22895",2106,0.382568085469719
"22896",2105,0.382568085469719
"22897",2104,0.382639255516748
"22898",2103,0.382422961371845
"22899",2102,0.382190930183577
"22900",2101,0.381597748191928
"22901",2100,0.381234737930962
"22902",2099,0.381011753467581
"22903",2098,0.380901693492858
"22904",2097,0.380919145613938
"22905",2096,0.380962768221164
"22906",2095,0.381035962386773
"22907",2094,0.381159358026395
"22908",2093,0.381292796525326
"22909",2092,0.381159358026395
"22910",2091,0.381159358026395
"22911",2090,0.381035962386773
"22912",2089,0.381035962386773
"22913",2088,0.380962768221164
"22914",2087,0.380919145613938
"22915",2086,0.38046356907107
"22916",2085,0.380453960832279
"22917",2084,0.380474702337795
"22918",2083,0.380474702337795
"22919",2082,0.380516017232255
"22920",2081,0.380597199814374
"22921",2080,0.380697787480356
"22922",2079,0.380837434628618
"22923",2078,0.38100510681076
"22924",2077,0.38100510681076
"22925",2076,0.381181493841831
"22926",2075,0.381181493841831
"22927",2074,0.381181493841831
"22928",2073,0.38100510681076
"22929",2072,0.38100510681076
"22930",2071,0.380837434628618
"22931",2070,0.380697787480356
"22932",2069,0.380697787480356
"22933",2068,0.380597199814374
"22934",2067,0.380597199814374
"22935",2066,0.380516017232255
"22936",2065,0.380516017232255
"22937",2064,0.380474702337795
"22938",2063,0.380474702337795
"22939",2062,0.380474702337795
"22940",2061,0.380453960832279
"22941",2060,0.380453960832279
"22942",2059,0.38046356907107
"22943",2058,0.38046356907107
"22944",2057,0.380525209586084
"22945",2056,0.380597924543808
"22946",2055,0.380701439446794
"22947",2054,0.380846693440305
"22948",2053,0.381012996170278
"22949",2052,0.38143650741891
"22950",2051,0.381693044855895
"22951",2050,0.3819788703246
"22952",2049,0.382293474972757
"22953",2048,0.383010788420783
"22954",2047,0.3834339301733
"22955",2046,0.384332941868798
"22956",2045,0.385333342149025
"22957",2044,0.386429276033599
"22958",2043,0.387614759354438
"22959",2042,0.388870477593432
"22960",2041,0.390199501827851
"22961",2040,0.391606230997925
"22962",2039,0.393063653437186
"22963",2038,0.393813215972051
"22964",2037,0.395362395592085
"22965",2036,0.395362395592085
"22966",2035,0.396171395885783
"22967",2034,0.396171395885783
"22968",2033,0.395362395592085
"22969",2032,0.395362395592085
"22970",2031,0.394586517088251
"22971",2030,0.393813215972051
"22972",2029,0.393063653437186
"22973",2028,0.392327754586473
"22974",2027,0.390899827681182
"22975",2026,0.390199501827851
"22976",2025,0.389526246847661
"22977",2024,0.38823303209963
"22978",2023,0.387614759354438
"22979",2022,0.386429276033599
"22980",2021,0.385333342149025
"22981",2020,0.384825981039619
"22982",2019,0.383875199682796
"22983",2018,0.383010788420783
"22984",2017,0.382657786418856
"22985",2016,0.3819788703246
"22986",2015,0.381693044855895
"22987",2014,0.38143650741891
"22988",2013,0.381209700425421
"22989",2012,0.381209700425421
"22990",2011,0.381209700425421
"22991",2010,0.381209700425421
"22992",2009,0.38143650741891
"22993",2008,0.3819788703246
"22994",2007,0.383010788420783
"22995",2006,0.384332941868798
"22996",2005,0.385548812139469
"22997",2004,0.38797479799759
"22998",2003,0.390199501827851
"22999",2002,0.393063653437186
"23000",2001,0.396171395885783
"23001",2000,0.399426913097951
"23002",1999,0.402872629293817
"23003",1998,0.406462648956564
"23004",1997,0.410210468923672
"23005",1996,0.414133924867465
"23006",1995,0.417196492479296
"23007",1994,0.421427431678247
"23008",1993,0.425911002670895
"23009",1992,0.430607163255952
"23010",1991,0.434269521457849
"23011",1990,0.439329255519703
"23012",1989,0.44327838186375
"23013",1988,0.448645668086667
"23014",1987,0.452734698821672
"23015",1986,0.456915611618442
"23016",1985,0.459720084164846
"23017",1984,0.462510366200679
"23018",1983,0.465276636467748
"23019",1982,0.468028174938281
"23020",1981,0.46928401453182
"23021",1980,0.46941276617853
"23022",1979,0.46928401453182
"23023",1978,0.46928401453182
"23024",1977,0.46928401453182
"23025",1976,0.46928401453182
"23026",1975,0.46928401453182
"23027",1974,0.470624608271623
"23028",1973,0.470624608271623
"23029",1972,0.47195469494452
"23030",1971,0.471798681024046
"23031",1970,0.471798681024046
"23032",1969,0.471798681024046
"23033",1968,0.471798681024046
"23034",1967,0.47195469494452
"23035",1966,0.470624608271623
"23036",1965,0.467933965335022
"23037",1964,0.465191239089702
"23038",1963,0.461077392088658
"23039",1962,0.455550070927083
"23040",1961,0.451408416812632
"23041",1960,0.445951566697254
"23042",1959,0.440651679878776
"23043",1958,0.436792066033234
"23044",1957,0.434269521457849
"23045",1956,0.431783244186236
"23046",1955,0.430607163255952
"23047",1954,0.42940530796159
"23048",1953,0.430607163255952
"23049",1952,0.431783244186236
"23050",1951,0.434269521457849
"23051",1950,0.438038484557644
"23052",1949,0.441955116307977
"23053",1948,0.447300025112536
"23054",1947,0.452782319307928
"23055",1946,0.458314448822007
"23056",1945,0.462455815645834
"23057",1944,0.466555887933586
"23058",1943,0.470624608271623
"23059",1942,0.473283496423544
"23060",1941,0.474589865682181
"23061",1940,0.477182613824671
"23062",1939,0.478458185243106
"23063",1938,0.479718835198853
"23064",1937,0.479718835198853
"23065",1936,0.480952437432627
"23066",1935,0.482158220318933
"23067",1934,0.482158220318933
"23068",1933,0.483355083349337
"23069",1932,0.484512361004724
"23070",1931,0.486806655709699
"23071",1930,0.487586849875044
"23072",1929,0.490745743761525
"23073",1928,0.493131159226765
"23074",1927,0.495960225987653
"23075",1926,0.497696723444975
"23076",1925,0.500109711013521
"23077",1924,0.502236515368063
"23078",1923,0.503459185294311
"23079",1922,0.504508641104388
"23080",1921,0.505335162458129
"23081",1920,0.505678241564796
"23082",1919,0.506264394492934
"23083",1918,0.507118766217736
"23084",1917,0.507118766217736
"23085",1916,0.507118766217736
"23086",1915,0.507313307568254
"23087",1914,0.507118766217736
"23088",1913,0.506494891055228
"23089",1912,0.506264394492934
"23090",1911,0.506264394492934
"23091",1910,0.506590926878942
"23092",1909,0.506278806047725
"23093",1908,0.50592527397855
"23094",1907,0.50552129538838
"23095",1906,0.505047286127947
"23096",1905,0.504555590933463
"23097",1904,0.50402605133907
"23098",1903,0.502865971166732
"23099",1902,0.502236515368063
"23100",1901,0.501571668778304
"23101",1900,0.500872274036993
"23102",1899,0.500109711013521
"23103",1898,0.500109711013521
"23104",1897,0.500109711013521
"23105",1896,0.500109711013521
"23106",1895,0.500872274036993
"23107",1894,0.502236515368063
"23108",1893,0.503459185294311
"23109",1892,0.504555590933463
"23110",1891,0.50552129538838
"23111",1890,0.506278806047725
"23112",1889,0.507118766217736
"23113",1888,0.50747455797871
"23114",1887,0.507655517743066
"23115",1886,0.507653826464063
"23116",1885,0.507487344158161
"23117",1884,0.50715722428223
"23118",1883,0.506938790734631
"23119",1882,0.506339202798505
"23120",1881,0.505989624378264
"23121",1880,0.505614102017187
"23122",1879,0.505614102017187
"23123",1878,0.505182750974553
"23124",1877,0.505182750974553
"23125",1876,0.505182750974553
"23126",1875,0.505182750974553
"23127",1874,0.50473719107045
"23128",1873,0.50473719107045
"23129",1872,0.503721013108537
"23130",1871,0.50257211466389
"23131",1870,0.501384318331741
"23132",1869,0.499441715976335
"23133",1868,0.497473315475713
"23134",1867,0.495538340155667
"23135",1866,0.493727581430972
"23136",1865,0.491743413289773
"23137",1864,0.490687800221649
"23138",1863,0.490257947817515
"23139",1862,0.490041493215676
"23140",1861,0.490062166986383
"23141",1860,0.490062166986383
"23142",1859,0.490062166986383
"23143",1858,0.490114286938382
"23144",1857,0.490687800221649
"23145",1856,0.491743413289773
"23146",1855,0.493169663679488
"23147",1854,0.494905837445697
"23148",1853,0.497473315475713
"23149",1852,0.499441715976335
"23150",1851,0.501384318331741
"23151",1850,0.50257211466389
"23152",1849,0.503721013108537
"23153",1848,0.504249411596251
"23154",1847,0.50473719107045
"23155",1846,0.504249411596251
"23156",1845,0.504249411596251
"23157",1844,0.503154340824885
"23158",1843,0.50257211466389
"23159",1842,0.501384318331741
"23160",1841,0.49997545273238
"23161",1840,0.499441715976335
"23162",1839,0.498113350122985
"23163",1838,0.497473315475713
"23164",1837,0.496821260202694
"23165",1836,0.495538340155667
"23166",1835,0.49520747009435
"23167",1834,0.493727581430972
"23168",1833,0.492643926283781
"23169",1832,0.491743413289773
"23170",1831,0.490687800221649
"23171",1830,0.490114286938382
"23172",1829,0.490108099204699
"23173",1828,0.491409003793001
"23174",1827,0.49276267862288
"23175",1826,0.497267789091155
"23176",1825,0.502053105785627
"23177",1824,0.509174587044749
"23178",1823,0.515526538003719
"23179",1822,0.522259062696403
"23180",1821,0.527369922315286
"23181",1820,0.530771043459822
"23182",1819,0.534170074603667
"23183",1818,0.537536665621704
"23184",1817,0.539173004231321
"23185",1816,0.54078748087499
"23186",1815,0.54078748087499
"23187",1814,0.54078748087499
"23188",1813,0.539173004231321
"23189",1812,0.537284391792234
"23190",1811,0.535662346429023
"23191",1810,0.533995410501905
"23192",1809,0.533995410501905
"23193",1808,0.532346747484174
"23194",1807,0.530668795730823
"23195",1806,0.529016193427631
"23196",1805,0.52737054368446
"23197",1804,0.52737054368446
"23198",1803,0.525694220097307
"23199",1802,0.525694220097307
"23200",1801,0.525694220097307
"23201",1800,0.525694220097307
"23202",1799,0.525694220097307
"23203",1798,0.525694220097307
"23204",1797,0.52737054368446
"23205",1796,0.529016193427631
"23206",1795,0.530668795730823
"23207",1794,0.530668795730823
"23208",1793,0.532346747484174
"23209",1792,0.533995410501905
"23210",1791,0.535662346429023
"23211",1790,0.535662346429023
"23212",1789,0.535662346429023
"23213",1788,0.535662346429023
"23214",1787,0.537284391792234
"23215",1786,0.537284391792234
"23216",1785,0.537284391792234
"23217",1784,0.538888522324398
"23218",1783,0.540472371888032
"23219",1782,0.540472371888032
"23220",1781,0.542044141644769
"23221",1780,0.542044141644769
"23222",1779,0.543571402571697
"23223",1778,0.543571402571697
"23224",1777,0.543571402571697
"23225",1776,0.543571402571697
"23226",1775,0.543571402571697
"23227",1774,0.543571402571697
"23228",1773,0.543571402571697
"23229",1772,0.543571402571697
"23230",1771,0.543571402571697
"23231",1770,0.543571402571697
"23232",1769,0.543571402571697
"23233",1768,0.543571402571697
"23234",1767,0.543571402571697
"23235",1766,0.542044141644769
"23236",1765,0.542044141644769
"23237",1764,0.540472371888032
"23238",1763,0.538888522324398
"23239",1762,0.537284391792234
"23240",1761,0.535662346429023
"23241",1760,0.533995410501905
"23242",1759,0.533848716681238
"23243",1758,0.532218581452655
"23244",1757,0.530668795730823
"23245",1756,0.529016193427631
"23246",1755,0.528990096710459
"23247",1754,0.528990096710459
"23248",1753,0.528990096710459
"23249",1752,0.528990096710459
"23250",1751,0.530631137682942
"23251",1750,0.532218581452655
"23252",1749,0.535449224982522
"23253",1748,0.537284391792234
"23254",1747,0.540472371888032
"23255",1746,0.545083346925145
"23256",1745,0.548010559297666
"23257",1744,0.552178001127371
"23258",1743,0.554249405997338
"23259",1742,0.558395706379682
"23260",1741,0.561683598791536
"23261",1740,0.564607184270162
"23262",1739,0.567139366886552
"23263",1738,0.569337169929774
"23264",1737,0.571180748512591
"23265",1736,0.572668690652616
"23266",1735,0.573482007542308
"23267",1734,0.573736634569453
"23268",1733,0.574352630591355
"23269",1732,0.574867054089679
"23270",1731,0.575079898636305
"23271",1730,0.575237906270087
"23272",1729,0.575422214302156
"23273",1728,0.575738739347975
"23274",1727,0.575738739347975
"23275",1726,0.575738739347975
"23276",1725,0.575738739347975
"23277",1724,0.57616084794552
"23278",1723,0.575853191148439
"23279",1722,0.575853191148439
"23280",1721,0.575977268365115
"23281",1720,0.576021353352262
"23282",1719,0.576114280625491
"23283",1718,0.576164857960469
"23284",1717,0.576127689425861
"23285",1716,0.576140921788175
"23286",1715,0.575909300550955
"23287",1714,0.57561004666987
"23288",1713,0.575188234468113
"23289",1712,0.574956724906684
"23290",1711,0.574801893713542
"23291",1710,0.574923814111913
"23292",1709,0.575432320115604
"23293",1708,0.576216315289594
"23294",1707,0.577398257309514
"23295",1706,0.579164770457618
"23296",1705,0.581557097122976
"23297",1704,0.584715717908534
"23298",1703,0.585975568987234
"23299",1702,0.590399105936167
"23300",1701,0.595833522713687
"23301",1700,0.600052621426264
"23302",1699,0.607360483796021
"23303",1698,0.615935386496149
"23304",1697,0.627526212890084
"23305",1696,0.642530642707657
"23306",1695,0.655179113509033
"23307",1694,0.678765066115527
"23308",1693,0.699447468719629
"23309",1692,0.727011067019214
"23310",1691,0.755536997562487
"23311",1690,0.7845676866288
"23312",1689,0.812558717009372
"23313",1688,0.838570992746424
"23314",1687,0.856540354838093
"23315",1686,0.878143449071365
"23316",1685,0.890033445221085
"23317",1684,0.901026722760964
"23318",1683,0.907976974689163
"23319",1682,0.9113270433686
"23320",1681,0.9113270433686
"23321",1680,0.907976974689163
"23322",1679,0.901026722760964
"23323",1678,0.893780332401077
"23324",1677,0.882223272094973
"23325",1676,0.865467416574721
"23326",1675,0.851913081572524
"23327",1674,0.827340205473781
"23328",1673,0.805392187609327
"23329",1672,0.783570949746381
"23330",1671,0.761152540125565
"23331",1670,0.738668801960572
"23332",1669,0.716520398093894
"23333",1668,0.700449056629514
"23334",1667,0.683809082350638
"23335",1666,0.668958734773705
"23336",1665,0.659638044971449
"23337",1664,0.650844403136032
"23338",1663,0.642530642707657
"23339",1662,0.634747690294029
"23340",1661,0.627526212890084
"23341",1660,0.624124789808367
"23342",1659,0.615935386496149
"23343",1658,0.612939638687185
"23344",1657,0.607360483796021
"23345",1656,0.604785444476069
"23346",1655,0.600052621426264
"23347",1654,0.597880923412026
"23348",1653,0.593897598540396
"23349",1652,0.590399105936167
"23350",1651,0.587351873293799
"23351",1650,0.584709257345915
"23352",1649,0.583519688909094
"23353",1648,0.583519688909094
"23354",1647,0.583519688909094
"23355",1646,0.585975568987234
"23356",1645,0.587351873293799
"23357",1644,0.590399105936167
"23358",1643,0.593897598540396
"23359",1642,0.597880923412026
"23360",1641,0.600052621426264
"23361",1640,0.600052621426264
"23362",1639,0.600052621426264
"23363",1638,0.602363147912998
"23364",1637,0.600822797361886
"23365",1636,0.603245114053592
"23366",1635,0.605773529609608
"23367",1634,0.608442332305806
"23368",1633,0.611315437640082
"23369",1632,0.617415732129375
"23370",1631,0.62067527053374
"23371",1630,0.62067527053374
"23372",1629,0.624123718340073
"23373",1628,0.624123718340073
"23374",1627,0.631383252160956
"23375",1626,0.639207204972785
"23376",1625,0.65204922697183
"23377",1624,0.67241458520295
"23378",1623,0.687771282538005
"23379",1622,0.709487677411371
"23380",1621,0.726476081898004
"23381",1620,0.738054754304125
"23382",1619,0.743873694764623
"23383",1618,0.743873694764623
"23384",1617,0.749719035995007
"23385",1616,0.749719035995007
"23386",1615,0.755570902109808
"23387",1614,0.767227250056488
"23388",1613,0.778824320762785
"23389",1612,0.79090353235131
"23390",1611,0.807956736852808
"23391",1610,0.818907834400462
"23392",1609,0.824273155723731
"23393",1608,0.824273155723731
"23394",1607,0.829524130516019
"23395",1606,0.829524130516019
"23396",1605,0.833557834889671
"23397",1604,0.838570992746424
"23398",1603,0.853163479161808
"23399",1602,0.862343160864689
"23400",1601,0.875280161432875
"23401",1600,0.887326453554786
"23402",1599,0.894857580854502
"23403",1598,0.899506843526312
"23404",1597,0.903025269893086
"23405",1596,0.899506843526312
"23406",1595,0.899506843526312
"23407",1594,0.895920262414749
"23408",1593,0.892220689183358
"23409",1592,0.887326453554786
"23410",1591,0.888445334472002
"23411",1590,0.891138433497867
"23412",1589,0.894857580854502
"23413",1588,0.902063557637688
"23414",1587,0.908926770099579
"23415",1586,0.916229920616822
"23416",1585,0.919349751626112
"23417",1584,0.922416641570614
"23418",1583,0.922416641570614
"23419",1582,0.922416641570614
"23420",1581,0.919349751626112
"23421",1580,0.916229920616822
"23422",1579,0.916229920616822
"23423",1578,0.916229920616822
"23424",1577,0.916229920616822
"23425",1576,0.916229920616822
"23426",1575,0.916229920616822
"23427",1574,0.919349751626112
"23428",1573,0.919349751626112
"23429",1572,0.925479064013145
"23430",1571,0.931308931576272
"23431",1570,0.936969448265633
"23432",1569,0.942503057797537
"23433",1568,0.947862791403501
"23434",1567,0.953118705667663
"23435",1566,0.953118705667663
"23436",1565,0.953118705667663
"23437",1564,0.953118705667663
"23438",1563,0.95050680677435
"23439",1562,0.947862791403501
"23440",1561,0.947862791403501
"23441",1560,0.947862791403501
"23442",1559,0.947862791403501
"23443",1558,0.95050680677435
"23444",1557,0.953118705667663
"23445",1556,0.953118705667663
"23446",1555,0.953118705667663
"23447",1554,0.95050680677435
"23448",1553,0.947862791403501
"23449",1552,0.942503057797537
"23450",1551,0.942503057797537
"23451",1550,0.942503057797537
"23452",1549,0.945205069602816
"23453",1548,0.95050680677435
"23454",1547,0.958211619234908
"23455",1546,0.968032885741739
"23456",1545,0.979371376129006
"23457",1544,0.987411153775586
"23458",1543,0.992696462637195
"23459",1542,0.99730647976929
"23460",1541,0.999965930186581
"23461",1540,1.00231526376032
"23462",1539,1.00336823488562
"23463",1538,1.00523937062351
"23464",1537,1.00760399296095
"23465",1536,1.00995742400156
"23466",1535,1.01209953897832
"23467",1534,1.01400690459325
"23468",1533,1.01687830376432
"23469",1532,1.02006707656984
"23470",1531,1.02418391857984
"23471",1530,1.02709078285477
"23472",1529,1.03022037301014
"23473",1528,1.03245094813995
"23474",1527,1.03479354276621
"23475",1526,1.03713618191298
"23476",1525,1.03960402682682
"23477",1524,1.04209613072173
"23478",1523,1.04333144775589
"23479",1522,1.04588220346659
"23480",1521,1.04842395060759
"23481",1520,1.05097139515392
"23482",1519,1.05225158026677
"23483",1518,1.05611890509904
"23484",1517,1.05876245678795
"23485",1516,1.06405330995254
"23486",1515,1.06810282243996
"23487",1514,1.07235541306502
"23488",1513,1.07675615907678
"23489",1512,1.08134383289831
"23490",1511,1.0845960161679
"23491",1510,1.08623966776473
"23492",1509,1.08968956390911
"23493",1508,1.09324289378091
"23494",1507,1.09689286195759
"23495",1506,1.09876060723265
"23496",1505,1.1006451701359
"23497",1504,1.1006451701359
"23498",1503,1.09876060723265
"23499",1502,1.0950529749966
"23500",1501,1.09143510505879
"23501",1500,1.08795446850554
"23502",1499,1.0845960161679
"23503",1498,1.08297091050717
"23504",1497,1.08297091050717
"23505",1496,1.0845960161679
"23506",1495,1.08623966776473
"23507",1494,1.08795446850554
"23508",1493,1.08968956390911
"23509",1492,1.08968956390911
"23510",1491,1.08795446850554
"23511",1490,1.0845960161679
"23512",1489,1.08134383289831
"23513",1488,1.07824218585675
"23514",1487,1.07380975190076
"23515",1486,1.07092008864194
"23516",1485,1.06810282243996
"23517",1484,1.06539933108493
"23518",1483,1.06272895409555
"23519",1482,1.0613946889463
"23520",1481,1.05876245678795
"23521",1480,1.05876245678795
"23522",1479,1.05742195715587
"23523",1478,1.05876245678795
"23524",1477,1.0613946889463
"23525",1476,1.06539933108493
"23526",1475,1.06950349986033
"23527",1474,1.07526602127734
"23528",1473,1.08134383289831
"23529",1472,1.08623966776473
"23530",1471,1.09324289378091
"23531",1470,1.09689286195759
"23532",1469,1.1006451701359
"23533",1468,1.10450861952773
"23534",1467,1.10450861952773
"23535",1466,1.10652611667818
"23536",1465,1.10652611667818
"23537",1464,1.10652611667818
"23538",1463,1.10671641223304
"23539",1462,1.10477792854356
"23540",1461,1.10477792854356
"23541",1460,1.10280792104374
"23542",1459,1.10280792104374
"23543",1458,1.09904543992598
"23544",1457,1.09719285603985
"23545",1456,1.09389290675185
"23546",1455,1.09036368562581
"23547",1454,1.08490843417475
"23548",1453,1.08007720465068
"23549",1452,1.07703576794525
"23550",1451,1.07283231775833
"23551",1450,1.06992752993893
"23552",1449,1.06713196727608
"23553",1448,1.06554135282638
"23554",1447,1.06554135282638
"23555",1446,1.06554135282638
"23556",1445,1.065734584447
"23557",1444,1.06713196727608
"23558",1443,1.06850644506571
"23559",1442,1.06992752993893
"23560",1441,1.07112510081057
"23561",1440,1.07403862908717
"23562",1439,1.07430038020583
"23563",1438,1.07579820963055
"23564",1437,1.07579820963055
"23565",1436,1.07430038020583
"23566",1435,1.07283231775833
"23567",1434,1.06992752993893
"23568",1433,1.06713196727608
"23569",1432,1.06434269311221
"23570",1431,1.06298347445119
"23571",1430,1.06028707471308
"23572",1429,1.06028707471308
"23573",1428,1.05883375770447
"23574",1427,1.05883375770447
"23575",1426,1.05894822809848
"23576",1425,1.06028707471308
"23577",1424,1.06162526732596
"23578",1423,1.06283447170332
"23579",1422,1.06434269311221
"23580",1421,1.06713196727608
"23581",1420,1.06992752993893
"23582",1419,1.07283231775833
"23583",1418,1.07579820963055
"23584",1417,1.08041759224585
"23585",1416,1.08490843417475
"23586",1415,1.09001384867233
"23587",1414,1.09567287506929
"23588",1413,1.10308677083479
"23589",1412,1.1088015831064
"23590",1411,1.11457424808716
"23591",1410,1.12032006489906
"23592",1409,1.12823052794502
"23593",1408,1.13380236493349
"23594",1407,1.13803045356031
"23595",1406,1.14242891974556
"23596",1405,1.14598361447222
"23597",1404,1.1487327980016
"23598",1403,1.150491689836
"23599",1402,1.1513563916736
"23600",1401,1.15135734718843
"23601",1400,1.15097653966066
"23602",1399,1.15017209140562
"23603",1398,1.14959913917469
"23604",1397,1.14898417956311
"23605",1396,1.14824184613976
"23606",1395,1.14740522720858
"23607",1394,1.14740522720858
"23608",1393,1.14649947892052
"23609",1392,1.14464930762463
"23610",1391,1.14464930762463
"23611",1390,1.14370127078231
"23612",1389,1.14216585795527
"23613",1388,1.14099954705745
"23614",1387,1.13853126737075
"23615",1386,1.13596136441841
"23616",1385,1.13339353637308
"23617",1384,1.13118723434097
"23618",1383,1.12889405402716
"23619",1382,1.12683545583868
"23620",1381,1.12501272064264
"23621",1380,1.12340658838755
"23622",1379,1.12157399622108
"23623",1378,1.12031406040683
"23624",1377,1.11941210213975
"23625",1376,1.12052534396986
"23626",1375,1.1203488769058
"23627",1374,1.1204031956155
"23628",1373,1.12057084571817
"23629",1372,1.12082321297059
"23630",1371,1.1197454716505
"23631",1370,1.1201761809857
"23632",1369,1.12167539392659
"23633",1368,1.12224703899713
"23634",1367,1.1229249802653
"23635",1366,1.1229249802653
"23636",1365,1.12367813326512
"23637",1364,1.12227152229034
"23638",1363,1.12319374942029
"23639",1362,1.1242313223289
"23640",1361,1.12557363326453
"23641",1360,1.12667862053667
"23642",1359,1.127908890487
"23643",1358,1.1292154382988
"23644",1357,1.13060197387383
"23645",1356,1.13256189098469
"23646",1355,1.13599856408539
"23647",1354,1.1397236670061
"23648",1353,1.14375104247274
"23649",1352,1.14859866972462
"23650",1351,1.15510063102943
"23651",1350,1.1641282876234
"23652",1349,1.17103434636505
"23653",1348,1.18027433752166
"23654",1347,1.18967817085639
"23655",1346,1.19828259997601
"23656",1345,1.20599215020547
"23657",1344,1.21259437842122
"23658",1343,1.21796791840697
"23659",1342,1.2198252653644
"23660",1341,1.22142224481074
"23661",1340,1.2226745336982
"23662",1339,1.22351231662361
"23663",1338,1.22512866354913
"23664",1337,1.22512866354913
"23665",1336,1.22512866354913
"23666",1335,1.22351231662361
"23667",1334,1.22351231662361
"23668",1333,1.22309940166541
"23669",1332,1.22208525351157
"23670",1331,1.22142224481074
"23671",1330,1.22070484235644
"23672",1329,1.22013286283038
"23673",1328,1.21910598103991
"23674",1327,1.21672179282126
"23675",1326,1.21433251491401
"23676",1325,1.21154507754808
"23677",1324,1.21003246942385
"23678",1323,1.20775970079007
"23679",1322,1.20599215020547
"23680",1321,1.20417700972942
"23681",1320,1.20227825894715
"23682",1319,1.20227825894715
"23683",1318,1.20227825894715
"23684",1317,1.20227825894715
"23685",1316,1.20599215020547
"23686",1315,1.20775970079007
"23687",1314,1.2110421896303
"23688",1313,1.21645768431473
"23689",1312,1.2202336298045
"23690",1311,1.22314178081943
"23691",1310,1.2239360330134
"23692",1309,1.22530811581113
"23693",1308,1.2252193163611
"23694",1307,1.22380215197619
"23695",1306,1.22075043341021
"23696",1305,1.21531857830757
"23697",1304,1.2107193797862
"23698",1303,1.20417038411272
"23699",1302,1.19500510077204
"23700",1301,1.18732950019746
"23701",1300,1.17955707029476
"23702",1299,1.17036533542222
"23703",1298,1.16372562217115
"23704",1297,1.15673865317618
"23705",1296,1.15250575890875
"23706",1295,1.14961791511294
"23707",1294,1.14842856038725
"23708",1293,1.14958092997705
"23709",1292,1.1526499645678
"23710",1291,1.15776896635293
"23711",1290,1.16678627302915
"23712",1289,1.17618140606748
"23713",1288,1.18754625073943
"23714",1287,1.20078891544419
"23715",1286,1.21567732503938
"23716",1285,1.22774855497432
"23717",1284,1.24040160573343
"23718",1283,1.25784817636205
"23719",1282,1.27110725812939
"23720",1281,1.28477083144096
"23721",1280,1.29789069241618
"23722",1279,1.30630353666767
"23723",1278,1.31831596630595
"23724",1277,1.32572113841501
"23725",1276,1.33589282381608
"23726",1275,1.34187857114737
"23727",1274,1.34726480109162
"23728",1273,1.35198292030346
"23729",1272,1.35538973803656
"23730",1271,1.35833790783011
"23731",1270,1.36067145058809
"23732",1269,1.36156522939468
"23733",1268,1.36285904059379
"23734",1267,1.36360521567733
"23735",1266,1.36377201649861
"23736",1265,1.36344318903697
"23737",1264,1.36305776379494
"23738",1263,1.36332558498435
"23739",1262,1.36172146152686
"23740",1261,1.36162981858131
"23741",1260,1.3593373160466
"23742",1259,1.35813013882601
"23743",1258,1.3568879148785
"23744",1257,1.35573426653042
"23745",1256,1.35714097685483
"23746",1255,1.35851801496235
"23747",1254,1.36111808753597
"23748",1253,1.36349868978613
"23749",1252,1.36460237021976
"23750",1251,1.36559841420282
"23751",1250,1.36649635236102
"23752",1249,1.36559841420282
"23753",1248,1.36349868978613
"23754",1247,1.3598430066912
"23755",1246,1.35434460015814
"23756",1245,1.3487978269961
"23757",1244,1.34159974860096
"23758",1243,1.33742609158055
"23759",1242,1.33563639721281
"23760",1241,1.3353169321729
"23761",1240,1.33533420916948
"23762",1239,1.3353169321729
"23763",1238,1.33531571402525
"23764",1237,1.33543106400174
"23765",1236,1.33543106400174
"23766",1235,1.33563639721281
"23767",1234,1.33543106400174
"23768",1233,1.33543106400174
"23769",1232,1.33531571402525
"23770",1231,1.33531571402525
"23771",1230,1.33531571402525
"23772",1229,1.3344672701065
"23773",1228,1.33500826391271
"23774",1227,1.33590962769946
"23775",1226,1.33718689041997
"23776",1225,1.33888956694297
"23777",1224,1.33981939735164
"23778",1223,1.34198182299295
"23779",1222,1.34198182299295
"23780",1221,1.34198182299295
"23781",1220,1.34086885967395
"23782",1219,1.34086885967395
"23783",1218,1.33981939735164
"23784",1217,1.33981939735164
"23785",1216,1.33981939735164
"23786",1215,1.33981939735164
"23787",1214,1.33981939735164
"23788",1213,1.34198182299295
"23789",1212,1.34436897996957
"23790",1211,1.34990516362765
"23791",1210,1.35585449367922
"23792",1209,1.36170002410924
"23793",1208,1.36765077783075
"23794",1207,1.36999094707398
"23795",1206,1.37110854414073
"23796",1205,1.37002493115692
"23797",1204,1.36839089000829
"23798",1203,1.36728160069859
"23799",1202,1.36596671023461
"23800",1201,1.36443262621683
"23801",1200,1.36073613439837
"23802",1199,1.35857709752517
"23803",1198,1.35358884647479
"23804",1197,1.34468259574971
"23805",1196,1.33793240647099
"23806",1195,1.33425322838361
"23807",1194,1.34140864913707
"23808",1193,1.35082668703664
"23809",1192,1.36265853407338
"23810",1191,1.36931486308338
"23811",1190,1.37104742475215
"23812",1189,1.36935293402844
"23813",1188,1.36765077783075
"23814",1187,1.36661698046414
"23815",1186,1.36765077783075
"23816",1185,1.36999094707398
"23817",1184,1.37110854414073
"23818",1183,1.36931486308338
"23819",1182,1.36443262621683
"23820",1181,1.36073613439837
"23821",1180,1.35857709752517
"23822",1179,1.36443262621683
"23823",1178,1.37242233125791
"23824",1177,1.34709249385234
"23825",1176,1.34155341157345
"23826",1175,1.35634310656397
"23827",1174,1.36886281346622
"23828",1173,1.40132229539946
"23829",1172,1.41086940518821
"23830",1171,1.3956606096928
"23831",1170,1.37913233880564
"23832",1169,1.36812716214414
"23833",1168,1.36151929034234
"23834",1167,1.35907267981139
"23835",1166,1.3564118880817
"23836",1165,1.35491477652803
"23837",1164,1.3543896864622
"23838",1163,1.35507042489733
"23839",1162,1.35702896477912
"23840",1161,1.35849739289113
"23841",1160,1.35799087763619
"23842",1159,1.35585016404077
"23843",1158,1.35299945837743
"23844",1157,1.35133737582867
"23845",1156,1.35133737582867
"23846",1155,1.35133737582867
"23847",1154,1.35299945837743
"23848",1153,1.35379838696282
"23849",1152,1.35518605751593
"23850",1151,1.3564122221491
"23851",1150,1.35627060078485
"23852",1149,1.35627060078485
"23853",1148,1.35669026920542
"23854",1147,1.35669026920542
"23855",1146,1.35638873558859
"23856",1145,1.35638873558859
"23857",1144,1.35668076113932
"23858",1143,1.35668076113932
"23859",1142,1.35668076113932
"23860",1141,1.35668076113932
"23861",1140,1.35638873558859
"23862",1139,1.35564797786788
"23863",1138,1.35461727865001
"23864",1137,1.35408399201984
"23865",1136,1.35399370918069
"23866",1135,1.35399370918069
"23867",1134,1.35399370918069
"23868",1133,1.35408399201984
"23869",1132,1.35461727865001
"23870",1131,1.35564797786788
"23871",1130,1.35543112071059
"23872",1129,1.35610584464349
"23873",1128,1.35594341468546
"23874",1127,1.35645411854958
"23875",1126,1.35659309667104
"23876",1125,1.35668125416522
"23877",1124,1.35663144369167
"23878",1123,1.35664639812665
"23879",1122,1.35676189995854
"23880",1121,1.35702919218263
"23881",1120,1.35821953867525
"23882",1119,1.35857316658489
"23883",1118,1.35944915350119
"23884",1117,1.36108334495144
"23885",1116,1.36177802814406
"23886",1115,1.36251424300032
"23887",1114,1.36337471782276
"23888",1113,1.36337471782276
"23889",1112,1.36295582854062
"23890",1111,1.36295582854062
"23891",1110,1.36295582854062
"23892",1109,1.36164095347014
"23893",1108,1.36085922069209
"23894",1107,1.36085922069209
"23895",1106,1.36085922069209
"23896",1105,1.3588997834909
"23897",1104,1.35831539557497
"23898",1103,1.35831539557497
"23899",1102,1.35783997446754
"23900",1101,1.35743725913489
"23901",1100,1.35708323108025
"23902",1099,1.35684104489706
"23903",1098,1.35684104489706
"23904",1097,1.35741929452347
"23905",1096,1.35719423285694
"23906",1095,1.35702919218263
"23907",1094,1.35688628272172
"23908",1093,1.35688628272172
"23909",1092,1.35676189995854
"23910",1091,1.35671731752211
"23911",1090,1.35671731752211
"23912",1089,1.35664728016331
"23913",1088,1.35664728016331
"23914",1087,1.35642911922346
"23915",1086,1.35642911922346
"23916",1085,1.35642911922346
"23917",1084,1.35642911922346
"23918",1083,1.35642911922346
"23919",1082,1.35642911922346
"23920",1081,1.35637791603373
"23921",1080,1.35637791603373
"23922",1079,1.35637039480275
"23923",1078,1.35636193230121
"23924",1077,1.35702919218263
"23925",1076,1.35741929452347
"23926",1075,1.35768047032202
"23927",1074,1.35843754533651
"23928",1073,1.35947424787917
"23929",1072,1.36164095347014
"23930",1071,1.36359019559106
"23931",1070,1.36721623261831
"23932",1069,1.37179932192195
"23933",1068,1.37725175448967
"23934",1067,1.38348412991919
"23935",1066,1.39299886678119
"23936",1065,1.40347883150098
"23937",1064,1.41174076939305
"23938",1063,1.42313943217657
"23939",1062,1.43466347646747
"23940",1061,1.44561586302209
"23941",1060,1.45666695453163
"23942",1059,1.46615749341523
"23943",1058,1.47457339136984
"23944",1057,1.48195064396084
"23945",1056,1.48846071774612
"23946",1055,1.49416383747519
"23947",1054,1.49810271140687
"23948",1053,1.50324090579078
"23949",1052,1.50705184557972
"23950",1051,1.51099120803161
"23951",1050,1.51532977935181
"23952",1049,1.51843245205576
"23953",1048,1.52434596896396
"23954",1047,1.52628780395038
"23955",1046,1.53024991649846
"23956",1045,1.53231885475155
"23957",1044,1.53449544005059
"23958",1043,1.53449544005059
"23959",1042,1.53449544005059
"23960",1041,1.53348663255418
"23961",1040,1.53130993564288
"23962",1039,1.53130993564288
"23963",1038,1.52922692693275
"23964",1037,1.52528620554076
"23965",1036,1.52351989434716
"23966",1035,1.52005116297338
"23967",1034,1.51686989400158
"23968",1033,1.51383685000597
"23969",1032,1.51099120803161
"23970",1031,1.50837135873229
"23971",1030,1.50576057724492
"23972",1029,1.50324090579078
"23973",1028,1.50067246303692
"23974",1027,1.4979026846938
"23975",1026,1.49515254283716
"23976",1025,1.49236400655874
"23977",1024,1.48941928604976
"23978",1023,1.48629834254611
"23979",1022,1.48300013664105
"23980",1021,1.48130469613272
"23981",1020,1.47947494137252
"23982",1019,1.47765021906906
"23983",1018,1.47575610544015
"23984",1017,1.47575610544015
"23985",1016,1.47378514626404
"23986",1015,1.47378514626404
"23987",1014,1.47378514626404
"23988",1013,1.47378514626404
"23989",1012,1.47378514626404
"23990",1011,1.47575610544015
"23991",1010,1.47575610544015
"23992",1009,1.47765021906906
"23993",1008,1.47947494137252
"23994",1007,1.48130469613272
"23995",1006,1.48300013664105
"23996",1005,1.48404417594528
"23997",1004,1.48567721655032
"23998",1003,1.48788633321428
"23999",1002,1.49091037263023
"24000",1001,1.49236400655874
"24001",1000,1.49515254283716
"24002",999,1.49655234451382
"24003",998,1.49941012557619
"24004",997,1.50067246303692
"24005",996,1.50324090579078
"24006",995,1.50446205680135
"24007",994,1.50576057724492
"24008",993,1.50837135873229
"24009",992,1.50964538342772
"24010",991,1.51099120803161
"24011",990,1.51291581036936
"24012",989,1.51291581036936
"24013",988,1.51439603365035
"24014",987,1.51383685000597
"24015",986,1.51383685000597
"24016",985,1.51193447229576
"24017",984,1.51193447229576
"24018",983,1.50931151109874
"24019",982,1.50805470448113
"24020",981,1.50561721599121
"24021",980,1.50434150480476
"24022",979,1.50434150480476
"24023",978,1.50546762133897
"24024",977,1.50779955663322
"24025",976,1.51152334739705
"24026",975,1.51713856852171
"24027",974,1.52545603047981
"24028",973,1.53368813330307
"24029",972,1.54335719905838
"24030",971,1.55168231489738
"24031",970,1.55781726889618
"24032",969,1.55781726889618
"24033",968,1.55471555169865
"24034",967,1.55168231489738
"24035",966,1.54880176832899
"24036",965,1.54604034049802
"24037",964,1.54335719905838
"24038",963,1.5407928407357
"24039",962,1.54335719905838
"24040",961,1.54880176832899
"24041",960,1.55781726889618
"24042",959,1.57821466137267
"24043",958,1.60974939496623
"24044",957,1.65702336022859
"24045",956,1.70529966035426
"24046",955,1.74096702205165
"24047",954,1.76205102618837
"24048",953,1.77417145151008
"24049",952,1.78142870984016
"24050",951,1.78142870984016
"24051",950,1.77900652185409
"24052",949,1.77417145151008
"24053",948,1.76692250807513
"24054",947,1.75956176609443
"24055",946,1.74920178721429
"24056",945,1.73809366959649
"24057",944,1.72901428487953
"24058",943,1.71936244739163
"24059",942,1.71599225132896
"24060",941,1.71248430112125
"24061",940,1.71599225132896
"24062",939,1.71936244739163
"24063",938,1.72270432585517
"24064",937,1.7259082432594
"24065",936,1.72901428487953
"24066",935,1.73215856182592
"24067",934,1.73215856182592
"24068",933,1.73809366959649
"24069",932,1.74384968288339
"24070",931,1.75190232887018
"24071",930,1.76205102618837
"24072",929,1.77417145151008
"24073",928,1.78646166108337
"24074",927,1.80246548261382
"24075",926,1.81749141824039
"24076",925,1.83426762224219
"24077",924,1.84497798144727
"24078",923,1.85992764933094
"24079",922,1.87127778064281
"24080",921,1.88617326135283
"24081",920,1.89687613246454
"24082",919,1.91002667614873
"24083",918,1.92129821220941
"24084",917,1.93037467632361
"24085",916,1.93705213323585
"24086",915,1.94130491644004
"24087",914,1.94303206026375
"24088",913,1.94375077100159
"24089",912,1.94366876588951
"24090",911,1.94329759120287
"24091",910,1.94275066072494
"24092",909,1.9420084613313
"24093",908,1.94161565945778
"24094",907,1.9412294375836
"24095",906,1.9408079061166
"24096",905,1.94009849892942
"24097",904,1.93923307358067
"24098",903,1.93880747799876
"24099",902,1.93746482137958
"24100",901,1.93680217288642
"24101",900,1.93676015960215
"24102",899,1.93745416389616
"24103",898,1.93900141255904
"24104",897,1.94144029068929
"24105",896,1.94371901213395
"24106",895,1.94550253598775
"24107",894,1.94550253598775
"24108",893,1.94490912449495
"24109",892,1.94371901213395
"24110",891,1.94314539520634
"24111",890,1.94194080377521
"24112",889,1.94144029068929
"24113",888,1.94090288800752
"24114",887,1.94090288800752
"24115",886,1.94090288800752
"24116",885,1.94090288800752
"24117",884,1.94090288800752
"24118",883,1.94144029068929
"24119",882,1.94144029068929
"24120",881,1.94144029068929
"24121",880,1.94144029068929
"24122",879,1.94144029068929
"24123",878,1.94144029068929
"24124",877,1.94144029068929
"24125",876,1.94144029068929
"24126",875,1.94144029068929
"24127",874,1.94090288800752
"24128",873,1.93986521406437
"24129",872,1.93900141255904
"24130",871,1.93767649275882
"24131",870,1.93683706711756
"24132",869,1.93676580683793
"24133",868,1.93725365687499
"24134",867,1.93822319915832
"24135",866,1.93923307358067
"24136",865,1.94001463317794
"24137",864,1.94080490336578
"24138",863,1.94161565945778
"24139",862,1.9420084613313
"24140",861,1.9420084613313
"24141",860,1.94178976083525
"24142",859,1.94161565945778
"24143",858,1.9412294375836
"24144",857,1.94040028510962
"24145",856,1.93923307358067
"24146",855,1.93851274578058
"24147",854,1.937961794203
"24148",853,1.93774859863844
"24149",852,1.93760380630175
"24150",851,1.93760380630175
"24151",850,1.93774859863844
"24152",849,1.937961794203
"24153",848,1.93822319915832
"24154",847,1.93893867794281
"24155",846,1.93963674352009
"24156",845,1.94040028510962
"24157",844,1.9412294375836
"24158",843,1.94178976083525
"24159",842,1.94237923681203
"24160",841,1.9425961087134
"24161",840,1.94276211312609
"24162",839,1.94276211312609
"24163",838,1.94329759120287
"24164",837,1.9430087466435
"24165",836,1.94275066072494
"24166",835,1.9420084613313
"24167",834,1.94161565945778
"24168",833,1.9412294375836
"24169",832,1.94080490336578
"24170",831,1.94040028510962
"24171",830,1.94001463317794
"24172",829,1.94001463317794
"24173",828,1.93963674352009
"24174",827,1.93923307358067
"24175",826,1.93893867794281
"24176",825,1.93822319915832
"24177",824,1.93795963037433
"24178",823,1.93746482137958
"24179",822,1.93746482137958
"24180",821,1.93725365687499
"24181",820,1.93725365687499
"24182",819,1.93710768118712
"24183",818,1.93710768118712
"24184",817,1.93697317506605
"24185",816,1.93680217288642
"24186",815,1.93676580683793
"24187",814,1.93676580683793
"24188",813,1.93680217288642
"24189",812,1.93743689346408
"24190",811,1.93774859863844
"24191",810,1.93822940267771
"24192",809,1.93880747799876
"24193",808,1.93941168081706
"24194",807,1.93941168081706
"24195",806,1.93941168081706
"24196",805,1.93941168081706
"24197",804,1.93910139375389
"24198",803,1.93880747799876
"24199",802,1.93851274578058
"24200",801,1.937961794203
"24201",800,1.93774859863844
"24202",799,1.93743689346408
"24203",798,1.93717627438063
"24204",797,1.9366612705356
"24205",796,1.93704413849686
"24206",795,1.93862726523374
"24207",794,1.9406433543047
"24208",793,1.94267189253971
"24209",792,1.94539107029207
"24210",791,1.94741552129492
"24211",790,1.94948251135003
"24212",789,1.95018758511246
"24213",788,1.95040595110215
"24214",787,1.94988883259169
"24215",786,1.94888832963568
"24216",785,1.94714289750799
"24217",784,1.94562863814008
"24218",783,1.94475133362622
"24219",782,1.94386764186673
"24220",781,1.94386764186673
"24221",780,1.94386764186673
"24222",779,1.94428910933276
"24223",778,1.94428910933276
"24224",777,1.94428910933276
"24225",776,1.94428910933276
"24226",775,1.94345760678873
"24227",774,1.9426166699282
"24228",773,1.94187283587288
"24229",772,1.94076185063733
"24230",771,1.93949349420436
"24231",770,1.93791844293098
"24232",769,1.93645865470703
"24233",768,1.93452010346067
"24234",767,1.9333350057261
"24235",766,1.9333350057261
"24236",765,1.93452010346067
"24237",764,1.93555009857652
"24238",763,1.93723284226114
"24239",762,1.93791844293098
"24240",761,1.93853063065511
"24241",760,1.93902400176236
"24242",759,1.9399691812893
"24243",758,1.94076185063733
"24244",757,1.94147375559186
"24245",756,1.9426166699282
"24246",755,1.94345760678873
"24247",754,1.94386764186673
"24248",753,1.94428910933276
"24249",752,1.94386764186673
"24250",751,1.94345760678873
"24251",750,1.9426166699282
"24252",749,1.94147375559186
"24253",748,1.94076185063733
"24254",747,1.9399691812893
"24255",746,1.93949349420436
"24256",745,1.93949349420436
"24257",744,1.93949349420436
"24258",743,1.93949349420436
"24259",742,1.93902400176236
"24260",741,1.93853063065511
"24261",740,1.93791844293098
"24262",739,1.93822358697269
"24263",738,1.9376555487653
"24264",737,1.93606333650571
"24265",736,1.93387903737682
"24266",735,1.9309304089891
"24267",734,1.92492850996925
"24268",733,1.91330925800424
"24269",732,1.88918240506635
"24270",731,1.85717367183613
"24271",730,1.804756428715
"24272",729,1.75748297015385
"24273",728,1.71713354829879
"24274",727,1.67902162719943
"24275",726,1.65121967045157
"24276",725,1.63220396922296
"24277",724,1.61674379858908
"24278",723,1.61132790645302
"24279",722,1.60103723572118
"24280",721,1.59615039177213
"24281",720,1.5869050646658
"24282",719,1.5825527972269
"24283",718,1.5742849082755
"24284",717,1.57041288610859
"24285",716,1.56320673442485
"24286",715,1.56320673442485
"24287",714,1.56320673442485
"24288",713,1.56320673442485
"24289",712,1.56673130174901
"24290",711,1.57041288610859
"24291",710,1.5742849082755
"24292",709,1.57833105639004
"24293",708,1.5825527972269
"24294",707,1.5869050646658
"24295",706,1.5914601426152
"24296",705,1.59615039177213
"24297",704,1.60103723572118
"24298",703,1.60608243919668
"24299",702,1.61132790645302
"24300",701,1.61132790645302
"24301",700,1.61674379858908
"24302",699,1.61674379858908
"24303",698,1.61132790645302
"24304",697,1.60608243919668
"24305",696,1.60103723572118
"24306",695,1.59615039177213
"24307",694,1.59615039177213
"24308",693,1.5914601426152
"24309",692,1.5869050646658
"24310",691,1.5825527972269
"24311",690,1.5742849082755
"24312",689,1.56320673442485
"24313",688,1.55650483199571
"24314",687,1.54768251901234
"24315",686,1.5376504007352
"24316",685,1.53139515738797
"24317",684,1.52461111694593
"24318",683,1.52047382863074
"24319",682,1.51610518077743
"24320",681,1.51371256838872
"24321",680,1.51142507575061
"24322",679,1.51035381893023
"24323",678,1.50969391481679
"24324",677,1.50952584825809
"24325",676,1.50983935441879
"24326",675,1.51071540139408
"24327",674,1.51223194127645
"24328",673,1.51468691923267
"24329",672,1.51792519622729
"24330",671,1.52140097141659
"24331",670,1.52574674178003
"24332",669,1.53093677563141
"24333",668,1.5368926129114
"24334",667,1.5430916397624
"24335",666,1.55093129170825
"24336",665,1.55794330407113
"24337",664,1.56323841491213
"24338",663,1.56895183332307
"24339",662,1.57847333166301
"24340",661,1.58191667750801
"24341",660,1.58913300627799
"24342",659,1.59677399738531
"24343",658,1.60076804575431
"24344",657,1.60909182320266
"24345",656,1.61336611939591
"24346",655,1.62235111387601
"24347",654,1.63638285850931
"24348",653,1.65116900975824
"24349",652,1.67169058630508
"24350",651,1.69785845165489
"24351",650,1.71875183731712
"24352",649,1.74464414415339
"24353",648,1.76338287457204
"24354",647,1.78292216128628
"24355",646,1.79720257768299
"24356",645,1.80942968616403
"24357",644,1.81958653428534
"24358",643,1.8259082519966
"24359",642,1.82956328633524
"24360",641,1.83120555807922
"24361",640,1.8327530155067
"24362",639,1.83417663495077
"24363",638,1.83417663495077
"24364",637,1.8353599017615
"24365",636,1.8353599017615
"24366",635,1.8353599017615
"24367",634,1.8353599017615
"24368",633,1.8353599017615
"24369",632,1.83783851343891
"24370",631,1.83999869514249
"24371",630,1.84230481900425
"24372",629,1.8436489089263
"24373",628,1.84279473633727
"24374",627,1.83954067180217
"24375",626,1.83165082660145
"24376",625,1.822070697415
"24377",624,1.80619129383982
"24378",623,1.7903891037988
"24379",622,1.77222691055887
"24380",621,1.76228981557631
"24381",620,1.75189164374729
"24382",619,1.75189164374729
"24383",618,1.75189164374729
"24384",617,1.75715504268142
"24385",616,1.76228981557631
"24386",615,1.76733141693605
"24387",614,1.77698198802827
"24388",613,1.78159833632469
"24389",612,1.78605254835637
"24390",611,1.78605254835637
"24391",610,1.78605254835637
"24392",609,1.78605254835637
"24393",608,1.78605254835637
"24394",607,1.78605254835637
"24395",606,1.78605254835637
"24396",605,1.7903891037988
"24397",604,1.79458304554803
"24398",603,1.79458304554803
"24399",602,1.79858989778611
"24400",601,1.79858989778611
"24401",600,1.79858989778611
"24402",599,1.80248717332472
"24403",598,1.80619129383982
"24404",597,1.81626152631283
"24405",596,1.82720007286458
"24406",595,1.83528727744479
"24407",594,1.84056080546179
"24408",593,1.84200526951028
"24409",592,1.84185079010887
"24410",591,1.84037389954408
"24411",590,1.83671415514133
"24412",589,1.8327530155067
"24413",588,1.82956328633524
"24414",587,1.82391514056962
"24415",586,1.81473688506955
"24416",585,1.80657023774129
"24417",584,1.79382078137026
"24418",583,1.78292216128628
"24419",582,1.76658486680652
"24420",581,1.74846802956604
"24421",580,1.73392616229562
"24422",579,1.71357135824505
"24423",578,1.70313647274725
"24424",577,1.69259908194563
"24425",576,1.68731667943967
"24426",575,1.68731667943967
"24427",574,1.6979819390199
"24428",573,1.71925639463529
"24429",572,1.73972242229068
"24430",571,1.75887904817643
"24431",570,1.78038561848859
"24432",569,1.79171731135727
"24433",568,1.80186390893173
"24434",567,1.81074463939903
"24435",566,1.8160607518343
"24436",565,1.82082507001741
"24437",564,1.82516219077873
"24438",563,1.83072431214774
"24439",562,1.83665258605354
"24440",561,1.84084641133574
"24441",560,1.84350987900115
"24442",559,1.84279473633727
"24443",558,1.83832249500156
"24444",557,1.82720007286458
"24445",556,1.81308037758354
"24446",555,1.79458304554803
"24447",554,1.76733141693605
"24448",553,1.74103819216928
"24449",552,1.71816196553497
"24450",551,1.69385821897276
"24451",550,1.6812839446173
"24452",549,1.66845503595803
"24453",548,1.65538712589883
"24454",547,1.6353072211347
"24455",546,1.61481750676823
"24456",545,1.59398365682631
"24457",544,1.56578795131926
"24458",543,1.530243536821
"24459",542,1.50194019825349
"24460",541,1.47400400577853
"24461",540,1.44674026020277
"24462",539,1.42692862777839
"24463",538,1.41406957869912
"24464",537,1.4014541604522
"24465",536,1.39530556842307
"24466",535,1.39530556842307
"24467",534,1.39530556842307
"24468",533,1.39530556842307
"24469",532,1.38921685604662
"24470",531,1.38319813406717
"24471",530,1.37137459101822
"24472",529,1.34885663835434
"24473",528,1.32769953973599
"24474",527,1.30310599203063
"24475",526,1.28052220401777
"24476",525,1.26386205144192
"24477",524,1.24852074464346
"24478",523,1.23783295891951
"24479",522,1.23117725329542
"24480",521,1.22796850606781
"24481",520,1.22485759525197
"24482",519,1.22181700509286
"24483",518,1.21601116620383
"24484",517,1.21060580903126
"24485",516,1.20560510296688
"24486",515,1.19687949905646
"24487",514,1.19151315686487
"24488",513,1.18602998535024
"24489",512,1.18318718852745
"24490",511,1.18145997753409
"24491",510,1.18090443352265
"24492",509,1.18107529989264
"24493",508,1.18230265190203
"24494",507,1.18454326230307
"24495",506,1.18881216841517
"24496",505,1.19439284859586
"24497",504,1.19906286003875
"24498",503,1.20567577102618
"24499",502,1.21216752531272
"24500",501,1.21652872613009
"24501",500,1.22010584558109
"24502",499,1.22200318834521
"24503",498,1.22347631843675
"24504",497,1.22440742914372
"24505",496,1.22472071152929
"24506",495,1.22302035724134
"24507",494,1.21735287826545
"24508",493,1.20802511723491
"24509",492,1.19579763590695
"24510",491,1.18455134280629
"24511",490,1.17269254582242
"24512",489,1.16971322466491
"24513",488,1.16674331971044
"24514",487,1.16971322466491
"24515",486,1.17269254582242
"24516",485,1.17571304351005
"24517",484,1.17869531346737
"24518",483,1.17571304351005
"24519",482,1.17269254582242
"24520",481,1.16971322466491
"24521",480,1.16674331971044
"24522",479,1.16674331971044
"24523",478,1.16375431875409
"24524",477,1.15792520918091
"24525",476,1.15233869592288
"24526",475,1.14435561368307
"24527",474,1.13724411691619
"24528",473,1.13109532306483
"24529",472,1.12761826186384
"24530",471,1.12460186296985
"24531",470,1.12224222755745
"24532",469,1.12121360348337
"24533",468,1.11901940360819
"24534",467,1.11832976476812
"24535",466,1.11832976476812
"24536",465,1.11832976476812
"24537",464,1.11832976476812
"24538",463,1.11832976476812
"24539",462,1.1191080842432
"24540",461,1.11869562863289
"24541",460,1.11839821959279
"24542",459,1.11825215404115
"24543",458,1.11819522989326
"24544",457,1.11851466747592
"24545",456,1.11881878657057
"24546",455,1.11975838029467
"24547",454,1.12033816190137
"24548",453,1.12101688395654
"24549",452,1.12101688395654
"24550",451,1.12179544698316
"24551",450,1.12179544698316
"24552",449,1.12179544698316
"24553",448,1.12261225963736
"24554",447,1.12342909916161
"24555",446,1.1243534247807
"24556",445,1.12528055576043
"24557",444,1.12618003322042
"24558",443,1.12711703196204
"24559",442,1.12801857671429
"24560",441,1.1297522353372
"24561",440,1.13054794194373
"24562",439,1.13188763003761
"24563",438,1.13349077598938
"24564",437,1.13400702581264
"24565",436,1.13400702581264
"24566",435,1.13286135091827
"24567",434,1.13286135091827
"24568",433,1.13286135091827
"24569",432,1.13312638013639
"24570",431,1.13333519076084
"24571",430,1.13291533508334
"24572",429,1.13171840728986
"24573",428,1.12842241418874
"24574",427,1.12302809684758
"24575",426,1.11554442433795
"24576",425,1.10443157306046
"24577",424,1.08696040782774
"24578",423,1.06581932566874
"24579",422,1.04154785368484
"24580",421,1.02160379743005
"24581",420,0.999567814188862
"24582",419,0.985198261312363
"24583",418,0.970453661062645
"24584",417,0.962986006143838
"24585",416,0.962986006143838
"24586",415,0.970453661062645
"24587",414,0.977827328741886
"24588",413,0.99330390874879
"24589",412,1.00664800362538
"24590",411,1.02038990989807
"24591",410,1.03506841656171
"24592",409,1.04005289188312
"24593",408,1.04788796780451
"24594",407,1.05235953223426
"24595",406,1.0462702600552
"24596",405,1.04005289188312
"24597",404,1.03363767392147
"24598",403,1.02707281076548
"24599",402,1.02707281076548
"24600",401,1.02707281076548
"24601",400,1.04005289188312
"24602",399,1.05235953223426
"24603",398,1.06393708081648
"24604",397,1.0747973990811
"24605",396,1.07990519305659
"24606",395,1.08478634018906
"24607",394,1.08949680062823
"24608",393,1.09810622924028
"24609",392,1.10210652067711
"24610",391,1.10929636727264
"24611",390,1.11554442433795
"24612",389,1.11828554926439
"24613",388,1.12076902867832
"24614",387,1.11828554926439
"24615",386,1.11554442433795
"24616",385,1.10929636727264
"24617",384,1.10582428048245
"24618",383,1.10210652067711
"24619",382,1.10443157306046
"24620",381,1.10210652067711
"24621",380,1.10929636727264
"24622",379,1.11254400679096
"24623",378,1.11828554926439
"24624",377,1.12076902867832
"24625",376,1.12504498879902
"24626",375,1.12680454557346
"24627",374,1.12971820807361
"24628",373,1.13080336443018
"24629",372,1.13171840728986
"24630",371,1.13171840728986
"24631",370,1.13241329685152
"24632",369,1.13241329685152
"24633",368,1.13241329685152
"24634",367,1.13241329685152
"24635",366,1.13241329685152
"24636",365,1.13171840728986
"24637",364,1.13171840728986
"24638",363,1.13241329685152
"24639",362,1.13291533508334
"24640",361,1.13336625459762
"24641",360,1.13312638013639
"24642",359,1.13188763003761
"24643",358,1.13054794194373
"24644",357,1.1289116975979
"24645",356,1.12711703196204
"24646",355,1.12528055576043
"24647",354,1.12528055576043
"24648",353,1.1243534247807
"24649",352,1.12342909916161
"24650",351,1.12261225963736
"24651",350,1.12179544698316
"24652",349,1.12033816190137
"24653",348,1.11881878657057
"24654",347,1.11819522989326
"24655",346,1.11839821959279
"24656",345,1.11869562863289
"24657",344,1.11869562863289
"24658",343,1.11825215404115
"24659",342,1.11830167888214
"24660",341,1.11881878657057
"24661",340,1.11975838029467
"24662",339,1.12033816190137
"24663",338,1.12033816190137
"24664",337,1.12033816190137
"24665",336,1.12033816190137
"24666",335,1.12101688395654
"24667",334,1.12179544698316
"24668",333,1.1243534247807
"24669",332,1.12801857671429
"24670",331,1.13054794194373
"24671",330,1.13286135091827
"24672",329,1.13320635647413
"24673",328,1.13080336443018
"24674",327,1.12842241418874
"24675",326,1.12680454557346
"24676",325,1.12504498879902
"24677",324,1.12504498879902
"24678",323,1.12680454557346
"24679",322,1.12680454557346
"24680",321,1.12302809684758
"24681",320,1.11828554926439
"24682",319,1.11254400679096
"24683",318,1.09810622924028
"24684",317,1.0747973990811
"24685",316,1.05235953223426
"24686",315,1.02038990989807
"24687",314,0.992429098105419
"24688",313,0.962986006143838
"24689",312,0.940306020313202
"24690",311,0.909765180786709
"24691",310,0.879332559877418
"24692",309,0.842358303263855
"24693",308,0.814349320392304
"24694",307,0.78839112903406
"24695",306,0.765019457018735
"24696",305,0.749490261302927
"24697",304,0.735886225659161
"24698",303,0.724294553342306
"24699",302,0.71200386085084
"24700",301,0.705173231117596
"24701",300,0.701664627395294
"24702",299,0.698968152059593
"24703",298,0.696980735454163
"24704",297,0.696265195518482
"24705",296,0.695325254567384
"24706",295,0.695072111443861
"24707",294,0.694926223476877
"24708",293,0.695637484057445
"24709",292,0.697083170597082
"24710",291,0.698990227238477
"24711",290,0.701881971416429
"24712",289,0.704573462356916
"24713",288,0.706532970574894
"24714",287,0.707384940232945
"24715",286,0.707176407515422
"24716",285,0.705576756293954
"24717",284,0.70241135734523
"24718",283,0.696261258820567
"24719",282,0.687676384780417
"24720",281,0.679180593174138
"24721",280,0.666430329067713
"24722",279,0.654464893730433
"24723",278,0.640759374741089
"24724",277,0.633245073327907
"24725",276,0.629316209309678
"24726",275,0.629316209309678
"24727",274,0.629316209309678
"24728",273,0.629316209309678
"24729",272,0.625271637768657
"24730",271,0.616840484701497
"24731",270,0.607937924461757
"24732",269,0.593703968080963
"24733",268,0.583643920742074
"24734",267,0.567696986281248
"24735",266,0.545047786852375
"24736",265,0.527121754052046
"24737",264,0.50911647180643
"24738",263,0.489861781182205
"24739",262,0.470215371254295
"24740",261,0.450312818818884
"24741",260,0.430370993279067
"24742",259,0.410475989818056
"24743",258,0.390706481905823
"24744",257,0.371216623946074
"24745",256,0.352047886407263
"24746",255,0.327145125014922
"24747",254,0.309028577478032
"24748",253,0.285650515663783
"24749",252,0.268773877130096
"24750",251,0.252506866830418
"24751",250,0.242005135093028
"24752",249,0.231762697188571
"24753",248,0.226721958654699
"24754",247,0.226721958654699
"24755",246,0.231762697188571
"24756",245,0.231762697188571
"24757",244,0.231762697188571
"24758",243,0.231762697188571
"24759",242,0.226721958654699
"24760",241,0.216906315188006
"24761",240,0.207367205694428
"24762",239,0.198059644242477
"24763",238,0.189086699008892
"24764",237,0.184705958271146
"24765",236,0.180376937131853
"24766",235,0.176129089141544
"24767",234,0.176129089141544
"24768",233,0.180376937131853
"24769",232,0.193537987919238
"24770",231,0.207367205694428
"24771",230,0.226721958654699
"24772",229,0.247222687547304
"24773",228,0.268773877130096
"24774",227,0.291438090746889
"24775",226,0.315005225314057
"24776",225,0.339963795216703
"24777",224,0.365169013384793
"24778",223,0.390976718164424
"24779",222,0.423802483690858
"24780",221,0.456817999723709
"24781",220,0.483001517298146
"24782",219,0.514810387942619
"24783",218,0.533163311651674
"24784",217,0.545047786852375
"24785",216,0.550851410848619
"24786",215,0.556573168672044
"24787",214,0.562179854679141
"24788",213,0.567696986281248
"24789",212,0.578441935193017
"24790",211,0.588725102321237
"24791",210,0.603296238329578
"24792",209,0.616840484701497
"24793",208,0.629316209309678
"24794",207,0.637069432563765
"24795",206,0.644335988636426
"24796",205,0.644335988636426
"24797",204,0.644335988636426
"24798",203,0.644335988636426
"24799",202,0.640759374741089
"24800",201,0.637069432563765
"24801",200,0.633245073327907
"24802",199,0.625271637768657
"24803",198,0.612453232160472
"24804",197,0.598558167481068
"24805",196,0.583643920742074
"24806",195,0.56869146333521
"24807",194,0.557480104168366
"24808",193,0.545047786852375
"24809",192,0.539136933858443
"24810",191,0.545047786852375
"24811",190,0.556573168672044
"24812",189,0.578441935193017
"24813",188,0.593703968080963
"24814",187,0.607937924461757
"24815",186,0.621119698559907
"24816",185,0.633245073327907
"24817",184,0.640759374741089
"24818",183,0.651213205892631
"24819",182,0.657609779133468
"24820",181,0.660659818163305
"24821",180,0.660659818163305
"24822",179,0.654464893730433
"24823",178,0.647853136826129
"24824",177,0.637069432563765
"24825",176,0.625271637768657
"24826",175,0.621119698559907
"24827",174,0.621119698559907
"24828",173,0.629316209309678
"24829",172,0.640759374741089
"24830",171,0.657609779133468
"24831",170,0.671832555114582
"24832",169,0.685706059286844
"24833",168,0.694736136746934
"24834",167,0.701386752250834
"24835",166,0.704945794760448
"24836",165,0.707176407515422
"24837",164,0.707288805579481
"24838",163,0.706532970574894
"24839",162,0.705154986889999
"24840",161,0.703292712443503
"24841",160,0.702608812627404
"24842",159,0.703292712443503
"24843",158,0.704573462356916
"24844",157,0.706532970574894
"24845",156,0.707336993296924
"24846",155,0.703347532712986
"24847",154,0.691422466830303
"24848",153,0.671832555114582
"24849",152,0.644335988636426
"24850",151,0.616840484701497
"24851",150,0.588725102321237
"24852",149,0.567696986281248
"24853",148,0.556573168672044
"24854",147,0.545047786852375
"24855",146,0.533163311651674
"24856",145,0.527121754052046
"24857",144,0.50855170862559
"24858",143,0.489463346290405
"24859",142,0.456817999723709
"24860",141,0.417210648561046
"24861",140,0.377995903709899
"24862",139,0.339963795216703
"24863",138,0.303660444730783
"24864",137,0.280545578652323
"24865",136,0.258485348532937
"24866",135,0.242641502868075
"24867",134,0.227368830441278
"24868",133,0.222430923895817
"24869",132,0.216906315188006
"24870",131,0.212102007218501
"24871",130,0.212102007218501
"24872",129,0.216906315188006
"24873",128,0.212102007218501
"24874",127,0.212102007218501
"24875",126,0.202682664439928
"24876",125,0.193537987919238
"24877",124,0.184705958271146
"24878",123,0.176129089141544
"24879",122,0.176799228826928
"24880",121,0.176799228826928
"24881",120,0.184705958271146
"24882",119,0.193537987919238
"24883",118,0.212102007218501
"24884",117,0.232418432826312
"24885",116,0.253131536507473
"24886",115,0.279948290787869
"24887",114,0.303660444730783
"24888",113,0.321037677597803
"24889",112,0.339963795216703
"24890",111,0.346198343102973
"24891",110,0.352468770846715
"24892",109,0.352468770846715
"24893",108,0.346198343102973
"24894",107,0.339963795216703
"24895",106,0.333777924355892
"24896",105,0.327652324910791
"24897",104,0.321578402107761
"24898",103,0.321578402107761
"24899",102,0.315529869396611
"24900",101,0.321578402107761
"24901",100,0.321578402107761
"24902",99,0.327652324910791
"24903",98,0.333777924355892
"24904",97,0.339963795216703
"24905",96,0.339963795216703
"24906",95,0.339963795216703
"24907",94,0.333777924355892
"24908",93,0.327652324910791
"24909",92,0.327652324910791
"24910",91,0.321578402107761
"24911",90,0.327145125014922
"24912",89,0.333297840834471
"24913",88,0.339502092897137
"24914",87,0.345755924122646
"24915",86,0.352047886407263
"24916",85,0.345755924122646
"24917",84,0.339502092897137
"24918",83,0.327145125014922
"24919",82,0.321037677597803
"24920",81,0.315005225314057
"24921",80,0.321037677597803
"24922",79,0.327145125014922
"24923",78,0.339502092897137
"24924",77,0.352047886407263
"24925",76,0.358395214824305
"24926",75,0.358793054137648
"24927",74,0.358793054137648
"24928",73,0.346198343102973
"24929",72,0.327652324910791
"24930",71,0.303660444730783
"24931",70,0.286252306276122
"24932",69,0.274934983351615
"24933",68,0.263904151202803
"24934",67,0.263904151202803
"24935",66,0.269387720816266
"24936",65,0.274329330870576
"24937",64,0.280545578652323
"24938",63,0.274329330870576
"24939",62,0.268773877130096
"24940",61,0.257867176809253
"24941",60,0.242005135093028
"24942",59,0.226721958654699
"24943",58,0.207367205694428
"24944",57,0.198059644242477
"24945",56,0.189755071083983
"24946",55,0.189086699008892
"24947",54,0.184705958271146
"24948",53,0.189755071083983
"24949",52,0.185375645679718
"24950",51,0.181046664462843
"24951",50,0.176799228826928
"24952",49,0.17263257291003
"24953",48,0.17263257291003
"24954",47,0.176799228826928
"24955",46,0.189755071083983
"24956",45,0.202682664439928
"24957",44,0.222430923895817
"24958",43,0.242641502868075
"24959",42,0.258485348532937
"24960",41,0.274934983351615
"24961",40,0.286252306276122
"24962",39,0.29201157388883
"24963",38,0.291438090746889
"24964",37,0.297811309748239
"24965",36,0.303660444730783
"24966",35,0.315529869396611
"24967",34,0.333777924355892
"24968",33,0.352468770846715
"24969",32,0.371564608863946
"24970",31,0.390976718164424
"24971",30,0.404054700033388
"24972",29,0.423802483690858
"24973",28,0.430370993279067
"24974",27,0.443611950555988
"24975",26,0.463395118158067
"24976",25,0.483001517298146
"24977",24,0.50855170862559
"24978",23,0.527121754052046
"24979",22,0.550851410848619
"24980",21,0.562179854679141
"24981",20,0.567696986281248
"24982",19,0.573131378022818
"24983",18,0.567696986281248
"24984",17,0.562179854679141
"24985",16,0.556573168672044
"24986",15,0.550851410848619
"24987",14,0.550851410848619
"24988",13,0.555578417945463
"24989",12,0.566630418667748
"24990",11,0.5824950683671
"24991",10,0.602093900625088
"24992",9,0.619895486661385
"24993",8,0.635874279510828
"24994",7,0.646701911127384
"24995",6,0.659567899387265
"24996",5,0.668146469710645
"24997",4,0.673353633937259
"24998",3,0.680456845445149
"24999",2,0.684715558562035
"25000",1,0.688638654106842
"25001",0,0.692125216057865
